contact_id,first_name,last_name,email,job_title,company_id,region,phone,is_primary,created_date,full_name
CON00001,Maria,Smith,maria.smith1@c0272.com,Data Manager,C0272,Latin America,+1-249-666-8091,False,2022-10-02,Maria Smith
CON00002,Luis,Kumar,luis.kumar2@c0472.com,CFO,C0472,APAC,+1-908-692-3845,False,2022-07-03,Luis Kumar
CON00003,Daniel,Jackson,daniel.jackson3@c0337.com,Procurement Manager,C0337,Europe,+1-820-429-9259,False,2022-09-16,Daniel Jackson
CON00004,Charlotte,Wilson,charlotte.wilson4@c0204.com,Head of IT,C0204,North America,+1-501-563-3185,True,2022-11-02,Charlotte Wilson
CON00005,Luis,Taylor,luis.taylor5@c0432.com,Data Manager,C0432,Europe,+1-760-981-6143,False,2022-10-20,Luis Taylor
CON00006,Mia,Miller,mia.miller6@c0108.com,Procurement Manager,C0108,APAC,+1-931-397-6657,False,2022-07-04,Mia Miller
CON00007,Isabella,Thompson,isabella.thompson7@c0278.com,Data Manager,C0278,APAC,+1-852-430-2890,False,2022-10-22,Isabella Thompson
CON00008,Carlos,Okafor,carlos.okafor8@c0293.com,IT Manager,C0293,Middle East & Africa,+1-927-527-9747,True,2022-09-17,Carlos Okafor
CON00009,James,Thompson,james.thompson9@c0055.com,CEO,C0055,APAC,+1-590-248-1869,False,2022-07-22,James Thompson
CON00010,Amelia,Kumar,amelia.kumar10@c0403.com,CFO,C0403,APAC,+1-493-799-5105,True,2022-06-16,Amelia Kumar
CON00011,Ryan,Miller,ryan.miller11@c0386.com,Operations Manager,C0386,Latin America,+1-233-467-8415,True,2022-11-20,Ryan Miller
CON00012,Andrew,Patel,andrew.patel12@c0332.com,Operations Manager,C0332,Middle East & Africa,+1-598-343-9370,False,2022-12-22,Andrew Patel
CON00013,Ryan,Ibrahim,ryan.ibrahim13@c0341.com,CEO,C0341,Europe,+1-590-496-7825,False,2022-11-23,Ryan Ibrahim
CON00014,Kwame,Moore,kwame.moore14@c0028.com,CEO,C0028,Middle East & Africa,+1-961-357-4327,False,2022-12-17,Kwame Moore
CON00015,Raj,Herrera,raj.herrera15@c0116.com,IT Manager,C0116,Latin America,+1-921-826-7025,False,2022-10-18,Raj Herrera
CON00016,Joshua,Kumar,joshua.kumar16@c0372.com,VP Sales,C0372,Middle East & Africa,+1-501-559-3906,False,2022-06-20,Joshua Kumar
CON00017,Isabella,Garcia,isabella.garcia17@c0377.com,Operations Manager,C0377,Latin America,+1-322-486-1665,False,2022-10-21,Isabella Garcia
CON00018,Ethan,Jones,ethan.jones18@c0083.com,Procurement Manager,C0083,Middle East & Africa,+1-461-105-6415,False,2022-07-10,Ethan Jones
CON00019,Michael,Jones,michael.jones19@c0476.com,Head of IT,C0476,Middle East & Africa,+1-811-152-5934,False,2022-10-25,Michael Jones
CON00020,Chidi,Williams,chidi.williams20@c0402.com,Data Manager,C0402,Latin America,+1-525-638-4603,False,2022-10-12,Chidi Williams
CON00021,David,Sharma,david.sharma21@c0259.com,CFO,C0259,APAC,+1-625-656-9798,False,2022-08-29,David Sharma
CON00022,Andrew,Nguyen,andrew.nguyen22@c0110.com,IT Manager,C0110,Europe,+1-539-439-6911,True,2022-12-10,Andrew Nguyen
CON00023,Ana,Martin,ana.martin23@c0288.com,IT Manager,C0288,Middle East & Africa,+1-209-217-6668,False,2022-11-12,Ana Martin
CON00024,Charlotte,Johnson,charlotte.johnson24@c0350.com,Head of IT,C0350,Europe,+1-590-915-2857,False,2022-10-17,Charlotte Johnson
CON00025,Ryan,Smith,ryan.smith25@c0467.com,Operations Manager,C0467,North America,+1-988-483-9426,False,2022-09-23,Ryan Smith
CON00026,Maria,Johnson,maria.johnson26@c0152.com,IT Manager,C0152,APAC,+1-397-428-9419,True,2022-06-25,Maria Johnson
CON00027,Matthew,Kumar,matthew.kumar27@c0276.com,Operations Manager,C0276,Europe,+1-207-741-2072,True,2022-11-09,Matthew Kumar
CON00028,Mia,Lopez,mia.lopez28@c0351.com,Director of Engineering,C0351,Middle East & Africa,+1-306-310-9810,False,2022-12-07,Mia Lopez
CON00029,Priya,Nwosu,priya.nwosu29@c0419.com,CTO,C0419,Latin America,+1-964-802-3519,True,2022-12-01,Priya Nwosu
CON00030,Adaeze,Johnson,adaeze.johnson30@c0045.com,CTO,C0045,Europe,+1-255-282-5127,False,2022-10-26,Adaeze Johnson
CON00031,Andrew,Chen,andrew.chen31@c0133.com,Director of Engineering,C0133,APAC,+1-597-561-7626,False,2022-06-05,Andrew Chen
CON00032,Emeka,Adeleke,emeka.adeleke32@c0061.com,Operations Manager,C0061,Europe,+1-206-756-2036,False,2022-10-28,Emeka Adeleke
CON00033,Michael,Ibrahim,michael.ibrahim33@c0435.com,CTO,C0435,North America,+1-566-614-2738,True,2022-11-23,Michael Ibrahim
CON00034,Harper,Eze,harper.eze34@c0045.com,VP Operations,C0045,Europe,+1-983-548-7249,False,2022-11-17,Harper Eze
CON00035,Sarah,Martin,sarah.martin35@c0081.com,Operations Manager,C0081,Europe,+1-425-239-7406,False,2022-10-18,Sarah Martin
CON00036,Ryan,Nwosu,ryan.nwosu36@c0074.com,VP Operations,C0074,Europe,+1-893-914-7113,False,2022-06-03,Ryan Nwosu
CON00037,Ava,Brown,ava.brown37@c0022.com,CEO,C0022,Europe,+1-786-710-7456,False,2022-06-22,Ava Brown
CON00038,Harper,Miller,harper.miller38@c0384.com,Data Manager,C0384,Latin America,+1-943-452-4469,False,2022-11-13,Harper Miller
CON00039,Luis,Jones,luis.jones39@c0083.com,CFO,C0083,Middle East & Africa,+1-426-731-5140,True,2022-07-17,Luis Jones
CON00040,Emma,Lopez,emma.lopez40@c0385.com,Operations Manager,C0385,North America,+1-672-760-2198,True,2022-06-18,Emma Lopez
CON00041,Ethan,Brown,ethan.brown41@c0102.com,Data Manager,C0102,Europe,+1-794-598-6420,False,2022-11-19,Ethan Brown
CON00042,Charlotte,Brown,charlotte.brown42@c0146.com,Procurement Manager,C0146,Europe,+1-271-298-6206,False,2022-08-24,Charlotte Brown
CON00043,Harper,Ibrahim,harper.ibrahim43@c0300.com,CFO,C0300,North America,+1-779-680-6971,False,2022-09-18,Harper Ibrahim
CON00044,Matthew,Smith,matthew.smith44@c0161.com,VP Sales,C0161,Europe,+1-426-829-8145,True,2022-09-01,Matthew Smith
CON00045,Chris,Adeleke,chris.adeleke45@c0376.com,Head of IT,C0376,APAC,+1-691-573-8296,False,2022-08-18,Chris Adeleke
CON00046,Maria,Moore,maria.moore46@c0056.com,CFO,C0056,Europe,+1-861-721-2343,False,2022-12-29,Maria Moore
CON00047,Chris,Nguyen,chris.nguyen47@c0276.com,VP Sales,C0276,Europe,+1-469-851-2252,False,2022-06-05,Chris Nguyen
CON00048,Luis,Nwosu,luis.nwosu48@c0016.com,Procurement Manager,C0016,North America,+1-792-514-4485,False,2022-10-20,Luis Nwosu
CON00049,Ethan,Moore,ethan.moore49@c0458.com,Operations Manager,C0458,Middle East & Africa,+1-683-769-3435,False,2022-07-28,Ethan Moore
CON00050,Ryan,Jones,ryan.jones50@c0238.com,Operations Manager,C0238,Latin America,+1-722-192-7500,False,2022-06-03,Ryan Jones
CON00051,Charlotte,Lopez,charlotte.lopez51@c0494.com,Procurement Manager,C0494,Middle East & Africa,+1-900-269-9423,True,2022-07-11,Charlotte Lopez
CON00052,Isabella,Okafor,isabella.okafor52@c0486.com,Procurement Manager,C0486,North America,+1-875-993-3395,False,2022-10-02,Isabella Okafor
CON00053,Chidi,Johnson,chidi.johnson53@c0113.com,Product Manager,C0113,APAC,+1-437-164-5331,False,2022-06-11,Chidi Johnson
CON00054,Mia,Thompson,mia.thompson54@c0465.com,Head of IT,C0465,Middle East & Africa,+1-597-580-8448,False,2022-06-11,Mia Thompson
CON00055,Kwame,Brown,kwame.brown55@c0361.com,Operations Manager,C0361,Europe,+1-848-949-5480,False,2022-08-07,Kwame Brown
CON00056,Isabella,Jackson,isabella.jackson56@c0335.com,Director of Engineering,C0335,Latin America,+1-574-701-2275,False,2022-09-05,Isabella Jackson
CON00057,Andrew,Thompson,andrew.thompson57@c0208.com,Head of IT,C0208,APAC,+1-553-598-8898,False,2022-06-02,Andrew Thompson
CON00058,Luis,Nguyen,luis.nguyen58@c0072.com,Product Manager,C0072,Latin America,+1-369-335-2263,False,2022-08-11,Luis Nguyen
CON00059,Mia,Jones,mia.jones59@c0096.com,CFO,C0096,Middle East & Africa,+1-570-716-2938,False,2022-09-15,Mia Jones
CON00060,Adaeze,Patel,adaeze.patel60@c0059.com,Product Manager,C0059,Europe,+1-891-590-8848,True,2022-07-12,Adaeze Patel
CON00061,Yusuf,Smith,yusuf.smith61@c0125.com,CEO,C0125,North America,+1-330-687-3639,True,2022-10-10,Yusuf Smith
CON00062,Michael,Nguyen,michael.nguyen62@c0294.com,CFO,C0294,Latin America,+1-257-270-5231,False,2022-10-11,Michael Nguyen
CON00063,Fatima,Eze,fatima.eze63@c0497.com,Procurement Manager,C0497,APAC,+1-852-119-5644,False,2022-07-26,Fatima Eze
CON00064,Raj,Eze,raj.eze64@c0242.com,Product Manager,C0242,Middle East & Africa,+1-374-324-7730,False,2022-12-21,Raj Eze
CON00065,Isabella,Eze,isabella.eze65@c0338.com,Operations Manager,C0338,Middle East & Africa,+1-470-271-6614,False,2022-10-31,Isabella Eze
CON00066,David,Davis,david.davis66@c0194.com,Director of Engineering,C0194,Latin America,+1-335-211-1271,True,2022-10-08,David Davis
CON00067,Yusuf,Herrera,yusuf.herrera67@c0077.com,Procurement Manager,C0077,Europe,+1-298-281-8796,False,2022-11-01,Yusuf Herrera
CON00068,Michael,Nguyen,michael.nguyen68@c0402.com,Operations Manager,C0402,Latin America,+1-715-870-2925,True,2022-11-16,Michael Nguyen
CON00069,Chris,Nguyen,chris.nguyen69@c0309.com,Operations Manager,C0309,Europe,+1-201-893-8069,False,2022-09-03,Chris Nguyen
CON00070,Michael,Ibrahim,michael.ibrahim70@c0272.com,Director of Engineering,C0272,Latin America,+1-434-921-8899,False,2022-09-06,Michael Ibrahim
CON00071,Chidi,Okafor,chidi.okafor71@c0412.com,Data Manager,C0412,APAC,+1-979-957-2600,False,2022-08-05,Chidi Okafor
CON00072,Carlos,Kumar,carlos.kumar72@c0120.com,CTO,C0120,Latin America,+1-490-712-9908,False,2022-07-19,Carlos Kumar
CON00073,James,Ibrahim,james.ibrahim73@c0381.com,CEO,C0381,Middle East & Africa,+1-791-635-2930,False,2022-09-05,James Ibrahim
CON00074,Mia,Ibrahim,mia.ibrahim74@c0412.com,Head of IT,C0412,APAC,+1-618-470-2746,True,2022-11-14,Mia Ibrahim
CON00075,Ethan,Wilson,ethan.wilson75@c0438.com,Operations Manager,C0438,Latin America,+1-633-678-6990,False,2022-11-22,Ethan Wilson
CON00076,Fatima,Kumar,fatima.kumar76@c0105.com,Director of Engineering,C0105,Latin America,+1-765-902-8904,True,2022-10-22,Fatima Kumar
CON00077,Carlos,Wilson,carlos.wilson77@c0158.com,Procurement Manager,C0158,APAC,+1-552-892-7522,False,2022-11-16,Carlos Wilson
CON00078,Sophia,Patel,sophia.patel78@c0118.com,Product Manager,C0118,Latin America,+1-916-265-2642,True,2022-09-11,Sophia Patel
CON00079,Adaeze,Sharma,adaeze.sharma79@c0282.com,Procurement Manager,C0282,APAC,+1-913-800-1852,True,2022-11-10,Adaeze Sharma
CON00080,James,Sharma,james.sharma80@c0047.com,CFO,C0047,Europe,+1-682-714-8133,True,2022-08-07,James Sharma
CON00081,Andrew,Thomas,andrew.thomas81@c0041.com,Procurement Manager,C0041,APAC,+1-238-841-7296,False,2022-09-11,Andrew Thomas
CON00082,Ana,Taylor,ana.taylor82@c0365.com,Procurement Manager,C0365,North America,+1-258-892-3871,False,2022-09-21,Ana Taylor
CON00083,James,Miller,james.miller83@c0436.com,IT Manager,C0436,Middle East & Africa,+1-730-392-4190,True,2022-11-01,James Miller
CON00084,Luis,Thompson,luis.thompson84@c0358.com,VP Sales,C0358,North America,+1-829-273-1590,False,2022-11-15,Luis Thompson
CON00085,James,Garcia,james.garcia85@c0045.com,VP Operations,C0045,Europe,+1-998-509-6785,False,2022-09-12,James Garcia
CON00086,Joshua,Thompson,joshua.thompson86@c0008.com,Data Manager,C0008,Europe,+1-920-170-2477,False,2022-12-03,Joshua Thompson
CON00087,Chidi,Thomas,chidi.thomas87@c0494.com,VP Operations,C0494,Middle East & Africa,+1-431-720-4187,False,2022-09-12,Chidi Thomas
CON00088,James,Wilson,james.wilson88@c0090.com,Director of Engineering,C0090,North America,+1-718-209-2185,False,2022-08-27,James Wilson
CON00089,Sophia,Sharma,sophia.sharma89@c0263.com,VP Operations,C0263,Middle East & Africa,+1-750-932-5098,False,2022-09-05,Sophia Sharma
CON00090,Carlos,Kumar,carlos.kumar90@c0125.com,Head of IT,C0125,North America,+1-994-569-8548,False,2022-06-08,Carlos Kumar
CON00091,Carlos,Brown,carlos.brown91@c0133.com,CTO,C0133,APAC,+1-591-748-4610,False,2022-07-29,Carlos Brown
CON00092,Kwame,White,kwame.white92@c0490.com,Head of IT,C0490,Europe,+1-728-648-1159,False,2022-08-07,Kwame White
CON00093,Charlotte,Taylor,charlotte.taylor93@c0048.com,Director of Engineering,C0048,Europe,+1-889-866-6603,True,2022-07-16,Charlotte Taylor
CON00094,Carlos,Anderson,carlos.anderson94@c0182.com,VP Sales,C0182,North America,+1-787-375-3994,False,2022-11-22,Carlos Anderson
CON00095,Joshua,Martin,joshua.martin95@c0378.com,VP Sales,C0378,North America,+1-440-853-4965,False,2022-07-23,Joshua Martin
CON00096,Andrew,Miller,andrew.miller96@c0428.com,VP Sales,C0428,Latin America,+1-833-464-3555,False,2022-07-01,Andrew Miller
CON00097,Olivia,Adeleke,olivia.adeleke97@c0490.com,IT Manager,C0490,Europe,+1-704-728-1108,False,2022-10-17,Olivia Adeleke
CON00098,Michael,Lopez,michael.lopez98@c0247.com,Head of IT,C0247,Europe,+1-835-422-9066,False,2022-10-26,Michael Lopez
CON00099,Amelia,Martin,amelia.martin99@c0094.com,Operations Manager,C0094,Latin America,+1-486-507-4638,False,2022-07-03,Amelia Martin
CON00100,Emma,Thompson,emma.thompson100@c0410.com,Director of Engineering,C0410,APAC,+1-689-653-1533,False,2022-09-09,Emma Thompson
CON00101,Isabella,Harris,isabella.harris101@c0500.com,CTO,C0500,Latin America,+1-915-630-8537,False,2022-06-03,Isabella Harris
CON00102,James,Adeleke,james.adeleke102@c0108.com,Director of Engineering,C0108,APAC,+1-794-203-6331,False,2022-08-06,James Adeleke
CON00103,Isabella,Moore,isabella.moore103@c0135.com,VP Sales,C0135,APAC,+1-475-582-6621,False,2022-10-06,Isabella Moore
CON00104,Priya,Miller,priya.miller104@c0215.com,Data Manager,C0215,Latin America,+1-970-481-6981,False,2022-08-11,Priya Miller
CON00105,Raj,Garcia,raj.garcia105@c0293.com,CFO,C0293,Middle East & Africa,+1-789-802-4744,False,2022-12-02,Raj Garcia
CON00106,Amelia,Sharma,amelia.sharma106@c0121.com,Operations Manager,C0121,North America,+1-642-976-7240,True,2022-12-22,Amelia Sharma
CON00107,Ava,Martin,ava.martin107@c0413.com,CEO,C0413,Europe,+1-380-531-9185,True,2022-11-09,Ava Martin
CON00108,Ana,Moore,ana.moore108@c0369.com,Head of IT,C0369,North America,+1-698-407-5111,False,2022-10-24,Ana Moore
CON00109,Emma,Jackson,emma.jackson109@c0051.com,Data Manager,C0051,Europe,+1-367-161-4530,False,2022-09-30,Emma Jackson
CON00110,Daniel,Harris,daniel.harris110@c0382.com,Head of IT,C0382,Latin America,+1-466-469-6903,False,2022-12-25,Daniel Harris
CON00111,Ethan,Thomas,ethan.thomas111@c0011.com,Director of Engineering,C0011,Latin America,+1-324-459-4259,False,2022-11-14,Ethan Thomas
CON00112,Isabella,Kumar,isabella.kumar112@c0146.com,Head of IT,C0146,Europe,+1-532-789-9363,False,2022-12-06,Isabella Kumar
CON00113,Raj,Nguyen,raj.nguyen113@c0041.com,Director of Engineering,C0041,APAC,+1-828-393-8598,False,2022-07-08,Raj Nguyen
CON00114,Matthew,Nwosu,matthew.nwosu114@c0414.com,Head of IT,C0414,Middle East & Africa,+1-631-746-7631,False,2022-06-19,Matthew Nwosu
CON00115,Olivia,Garcia,olivia.garcia115@c0176.com,VP Sales,C0176,North America,+1-521-424-5773,False,2022-11-02,Olivia Garcia
CON00116,Fatima,Wilson,fatima.wilson116@c0455.com,Product Manager,C0455,APAC,+1-999-983-6950,False,2022-10-12,Fatima Wilson
CON00117,Raj,White,raj.white117@c0086.com,CFO,C0086,Middle East & Africa,+1-223-228-4844,False,2022-12-08,Raj White
CON00118,Olivia,Miller,olivia.miller118@c0086.com,Director of Engineering,C0086,Middle East & Africa,+1-305-197-2045,False,2022-09-30,Olivia Miller
CON00119,Emma,Smith,emma.smith119@c0395.com,Director of Engineering,C0395,North America,+1-736-883-2363,True,2022-11-06,Emma Smith
CON00120,Ava,Williams,ava.williams120@c0336.com,Director of Engineering,C0336,Middle East & Africa,+1-516-334-5053,False,2022-09-22,Ava Williams
CON00121,Chris,Jones,chris.jones121@c0270.com,CFO,C0270,North America,+1-229-135-6846,False,2022-08-23,Chris Jones
CON00122,Carlos,Harris,carlos.harris122@c0500.com,Operations Manager,C0500,Latin America,+1-478-661-8288,True,2022-11-26,Carlos Harris
CON00123,Isabella,Okafor,isabella.okafor123@c0306.com,Product Manager,C0306,Europe,+1-846-866-8126,False,2022-11-11,Isabella Okafor
CON00124,Harper,Chen,harper.chen124@c0178.com,Product Manager,C0178,North America,+1-752-332-2467,False,2022-09-02,Harper Chen
CON00125,Yusuf,Wilson,yusuf.wilson125@c0080.com,VP Operations,C0080,Middle East & Africa,+1-210-100-9574,False,2022-07-05,Yusuf Wilson
CON00126,Chidi,Taylor,chidi.taylor126@c0241.com,Operations Manager,C0241,APAC,+1-208-804-9059,False,2022-10-01,Chidi Taylor
CON00127,Harper,Smith,harper.smith127@c0393.com,Director of Engineering,C0393,Europe,+1-499-711-4788,False,2022-10-19,Harper Smith
CON00128,Ngozi,Miller,ngozi.miller128@c0211.com,Operations Manager,C0211,Europe,+1-647-504-5094,True,2022-12-06,Ngozi Miller
CON00129,Emeka,Herrera,emeka.herrera129@c0194.com,VP Sales,C0194,Latin America,+1-469-181-7917,False,2022-10-11,Emeka Herrera
CON00130,Amelia,Taylor,amelia.taylor130@c0333.com,Data Manager,C0333,North America,+1-744-928-5404,False,2022-06-18,Amelia Taylor
CON00131,Isabella,Jones,isabella.jones131@c0149.com,CTO,C0149,North America,+1-852-566-8418,True,2022-11-07,Isabella Jones
CON00132,Maria,Miller,maria.miller132@c0165.com,CEO,C0165,APAC,+1-355-150-9764,True,2022-06-27,Maria Miller
CON00133,Ryan,Wilson,ryan.wilson133@c0065.com,Data Manager,C0065,Latin America,+1-648-844-1134,True,2022-07-09,Ryan Wilson
CON00134,James,Martin,james.martin134@c0112.com,Head of IT,C0112,Europe,+1-630-419-9165,False,2022-09-27,James Martin
CON00135,Michael,Anderson,michael.anderson135@c0042.com,CFO,C0042,North America,+1-257-372-7429,True,2022-09-29,Michael Anderson
CON00136,Isabella,Miller,isabella.miller136@c0459.com,VP Operations,C0459,APAC,+1-590-948-1206,True,2022-12-14,Isabella Miller
CON00137,Charlotte,Jackson,charlotte.jackson137@c0395.com,Product Manager,C0395,North America,+1-453-855-1549,True,2022-12-06,Charlotte Jackson
CON00138,Daniel,Thompson,daniel.thompson138@c0341.com,VP Sales,C0341,Europe,+1-684-498-6113,False,2022-07-11,Daniel Thompson
CON00139,Michael,Patel,michael.patel139@c0480.com,Operations Manager,C0480,APAC,+1-733-225-5150,False,2022-08-16,Michael Patel
CON00140,Joshua,Thomas,joshua.thomas140@c0455.com,CEO,C0455,APAC,+1-882-323-2850,True,2022-09-20,Joshua Thomas
CON00141,Kwame,Smith,kwame.smith141@c0086.com,VP Operations,C0086,Middle East & Africa,+1-798-222-7484,False,2022-06-03,Kwame Smith
CON00142,Michael,Okafor,michael.okafor142@c0402.com,Data Manager,C0402,Latin America,+1-686-804-3539,False,2022-06-23,Michael Okafor
CON00143,Charlotte,Garcia,charlotte.garcia143@c0256.com,CTO,C0256,Latin America,+1-902-733-6544,False,2022-12-12,Charlotte Garcia
CON00144,Emma,Johnson,emma.johnson144@c0183.com,IT Manager,C0183,Latin America,+1-357-818-9787,False,2022-07-03,Emma Johnson
CON00145,Maria,Davis,maria.davis145@c0163.com,Operations Manager,C0163,APAC,+1-860-874-6690,False,2022-09-21,Maria Davis
CON00146,Joshua,Smith,joshua.smith146@c0353.com,Director of Engineering,C0353,Latin America,+1-566-841-3207,True,2022-06-11,Joshua Smith
CON00147,Maria,Ibrahim,maria.ibrahim147@c0225.com,Operations Manager,C0225,Europe,+1-501-655-9029,True,2022-07-18,Maria Ibrahim
CON00148,Chidi,Anderson,chidi.anderson148@c0375.com,Product Manager,C0375,Middle East & Africa,+1-481-988-3627,True,2022-07-10,Chidi Anderson
CON00149,Raj,Taylor,raj.taylor149@c0420.com,VP Operations,C0420,Latin America,+1-754-475-8439,True,2022-11-11,Raj Taylor
CON00150,Luis,Jackson,luis.jackson150@c0376.com,CFO,C0376,APAC,+1-219-734-6965,False,2022-08-01,Luis Jackson
CON00151,Kwame,Patel,kwame.patel151@c0033.com,IT Manager,C0033,Middle East & Africa,+1-751-938-7348,True,2022-11-22,Kwame Patel
CON00152,Maria,Kumar,maria.kumar152@c0283.com,CFO,C0283,Middle East & Africa,+1-827-389-6285,False,2022-08-22,Maria Kumar
CON00153,Sophia,Brown,sophia.brown153@c0268.com,IT Manager,C0268,Middle East & Africa,+1-268-144-3126,True,2022-06-09,Sophia Brown
CON00154,Joshua,Brown,joshua.brown154@c0249.com,VP Sales,C0249,Middle East & Africa,+1-301-132-7366,False,2022-10-13,Joshua Brown
CON00155,Ethan,Johnson,ethan.johnson155@c0188.com,VP Sales,C0188,Middle East & Africa,+1-820-835-2161,True,2022-07-24,Ethan Johnson
CON00156,Maria,Chen,maria.chen156@c0456.com,CTO,C0456,Latin America,+1-679-920-1994,False,2022-12-08,Maria Chen
CON00157,Yusuf,Herrera,yusuf.herrera157@c0189.com,Data Manager,C0189,Europe,+1-259-943-5355,False,2022-12-05,Yusuf Herrera
CON00158,David,Herrera,david.herrera158@c0156.com,CTO,C0156,APAC,+1-421-631-2591,True,2022-07-30,David Herrera
CON00159,Emeka,Miller,emeka.miller159@c0099.com,Operations Manager,C0099,Europe,+1-872-354-3931,False,2022-10-21,Emeka Miller
CON00160,Yusuf,Patel,yusuf.patel160@c0055.com,IT Manager,C0055,APAC,+1-790-466-8515,False,2022-09-18,Yusuf Patel
CON00161,Daniel,Garcia,daniel.garcia161@c0406.com,CFO,C0406,Middle East & Africa,+1-763-511-9268,False,2022-07-11,Daniel Garcia
CON00162,Raj,Chen,raj.chen162@c0181.com,Head of IT,C0181,North America,+1-763-432-7090,False,2022-11-10,Raj Chen
CON00163,Priya,Herrera,priya.herrera163@c0372.com,Head of IT,C0372,Middle East & Africa,+1-823-346-9939,True,2022-12-14,Priya Herrera
CON00164,Ethan,Thomas,ethan.thomas164@c0493.com,Product Manager,C0493,Latin America,+1-658-506-1003,False,2022-08-12,Ethan Thomas
CON00165,Sarah,Thompson,sarah.thompson165@c0070.com,VP Operations,C0070,Latin America,+1-206-407-4635,True,2022-08-20,Sarah Thompson
CON00166,Sarah,Kumar,sarah.kumar166@c0421.com,Data Manager,C0421,North America,+1-482-666-9376,False,2022-10-25,Sarah Kumar
CON00167,Ava,Brown,ava.brown167@c0020.com,Product Manager,C0020,Middle East & Africa,+1-564-259-3267,True,2022-10-28,Ava Brown
CON00168,Charlotte,Davis,charlotte.davis168@c0132.com,VP Operations,C0132,APAC,+1-294-684-7550,False,2022-07-26,Charlotte Davis
CON00169,David,Patel,david.patel169@c0167.com,Product Manager,C0167,Latin America,+1-377-599-2562,False,2022-08-16,David Patel
CON00170,Michael,Patel,michael.patel170@c0414.com,Procurement Manager,C0414,Middle East & Africa,+1-590-180-1916,False,2022-08-25,Michael Patel
CON00171,Chidi,Nguyen,chidi.nguyen171@c0419.com,Director of Engineering,C0419,Latin America,+1-626-988-2974,False,2022-07-29,Chidi Nguyen
CON00172,James,Nwosu,james.nwosu172@c0399.com,IT Manager,C0399,Latin America,+1-591-155-5993,False,2022-08-21,James Nwosu
CON00173,Ava,Anderson,ava.anderson173@c0258.com,Data Manager,C0258,Europe,+1-426-256-1827,False,2022-09-09,Ava Anderson
CON00174,Raj,Kumar,raj.kumar174@c0305.com,Procurement Manager,C0305,Europe,+1-716-192-4638,False,2022-12-19,Raj Kumar
CON00175,Fatima,Jones,fatima.jones175@c0068.com,Head of IT,C0068,Europe,+1-284-587-1807,False,2022-08-07,Fatima Jones
CON00176,Olivia,Jackson,olivia.jackson176@c0257.com,Director of Engineering,C0257,APAC,+1-992-814-3136,False,2022-10-02,Olivia Jackson
CON00177,Joshua,Martin,joshua.martin177@c0203.com,IT Manager,C0203,APAC,+1-785-300-9589,True,2022-06-19,Joshua Martin
CON00178,Amelia,Kumar,amelia.kumar178@c0221.com,Head of IT,C0221,Europe,+1-901-689-2467,True,2022-09-14,Amelia Kumar
CON00179,Priya,Thomas,priya.thomas179@c0179.com,VP Sales,C0179,APAC,+1-528-452-1396,False,2022-07-14,Priya Thomas
CON00180,Chidi,Eze,chidi.eze180@c0421.com,Product Manager,C0421,North America,+1-838-249-8216,True,2022-12-27,Chidi Eze
CON00181,Andrew,Miller,andrew.miller181@c0351.com,Head of IT,C0351,Middle East & Africa,+1-359-875-2405,True,2022-06-14,Andrew Miller
CON00182,Charlotte,Eze,charlotte.eze182@c0475.com,CFO,C0475,North America,+1-494-114-6624,False,2022-06-29,Charlotte Eze
CON00183,Harper,Harris,harper.harris183@c0242.com,CEO,C0242,Middle East & Africa,+1-539-314-9814,True,2022-10-18,Harper Harris
CON00184,Ana,Kumar,ana.kumar184@c0133.com,Operations Manager,C0133,APAC,+1-694-737-3315,False,2022-11-19,Ana Kumar
CON00185,Sarah,Jackson,sarah.jackson185@c0299.com,IT Manager,C0299,APAC,+1-739-144-5185,True,2022-08-12,Sarah Jackson
CON00186,Joshua,Sharma,joshua.sharma186@c0357.com,Procurement Manager,C0357,Europe,+1-477-154-8617,False,2022-06-03,Joshua Sharma
CON00187,David,Jackson,david.jackson187@c0339.com,VP Operations,C0339,APAC,+1-878-972-6901,False,2022-06-05,David Jackson
CON00188,Ryan,Lopez,ryan.lopez188@c0453.com,IT Manager,C0453,North America,+1-595-336-7237,False,2022-11-29,Ryan Lopez
CON00189,Daniel,Nguyen,daniel.nguyen189@c0162.com,Product Manager,C0162,Middle East & Africa,+1-811-644-2442,True,2022-10-07,Daniel Nguyen
CON00190,Ananya,Moore,ananya.moore190@c0475.com,Data Manager,C0475,North America,+1-222-140-5053,False,2022-08-18,Ananya Moore
CON00191,Adaeze,Martin,adaeze.martin191@c0202.com,Data Manager,C0202,Europe,+1-360-118-6681,False,2022-08-30,Adaeze Martin
CON00192,Harper,Davis,harper.davis192@c0257.com,VP Operations,C0257,APAC,+1-263-740-5221,False,2022-12-26,Harper Davis
CON00193,Sarah,Moore,sarah.moore193@c0486.com,VP Operations,C0486,North America,+1-430-255-6599,False,2022-11-16,Sarah Moore
CON00194,Chris,Williams,chris.williams194@c0374.com,Director of Engineering,C0374,Europe,+1-733-794-4726,False,2022-10-25,Chris Williams
CON00195,Ava,White,ava.white195@c0497.com,VP Operations,C0497,APAC,+1-819-437-8359,False,2022-07-23,Ava White
CON00196,Chris,Okafor,chris.okafor196@c0278.com,IT Manager,C0278,APAC,+1-407-983-3262,False,2022-11-28,Chris Okafor
CON00197,Ana,Chen,ana.chen197@c0070.com,Director of Engineering,C0070,Latin America,+1-988-248-3589,False,2022-10-21,Ana Chen
CON00198,Sophia,Garcia,sophia.garcia198@c0163.com,CFO,C0163,APAC,+1-944-130-6221,False,2022-09-14,Sophia Garcia
CON00199,Yusuf,Taylor,yusuf.taylor199@c0227.com,Data Manager,C0227,Latin America,+1-852-856-5485,True,2022-07-19,Yusuf Taylor
CON00200,Daniel,Jones,daniel.jones200@c0095.com,CEO,C0095,North America,+1-980-726-5372,False,2022-11-04,Daniel Jones
CON00201,Andrew,Eze,andrew.eze201@c0119.com,VP Sales,C0119,APAC,+1-903-126-6886,True,2022-12-17,Andrew Eze
CON00202,Carlos,Jones,carlos.jones202@c0258.com,Procurement Manager,C0258,Europe,+1-680-829-7126,True,2022-09-08,Carlos Jones
CON00203,Maria,Martin,maria.martin203@c0071.com,CFO,C0071,APAC,+1-397-331-1528,False,2022-06-04,Maria Martin
CON00204,Amelia,White,amelia.white204@c0114.com,Data Manager,C0114,Latin America,+1-887-307-4351,True,2022-09-21,Amelia White
CON00205,Maria,Ibrahim,maria.ibrahim205@c0167.com,Product Manager,C0167,Latin America,+1-452-537-7633,False,2022-11-03,Maria Ibrahim
CON00206,Emeka,Patel,emeka.patel206@c0161.com,Director of Engineering,C0161,Europe,+1-826-860-9784,False,2022-11-28,Emeka Patel
CON00207,Michael,Thompson,michael.thompson207@c0056.com,Product Manager,C0056,Europe,+1-667-946-1694,False,2022-08-02,Michael Thompson
CON00208,Ana,Moore,ana.moore208@c0203.com,Data Manager,C0203,APAC,+1-240-671-7347,False,2022-11-09,Ana Moore
CON00209,Emma,Miller,emma.miller209@c0150.com,Product Manager,C0150,Middle East & Africa,+1-607-411-5684,False,2022-09-17,Emma Miller
CON00210,Ryan,Eze,ryan.eze210@c0471.com,CEO,C0471,North America,+1-906-629-3330,False,2022-11-13,Ryan Eze
CON00211,Raj,Williams,raj.williams211@c0370.com,Operations Manager,C0370,Middle East & Africa,+1-315-284-9952,True,2022-09-14,Raj Williams
CON00212,Kwame,Harris,kwame.harris212@c0013.com,CFO,C0013,Europe,+1-664-704-4308,False,2022-06-24,Kwame Harris
CON00213,Ethan,Anderson,ethan.anderson213@c0355.com,IT Manager,C0355,North America,+1-928-915-3686,False,2022-07-02,Ethan Anderson
CON00214,Olivia,Brown,olivia.brown214@c0362.com,Product Manager,C0362,APAC,+1-849-471-2397,False,2022-09-07,Olivia Brown
CON00215,Luis,Eze,luis.eze215@c0487.com,CFO,C0487,North America,+1-587-663-7235,True,2022-07-14,Luis Eze
CON00216,Adaeze,Okafor,adaeze.okafor216@c0447.com,IT Manager,C0447,Europe,+1-353-266-3369,True,2022-11-30,Adaeze Okafor
CON00217,Emma,White,emma.white217@c0158.com,VP Operations,C0158,APAC,+1-947-887-8311,True,2022-07-17,Emma White
CON00218,Sophia,Nguyen,sophia.nguyen218@c0068.com,VP Sales,C0068,Europe,+1-203-737-5146,True,2022-10-06,Sophia Nguyen
CON00219,Maria,Moore,maria.moore219@c0414.com,CEO,C0414,Middle East & Africa,+1-822-605-4897,True,2022-11-16,Maria Moore
CON00220,Carlos,Harris,carlos.harris220@c0210.com,Product Manager,C0210,Europe,+1-281-715-1107,True,2022-10-19,Carlos Harris
CON00221,Amelia,Eze,amelia.eze221@c0322.com,Operations Manager,C0322,Europe,+1-412-150-4028,True,2022-11-15,Amelia Eze
CON00222,Chidi,Johnson,chidi.johnson222@c0075.com,CEO,C0075,Middle East & Africa,+1-883-691-5889,False,2022-06-23,Chidi Johnson
CON00223,Emma,Brown,emma.brown223@c0214.com,CFO,C0214,APAC,+1-365-788-5659,False,2022-11-25,Emma Brown
CON00224,Isabella,Harris,isabella.harris224@c0384.com,Procurement Manager,C0384,Latin America,+1-568-136-2525,False,2022-08-22,Isabella Harris
CON00225,Ngozi,Nguyen,ngozi.nguyen225@c0195.com,CTO,C0195,APAC,+1-976-537-2063,True,2022-07-05,Ngozi Nguyen
CON00226,Sophia,Ibrahim,sophia.ibrahim226@c0441.com,VP Operations,C0441,APAC,+1-537-639-7779,False,2022-11-26,Sophia Ibrahim
CON00227,Mia,Eze,mia.eze227@c0030.com,CTO,C0030,APAC,+1-785-847-9666,False,2022-10-02,Mia Eze
CON00228,Ryan,White,ryan.white228@c0312.com,Head of IT,C0312,Middle East & Africa,+1-465-638-6797,False,2022-11-05,Ryan White
CON00229,Maria,Thompson,maria.thompson229@c0374.com,IT Manager,C0374,Europe,+1-709-604-3947,False,2022-07-30,Maria Thompson
CON00230,Ryan,Miller,ryan.miller230@c0001.com,CTO,C0001,Middle East & Africa,+1-224-576-2932,False,2022-07-24,Ryan Miller
CON00231,Yusuf,White,yusuf.white231@c0024.com,Head of IT,C0024,Latin America,+1-558-673-4478,True,2022-07-22,Yusuf White
CON00232,Ryan,Wilson,ryan.wilson232@c0405.com,CTO,C0405,Middle East & Africa,+1-515-407-9301,False,2022-12-14,Ryan Wilson
CON00233,James,Brown,james.brown233@c0352.com,Head of IT,C0352,North America,+1-549-505-1477,False,2022-07-20,James Brown
CON00234,Adaeze,Herrera,adaeze.herrera234@c0174.com,IT Manager,C0174,Latin America,+1-690-585-1582,False,2022-10-02,Adaeze Herrera
CON00235,Ava,Nwosu,ava.nwosu235@c0236.com,Operations Manager,C0236,North America,+1-543-573-7782,False,2022-06-15,Ava Nwosu
CON00236,Ana,Taylor,ana.taylor236@c0290.com,Data Manager,C0290,Europe,+1-894-423-9779,True,2022-10-26,Ana Taylor
CON00237,Adaeze,Sharma,adaeze.sharma237@c0470.com,Head of IT,C0470,Europe,+1-267-252-5595,False,2022-08-26,Adaeze Sharma
CON00238,Emeka,Nwosu,emeka.nwosu238@c0274.com,CFO,C0274,APAC,+1-784-720-7382,True,2022-06-30,Emeka Nwosu
CON00239,Harper,Ibrahim,harper.ibrahim239@c0440.com,Head of IT,C0440,APAC,+1-926-132-5448,False,2022-10-06,Harper Ibrahim
CON00240,Charlotte,Thomas,charlotte.thomas240@c0232.com,VP Operations,C0232,Europe,+1-421-637-5953,True,2022-09-04,Charlotte Thomas
CON00241,Michael,Kumar,michael.kumar241@c0104.com,CTO,C0104,Latin America,+1-654-618-1408,False,2022-10-07,Michael Kumar
CON00242,Ava,Miller,ava.miller242@c0175.com,Product Manager,C0175,Middle East & Africa,+1-950-994-9579,False,2022-08-23,Ava Miller
CON00243,Ava,Kumar,ava.kumar243@c0447.com,CTO,C0447,Europe,+1-728-792-3174,True,2022-06-10,Ava Kumar
CON00244,Ananya,Jackson,ananya.jackson244@c0366.com,Operations Manager,C0366,Latin America,+1-318-104-6095,False,2022-11-23,Ananya Jackson
CON00245,Olivia,Anderson,olivia.anderson245@c0240.com,CEO,C0240,Middle East & Africa,+1-305-633-6119,True,2022-12-12,Olivia Anderson
CON00246,Harper,Nwosu,harper.nwosu246@c0457.com,VP Sales,C0457,Europe,+1-528-305-4154,True,2022-10-15,Harper Nwosu
CON00247,Kwame,Kumar,kwame.kumar247@c0226.com,IT Manager,C0226,APAC,+1-320-379-3446,True,2022-06-30,Kwame Kumar
CON00248,James,Eze,james.eze248@c0287.com,Operations Manager,C0287,Middle East & Africa,+1-304-311-9888,False,2022-08-21,James Eze
CON00249,Amelia,Jones,amelia.jones249@c0483.com,Data Manager,C0483,Europe,+1-490-687-5011,True,2022-08-19,Amelia Jones
CON00250,Adaeze,Moore,adaeze.moore250@c0228.com,CEO,C0228,APAC,+1-333-129-8712,False,2022-06-13,Adaeze Moore
CON00251,Daniel,Jackson,daniel.jackson251@c0028.com,CTO,C0028,Middle East & Africa,+1-636-501-3932,False,2022-10-30,Daniel Jackson
CON00252,Raj,Eze,raj.eze252@c0183.com,VP Operations,C0183,Latin America,+1-540-937-4246,False,2022-11-19,Raj Eze
CON00253,Olivia,Chen,olivia.chen253@c0387.com,Product Manager,C0387,North America,+1-781-234-2522,False,2022-11-26,Olivia Chen
CON00254,Ananya,Brown,ananya.brown254@c0234.com,VP Operations,C0234,North America,+1-900-759-8625,False,2022-07-28,Ananya Brown
CON00255,Ava,Lopez,ava.lopez255@c0459.com,Procurement Manager,C0459,APAC,+1-464-472-7423,True,2022-11-18,Ava Lopez
CON00256,Adaeze,Sharma,adaeze.sharma256@c0441.com,Head of IT,C0441,APAC,+1-664-599-1495,True,2022-06-29,Adaeze Sharma
CON00257,Chidi,Martin,chidi.martin257@c0237.com,CFO,C0237,Middle East & Africa,+1-489-886-6711,False,2022-07-03,Chidi Martin
CON00258,Luis,Brown,luis.brown258@c0208.com,Data Manager,C0208,APAC,+1-309-433-2162,False,2022-10-15,Luis Brown
CON00259,Ananya,Jackson,ananya.jackson259@c0303.com,Director of Engineering,C0303,Middle East & Africa,+1-444-735-4992,False,2022-10-02,Ananya Jackson
CON00260,Emeka,Williams,emeka.williams260@c0175.com,VP Sales,C0175,Middle East & Africa,+1-910-705-8063,False,2022-09-20,Emeka Williams
CON00261,Adaeze,Moore,adaeze.moore261@c0356.com,VP Sales,C0356,APAC,+1-377-778-2276,False,2022-11-30,Adaeze Moore
CON00262,Maria,Brown,maria.brown262@c0304.com,Procurement Manager,C0304,Latin America,+1-674-433-2599,False,2022-07-16,Maria Brown
CON00263,Harper,Jackson,harper.jackson263@c0036.com,Procurement Manager,C0036,Middle East & Africa,+1-311-801-7208,False,2022-11-13,Harper Jackson
CON00264,Emma,Williams,emma.williams264@c0112.com,CFO,C0112,Europe,+1-794-873-1003,False,2022-11-17,Emma Williams
CON00265,Ava,Harris,ava.harris265@c0273.com,VP Operations,C0273,APAC,+1-599-730-8326,True,2022-11-22,Ava Harris
CON00266,Kwame,Taylor,kwame.taylor266@c0292.com,IT Manager,C0292,Latin America,+1-511-545-6640,False,2022-10-28,Kwame Taylor
CON00267,James,Eze,james.eze267@c0262.com,Director of Engineering,C0262,APAC,+1-330-972-5819,True,2022-10-19,James Eze
CON00268,Emma,Smith,emma.smith268@c0361.com,Operations Manager,C0361,Europe,+1-567-212-5623,False,2022-07-31,Emma Smith
CON00269,Priya,Ibrahim,priya.ibrahim269@c0303.com,Director of Engineering,C0303,Middle East & Africa,+1-840-425-7271,False,2022-09-20,Priya Ibrahim
CON00270,Mia,Adeleke,mia.adeleke270@c0089.com,Product Manager,C0089,Europe,+1-342-292-7301,False,2022-09-01,Mia Adeleke
CON00271,Yusuf,Jones,yusuf.jones271@c0148.com,IT Manager,C0148,North America,+1-328-237-1190,True,2022-06-05,Yusuf Jones
CON00272,Ava,Patel,ava.patel272@c0454.com,Product Manager,C0454,APAC,+1-873-547-3224,True,2022-11-12,Ava Patel
CON00273,Yusuf,Lopez,yusuf.lopez273@c0234.com,Data Manager,C0234,North America,+1-818-535-3945,False,2022-09-17,Yusuf Lopez
CON00274,Raj,Jackson,raj.jackson274@c0182.com,VP Sales,C0182,North America,+1-390-534-1121,False,2022-12-05,Raj Jackson
CON00275,Charlotte,Ibrahim,charlotte.ibrahim275@c0257.com,VP Operations,C0257,APAC,+1-620-659-7012,True,2022-06-10,Charlotte Ibrahim
CON00276,Carlos,Ibrahim,carlos.ibrahim276@c0189.com,CTO,C0189,Europe,+1-794-593-2311,True,2022-12-05,Carlos Ibrahim
CON00277,Ana,Lopez,ana.lopez277@c0385.com,VP Operations,C0385,North America,+1-676-629-2281,False,2022-11-04,Ana Lopez
CON00278,Olivia,Davis,olivia.davis278@c0242.com,IT Manager,C0242,Middle East & Africa,+1-959-779-2279,False,2022-10-17,Olivia Davis
CON00279,Harper,Eze,harper.eze279@c0028.com,Head of IT,C0028,Middle East & Africa,+1-747-897-1176,False,2022-10-10,Harper Eze
CON00280,Carlos,Okafor,carlos.okafor280@c0376.com,Head of IT,C0376,APAC,+1-631-461-5827,True,2022-06-10,Carlos Okafor
CON00281,Harper,Patel,harper.patel281@c0402.com,Procurement Manager,C0402,Latin America,+1-466-162-8752,False,2022-10-25,Harper Patel
CON00282,Emma,Adeleke,emma.adeleke282@c0150.com,Data Manager,C0150,Middle East & Africa,+1-839-127-5699,False,2022-07-03,Emma Adeleke
CON00283,Luis,Williams,luis.williams283@c0436.com,VP Operations,C0436,Middle East & Africa,+1-458-235-5603,True,2022-08-05,Luis Williams
CON00284,James,Patel,james.patel284@c0058.com,Procurement Manager,C0058,North America,+1-378-705-3476,False,2022-09-03,James Patel
CON00285,Isabella,Wilson,isabella.wilson285@c0401.com,Data Manager,C0401,APAC,+1-441-596-3962,False,2022-06-09,Isabella Wilson
CON00286,Adaeze,Williams,adaeze.williams286@c0496.com,CFO,C0496,APAC,+1-809-941-3525,False,2022-12-10,Adaeze Williams
CON00287,Yusuf,Kumar,yusuf.kumar287@c0197.com,VP Sales,C0197,Europe,+1-876-550-3740,True,2022-12-05,Yusuf Kumar
CON00288,Chidi,Johnson,chidi.johnson288@c0329.com,VP Operations,C0329,Latin America,+1-973-939-2900,True,2022-09-27,Chidi Johnson
CON00289,Fatima,Martin,fatima.martin289@c0155.com,Product Manager,C0155,APAC,+1-964-870-9724,True,2022-11-22,Fatima Martin
CON00290,Emeka,Martin,emeka.martin290@c0135.com,CFO,C0135,APAC,+1-743-991-8122,True,2022-12-22,Emeka Martin
CON00291,Raj,Jackson,raj.jackson291@c0348.com,Head of IT,C0348,APAC,+1-742-799-1672,True,2022-10-15,Raj Jackson
CON00292,Chidi,Lopez,chidi.lopez292@c0222.com,Procurement Manager,C0222,APAC,+1-867-978-5466,False,2022-08-08,Chidi Lopez
CON00293,Daniel,Wilson,daniel.wilson293@c0336.com,Procurement Manager,C0336,Middle East & Africa,+1-600-572-4961,False,2022-10-29,Daniel Wilson
CON00294,Joshua,Thompson,joshua.thompson294@c0173.com,IT Manager,C0173,Middle East & Africa,+1-906-284-6132,False,2022-11-20,Joshua Thompson
CON00295,James,Herrera,james.herrera295@c0035.com,CEO,C0035,APAC,+1-621-200-9605,True,2022-09-23,James Herrera
CON00296,Chidi,Davis,chidi.davis296@c0372.com,VP Operations,C0372,Middle East & Africa,+1-457-297-1557,True,2022-06-24,Chidi Davis
CON00297,Emma,Eze,emma.eze297@c0337.com,VP Sales,C0337,Europe,+1-813-753-2995,False,2022-07-01,Emma Eze
CON00298,Olivia,Lopez,olivia.lopez298@c0310.com,CFO,C0310,North America,+1-584-772-4027,False,2022-11-26,Olivia Lopez
CON00299,Isabella,Wilson,isabella.wilson299@c0151.com,Product Manager,C0151,Latin America,+1-876-177-8429,False,2022-08-10,Isabella Wilson
CON00300,Priya,Ibrahim,priya.ibrahim300@c0463.com,IT Manager,C0463,Europe,+1-988-888-6298,True,2022-12-17,Priya Ibrahim
CON00301,David,Wilson,david.wilson301@c0398.com,CEO,C0398,North America,+1-591-497-6450,False,2022-08-06,David Wilson
CON00302,Ethan,Garcia,ethan.garcia302@c0226.com,CTO,C0226,APAC,+1-703-305-7432,True,2022-10-04,Ethan Garcia
CON00303,Daniel,Jones,daniel.jones303@c0277.com,Director of Engineering,C0277,North America,+1-423-728-2740,False,2022-12-01,Daniel Jones
CON00304,Ethan,Brown,ethan.brown304@c0018.com,CTO,C0018,APAC,+1-272-685-5105,False,2022-06-05,Ethan Brown
CON00305,Maria,Jones,maria.jones305@c0335.com,IT Manager,C0335,Latin America,+1-200-138-7397,True,2022-11-27,Maria Jones
CON00306,Adaeze,Nguyen,adaeze.nguyen306@c0201.com,Procurement Manager,C0201,APAC,+1-203-627-9039,False,2022-09-12,Adaeze Nguyen
CON00307,David,Moore,david.moore307@c0116.com,CEO,C0116,Latin America,+1-593-805-8898,True,2022-10-16,David Moore
CON00308,Chidi,Anderson,chidi.anderson308@c0350.com,VP Operations,C0350,Europe,+1-610-156-2485,False,2022-08-27,Chidi Anderson
CON00309,Olivia,Herrera,olivia.herrera309@c0236.com,VP Operations,C0236,North America,+1-863-307-3893,False,2022-09-07,Olivia Herrera
CON00310,Joshua,Taylor,joshua.taylor310@c0357.com,Director of Engineering,C0357,Europe,+1-309-745-6886,False,2022-11-09,Joshua Taylor
CON00311,Raj,Patel,raj.patel311@c0098.com,CFO,C0098,Middle East & Africa,+1-236-297-1415,False,2022-10-30,Raj Patel
CON00312,Charlotte,Martin,charlotte.martin312@c0200.com,CTO,C0200,Europe,+1-753-758-6041,False,2022-12-31,Charlotte Martin
CON00313,Raj,Smith,raj.smith313@c0019.com,Head of IT,C0019,Europe,+1-257-445-1701,False,2022-07-25,Raj Smith
CON00314,Ana,Harris,ana.harris314@c0482.com,IT Manager,C0482,Europe,+1-749-252-4817,False,2022-06-10,Ana Harris
CON00315,Ava,Martin,ava.martin315@c0335.com,CEO,C0335,Latin America,+1-682-733-1750,True,2022-11-14,Ava Martin
CON00316,Chris,Smith,chris.smith316@c0089.com,IT Manager,C0089,Europe,+1-251-414-2594,False,2022-07-14,Chris Smith
CON00317,David,Herrera,david.herrera317@c0419.com,CTO,C0419,Latin America,+1-316-609-4613,True,2022-07-22,David Herrera
CON00318,Priya,Anderson,priya.anderson318@c0416.com,Data Manager,C0416,North America,+1-894-511-6312,True,2022-11-23,Priya Anderson
CON00319,Chris,Anderson,chris.anderson319@c0429.com,VP Sales,C0429,APAC,+1-982-146-3841,False,2022-07-01,Chris Anderson
CON00320,Amelia,Jones,amelia.jones320@c0388.com,Director of Engineering,C0388,APAC,+1-372-813-7060,False,2022-09-21,Amelia Jones
CON00321,Charlotte,Chen,charlotte.chen321@c0298.com,CEO,C0298,Europe,+1-336-202-7162,False,2022-06-05,Charlotte Chen
CON00322,Maria,Williams,maria.williams322@c0004.com,CEO,C0004,Middle East & Africa,+1-383-191-5648,False,2022-12-24,Maria Williams
CON00323,Carlos,Ibrahim,carlos.ibrahim323@c0065.com,VP Sales,C0065,Latin America,+1-346-755-5439,False,2022-09-14,Carlos Ibrahim
CON00324,Charlotte,Garcia,charlotte.garcia324@c0313.com,Data Manager,C0313,North America,+1-238-710-3949,False,2022-11-04,Charlotte Garcia
CON00325,Olivia,Nwosu,olivia.nwosu325@c0424.com,VP Operations,C0424,APAC,+1-556-528-1074,False,2022-07-20,Olivia Nwosu
CON00326,Sophia,Thompson,sophia.thompson326@c0049.com,Procurement Manager,C0049,Middle East & Africa,+1-570-983-9842,False,2022-09-27,Sophia Thompson
CON00327,Mia,Wilson,mia.wilson327@c0028.com,VP Sales,C0028,Middle East & Africa,+1-315-915-3444,False,2022-09-30,Mia Wilson
CON00328,Maria,Garcia,maria.garcia328@c0082.com,IT Manager,C0082,North America,+1-244-155-6966,True,2022-09-20,Maria Garcia
CON00329,Ethan,Anderson,ethan.anderson329@c0316.com,Product Manager,C0316,North America,+1-244-206-1859,False,2022-07-16,Ethan Anderson
CON00330,Matthew,Sharma,matthew.sharma330@c0015.com,Product Manager,C0015,APAC,+1-727-218-2160,False,2022-12-02,Matthew Sharma
CON00331,Raj,Okafor,raj.okafor331@c0297.com,Head of IT,C0297,Middle East & Africa,+1-629-303-6336,True,2022-06-29,Raj Okafor
CON00332,Kwame,Davis,kwame.davis332@c0051.com,VP Sales,C0051,Europe,+1-955-522-4276,False,2022-07-27,Kwame Davis
CON00333,David,Martin,david.martin333@c0300.com,Product Manager,C0300,North America,+1-255-546-3374,True,2022-11-04,David Martin
CON00334,Ananya,Garcia,ananya.garcia334@c0199.com,Head of IT,C0199,Latin America,+1-339-568-4181,False,2022-08-09,Ananya Garcia
CON00335,Joshua,Anderson,joshua.anderson335@c0066.com,CEO,C0066,North America,+1-908-682-1977,True,2022-06-29,Joshua Anderson
CON00336,Ananya,Harris,ananya.harris336@c0215.com,CFO,C0215,Latin America,+1-978-451-4602,False,2022-11-02,Ananya Harris
CON00337,Matthew,Sharma,matthew.sharma337@c0407.com,IT Manager,C0407,Europe,+1-826-274-4763,True,2022-10-12,Matthew Sharma
CON00338,Maria,Lopez,maria.lopez338@c0111.com,Procurement Manager,C0111,APAC,+1-684-957-8581,True,2022-12-04,Maria Lopez
CON00339,Priya,Patel,priya.patel339@c0447.com,VP Sales,C0447,Europe,+1-453-435-8114,False,2022-10-30,Priya Patel
CON00340,Ava,Chen,ava.chen340@c0294.com,CEO,C0294,Latin America,+1-627-145-1656,False,2022-12-05,Ava Chen
CON00341,Luis,Johnson,luis.johnson341@c0218.com,Operations Manager,C0218,Middle East & Africa,+1-603-590-2605,False,2022-08-01,Luis Johnson
CON00342,Olivia,Moore,olivia.moore342@c0386.com,CEO,C0386,Latin America,+1-909-849-7662,False,2022-07-04,Olivia Moore
CON00343,Chidi,Taylor,chidi.taylor343@c0123.com,IT Manager,C0123,Middle East & Africa,+1-292-116-8860,False,2022-07-12,Chidi Taylor
CON00344,Ananya,Lopez,ananya.lopez344@c0293.com,Data Manager,C0293,Middle East & Africa,+1-797-124-8452,False,2022-07-06,Ananya Lopez
CON00345,Fatima,Garcia,fatima.garcia345@c0405.com,Head of IT,C0405,Middle East & Africa,+1-841-575-1022,False,2022-06-19,Fatima Garcia
CON00346,Emeka,Nguyen,emeka.nguyen346@c0354.com,Head of IT,C0354,Latin America,+1-743-133-5859,False,2022-08-09,Emeka Nguyen
CON00347,Mia,Sharma,mia.sharma347@c0351.com,CTO,C0351,Middle East & Africa,+1-835-443-1898,False,2022-11-20,Mia Sharma
CON00348,Ngozi,Nguyen,ngozi.nguyen348@c0027.com,CTO,C0027,Europe,+1-592-474-8624,False,2022-09-02,Ngozi Nguyen
CON00349,Ngozi,Garcia,ngozi.garcia349@c0332.com,Operations Manager,C0332,Middle East & Africa,+1-921-168-4354,True,2022-08-25,Ngozi Garcia
CON00350,Charlotte,Moore,charlotte.moore350@c0059.com,IT Manager,C0059,Europe,+1-689-855-4437,False,2022-12-12,Charlotte Moore
CON00351,Andrew,Anderson,andrew.anderson351@c0181.com,VP Operations,C0181,North America,+1-715-796-7929,True,2022-06-17,Andrew Anderson
CON00352,Ngozi,Thomas,ngozi.thomas352@c0232.com,Product Manager,C0232,Europe,+1-713-639-3010,False,2022-10-15,Ngozi Thomas
CON00353,Ryan,Harris,ryan.harris353@c0318.com,Head of IT,C0318,Europe,+1-889-809-2075,True,2022-09-26,Ryan Harris
CON00354,Olivia,Williams,olivia.williams354@c0201.com,CFO,C0201,APAC,+1-495-178-2791,True,2022-06-29,Olivia Williams
CON00355,Ava,Martin,ava.martin355@c0078.com,VP Sales,C0078,Middle East & Africa,+1-733-742-1371,True,2022-11-22,Ava Martin
CON00356,Chris,Martin,chris.martin356@c0178.com,Director of Engineering,C0178,North America,+1-654-855-1351,True,2022-06-17,Chris Martin
CON00357,Sarah,Lopez,sarah.lopez357@c0411.com,VP Sales,C0411,Europe,+1-732-760-6503,False,2022-08-27,Sarah Lopez
CON00358,Kwame,Martin,kwame.martin358@c0304.com,IT Manager,C0304,Latin America,+1-913-642-9986,False,2022-08-17,Kwame Martin
CON00359,Chris,Nguyen,chris.nguyen359@c0405.com,VP Operations,C0405,Middle East & Africa,+1-375-908-5259,True,2022-09-04,Chris Nguyen
CON00360,Ryan,Kumar,ryan.kumar360@c0433.com,CEO,C0433,Latin America,+1-351-461-5659,False,2022-07-13,Ryan Kumar
CON00361,Matthew,Ibrahim,matthew.ibrahim361@c0275.com,VP Operations,C0275,APAC,+1-386-279-3514,True,2022-06-30,Matthew Ibrahim
CON00362,Michael,Anderson,michael.anderson362@c0295.com,CFO,C0295,Latin America,+1-651-366-7056,True,2022-10-22,Michael Anderson
CON00363,Michael,Adeleke,michael.adeleke363@c0163.com,Head of IT,C0163,APAC,+1-351-481-8347,False,2022-07-12,Michael Adeleke
CON00364,Harper,Brown,harper.brown364@c0472.com,CEO,C0472,APAC,+1-614-611-3381,False,2022-08-21,Harper Brown
CON00365,Ava,Smith,ava.smith365@c0497.com,Data Manager,C0497,APAC,+1-759-619-6427,False,2022-08-15,Ava Smith
CON00366,Carlos,Nguyen,carlos.nguyen366@c0149.com,Procurement Manager,C0149,North America,+1-882-250-8243,False,2022-06-29,Carlos Nguyen
CON00367,Carlos,Nguyen,carlos.nguyen367@c0021.com,CFO,C0021,Latin America,+1-894-664-2914,False,2022-09-11,Carlos Nguyen
CON00368,Andrew,Harris,andrew.harris368@c0183.com,CTO,C0183,Latin America,+1-534-156-4197,False,2022-07-27,Andrew Harris
CON00369,Amelia,Miller,amelia.miller369@c0012.com,CTO,C0012,Latin America,+1-751-969-8298,False,2022-06-23,Amelia Miller
CON00370,Luis,Jackson,luis.jackson370@c0100.com,Product Manager,C0100,North America,+1-525-717-9381,False,2022-11-18,Luis Jackson
CON00371,Ngozi,Jackson,ngozi.jackson371@c0076.com,Data Manager,C0076,North America,+1-637-478-7326,False,2022-08-12,Ngozi Jackson
CON00372,Chidi,Thomas,chidi.thomas372@c0158.com,Product Manager,C0158,APAC,+1-774-189-4533,False,2022-09-22,Chidi Thomas
CON00373,Yusuf,Sharma,yusuf.sharma373@c0227.com,VP Operations,C0227,Latin America,+1-367-925-7944,False,2022-09-15,Yusuf Sharma
CON00374,Chris,Herrera,chris.herrera374@c0301.com,Procurement Manager,C0301,Latin America,+1-288-247-4404,False,2022-10-13,Chris Herrera
CON00375,Adaeze,Williams,adaeze.williams375@c0478.com,Procurement Manager,C0478,North America,+1-974-484-2449,True,2022-11-11,Adaeze Williams
CON00376,Amelia,White,amelia.white376@c0090.com,Operations Manager,C0090,North America,+1-673-827-3243,True,2022-12-31,Amelia White
CON00377,Emeka,Taylor,emeka.taylor377@c0284.com,Product Manager,C0284,North America,+1-243-942-5947,False,2022-08-17,Emeka Taylor
CON00378,Maria,Moore,maria.moore378@c0379.com,Product Manager,C0379,Europe,+1-429-127-1040,True,2022-08-16,Maria Moore
CON00379,Carlos,Brown,carlos.brown379@c0335.com,IT Manager,C0335,Latin America,+1-494-527-3938,False,2022-11-24,Carlos Brown
CON00380,Charlotte,Smith,charlotte.smith380@c0062.com,VP Operations,C0062,Middle East & Africa,+1-704-168-6927,False,2022-10-23,Charlotte Smith
CON00381,Priya,Lopez,priya.lopez381@c0133.com,IT Manager,C0133,APAC,+1-902-587-2959,False,2022-12-05,Priya Lopez
CON00382,Sarah,Lopez,sarah.lopez382@c0133.com,CFO,C0133,APAC,+1-795-159-3394,False,2022-11-25,Sarah Lopez
CON00383,Chris,Thomas,chris.thomas383@c0084.com,CEO,C0084,Latin America,+1-479-469-7873,False,2022-08-31,Chris Thomas
CON00384,Emma,Taylor,emma.taylor384@c0150.com,Operations Manager,C0150,Middle East & Africa,+1-854-178-9419,True,2022-11-08,Emma Taylor
CON00385,Isabella,Kumar,isabella.kumar385@c0049.com,Procurement Manager,C0049,Middle East & Africa,+1-970-271-9908,False,2022-08-20,Isabella Kumar
CON00386,Harper,Wilson,harper.wilson386@c0351.com,Data Manager,C0351,Middle East & Africa,+1-904-471-2570,False,2022-08-30,Harper Wilson
CON00387,Ava,Smith,ava.smith387@c0071.com,Operations Manager,C0071,APAC,+1-488-481-8944,False,2022-07-12,Ava Smith
CON00388,Daniel,Miller,daniel.miller388@c0080.com,Operations Manager,C0080,Middle East & Africa,+1-426-951-4087,False,2022-10-22,Daniel Miller
CON00389,Ana,Lopez,ana.lopez389@c0273.com,Data Manager,C0273,APAC,+1-764-819-2867,False,2022-06-20,Ana Lopez
CON00390,Sophia,Herrera,sophia.herrera390@c0068.com,CEO,C0068,Europe,+1-691-456-6104,False,2022-07-06,Sophia Herrera
CON00391,Raj,Nguyen,raj.nguyen391@c0306.com,Operations Manager,C0306,Europe,+1-981-450-3821,False,2022-06-08,Raj Nguyen
CON00392,Sophia,Davis,sophia.davis392@c0066.com,Data Manager,C0066,North America,+1-345-804-4712,False,2022-07-24,Sophia Davis
CON00393,Chris,Williams,chris.williams393@c0218.com,Data Manager,C0218,Middle East & Africa,+1-981-902-2830,True,2022-12-16,Chris Williams
CON00394,Carlos,Kumar,carlos.kumar394@c0221.com,CEO,C0221,Europe,+1-401-210-1537,False,2022-10-10,Carlos Kumar
CON00395,Emma,Martin,emma.martin395@c0061.com,VP Operations,C0061,Europe,+1-244-167-5942,False,2022-12-11,Emma Martin
CON00396,Daniel,Sharma,daniel.sharma396@c0064.com,Procurement Manager,C0064,APAC,+1-410-701-4277,True,2022-08-29,Daniel Sharma
CON00397,Sarah,Williams,sarah.williams397@c0075.com,Data Manager,C0075,Middle East & Africa,+1-484-693-6698,False,2022-10-07,Sarah Williams
CON00398,Charlotte,Thompson,charlotte.thompson398@c0292.com,CTO,C0292,Latin America,+1-301-939-1229,False,2022-12-01,Charlotte Thompson
CON00399,Joshua,Taylor,joshua.taylor399@c0088.com,Operations Manager,C0088,Europe,+1-204-842-2616,False,2022-10-08,Joshua Taylor
CON00400,Carlos,Thomas,carlos.thomas400@c0358.com,Procurement Manager,C0358,North America,+1-389-550-2758,True,2022-08-30,Carlos Thomas
CON00401,Emeka,White,emeka.white401@c0110.com,Operations Manager,C0110,Europe,+1-433-517-2848,False,2022-08-20,Emeka White
CON00402,Sophia,Harris,sophia.harris402@c0057.com,Operations Manager,C0057,Europe,+1-339-607-6918,False,2022-10-21,Sophia Harris
CON00403,Michael,Williams,michael.williams403@c0168.com,Product Manager,C0168,Latin America,+1-318-494-5646,False,2022-12-06,Michael Williams
CON00404,Harper,Adeleke,harper.adeleke404@c0500.com,Product Manager,C0500,Latin America,+1-431-667-7672,True,2022-09-18,Harper Adeleke
CON00405,Joshua,Lopez,joshua.lopez405@c0036.com,Product Manager,C0036,Middle East & Africa,+1-895-476-3937,True,2022-11-20,Joshua Lopez
CON00406,Maria,Adeleke,maria.adeleke406@c0054.com,Director of Engineering,C0054,Latin America,+1-648-635-2392,True,2022-09-10,Maria Adeleke
CON00407,Fatima,Ibrahim,fatima.ibrahim407@c0303.com,CTO,C0303,Middle East & Africa,+1-959-272-2060,False,2022-07-21,Fatima Ibrahim
CON00408,Adaeze,Miller,adaeze.miller408@c0305.com,Director of Engineering,C0305,Europe,+1-325-338-7958,False,2022-08-11,Adaeze Miller
CON00409,Amelia,Kumar,amelia.kumar409@c0405.com,IT Manager,C0405,Middle East & Africa,+1-609-464-8795,False,2022-09-12,Amelia Kumar
CON00410,Maria,Thompson,maria.thompson410@c0143.com,CFO,C0143,Europe,+1-986-565-2770,True,2022-10-04,Maria Thompson
CON00411,Maria,Davis,maria.davis411@c0322.com,CFO,C0322,Europe,+1-230-201-1865,False,2022-10-06,Maria Davis
CON00412,Sarah,Garcia,sarah.garcia412@c0196.com,Procurement Manager,C0196,North America,+1-895-434-3502,False,2022-11-07,Sarah Garcia
CON00413,Daniel,Kumar,daniel.kumar413@c0040.com,IT Manager,C0040,Latin America,+1-969-632-9064,False,2022-07-22,Daniel Kumar
CON00414,Ryan,Adeleke,ryan.adeleke414@c0255.com,Product Manager,C0255,Middle East & Africa,+1-716-367-9887,False,2022-10-17,Ryan Adeleke
CON00415,Sarah,Kumar,sarah.kumar415@c0017.com,Director of Engineering,C0017,Middle East & Africa,+1-321-492-8374,False,2022-09-05,Sarah Kumar
CON00416,Raj,Harris,raj.harris416@c0019.com,CEO,C0019,Europe,+1-381-670-5965,False,2022-07-13,Raj Harris
CON00417,Maria,White,maria.white417@c0069.com,VP Operations,C0069,Europe,+1-932-498-8986,False,2022-10-24,Maria White
CON00418,Maria,Adeleke,maria.adeleke418@c0284.com,IT Manager,C0284,North America,+1-752-685-8697,False,2022-07-11,Maria Adeleke
CON00419,Luis,Johnson,luis.johnson419@c0201.com,VP Operations,C0201,APAC,+1-706-705-7189,False,2022-08-30,Luis Johnson
CON00420,Ryan,Anderson,ryan.anderson420@c0032.com,CEO,C0032,North America,+1-804-146-3100,False,2022-08-29,Ryan Anderson
CON00421,Sarah,Kumar,sarah.kumar421@c0457.com,IT Manager,C0457,Europe,+1-549-489-2594,False,2022-08-31,Sarah Kumar
CON00422,Yusuf,Thomas,yusuf.thomas422@c0029.com,IT Manager,C0029,Latin America,+1-450-353-4844,False,2022-10-30,Yusuf Thomas
CON00423,Olivia,Chen,olivia.chen423@c0353.com,CTO,C0353,Latin America,+1-512-217-6531,True,2022-10-16,Olivia Chen
CON00424,Kwame,Johnson,kwame.johnson424@c0236.com,IT Manager,C0236,North America,+1-632-681-9433,False,2022-08-08,Kwame Johnson
CON00425,Sarah,Ibrahim,sarah.ibrahim425@c0241.com,Procurement Manager,C0241,APAC,+1-222-424-7188,False,2022-08-22,Sarah Ibrahim
CON00426,Daniel,Sharma,daniel.sharma426@c0251.com,CTO,C0251,Middle East & Africa,+1-907-791-4373,False,2022-10-07,Daniel Sharma
CON00427,Adaeze,Garcia,adaeze.garcia427@c0315.com,VP Operations,C0315,Latin America,+1-572-546-4305,False,2022-12-19,Adaeze Garcia
CON00428,David,Herrera,david.herrera428@c0436.com,Operations Manager,C0436,Middle East & Africa,+1-419-394-5344,True,2022-10-25,David Herrera
CON00429,Fatima,Sharma,fatima.sharma429@c0116.com,Procurement Manager,C0116,Latin America,+1-960-194-2552,False,2022-08-09,Fatima Sharma
CON00430,David,Okafor,david.okafor430@c0411.com,Operations Manager,C0411,Europe,+1-686-537-4436,False,2022-06-20,David Okafor
CON00431,Harper,Thompson,harper.thompson431@c0412.com,VP Operations,C0412,APAC,+1-643-779-9846,False,2022-09-15,Harper Thompson
CON00432,Fatima,Wilson,fatima.wilson432@c0320.com,Operations Manager,C0320,Middle East & Africa,+1-664-787-9971,True,2022-06-05,Fatima Wilson
CON00433,Ana,Lopez,ana.lopez433@c0096.com,Procurement Manager,C0096,Middle East & Africa,+1-711-318-8656,True,2022-11-11,Ana Lopez
CON00434,Priya,Chen,priya.chen434@c0290.com,Data Manager,C0290,Europe,+1-841-161-9556,True,2022-09-27,Priya Chen
CON00435,Ava,Davis,ava.davis435@c0078.com,Data Manager,C0078,Middle East & Africa,+1-901-883-5919,False,2022-09-14,Ava Davis
CON00436,Kwame,Lopez,kwame.lopez436@c0426.com,CTO,C0426,APAC,+1-849-308-7757,True,2022-08-13,Kwame Lopez
CON00437,Matthew,Wilson,matthew.wilson437@c0352.com,Procurement Manager,C0352,North America,+1-441-515-4907,True,2022-07-20,Matthew Wilson
CON00438,Sarah,Davis,sarah.davis438@c0409.com,VP Operations,C0409,Latin America,+1-675-597-8145,False,2022-06-10,Sarah Davis
CON00439,Joshua,Garcia,joshua.garcia439@c0140.com,CFO,C0140,Latin America,+1-229-364-5551,False,2022-07-16,Joshua Garcia
CON00440,Michael,Patel,michael.patel440@c0249.com,CEO,C0249,Middle East & Africa,+1-256-980-2375,False,2022-08-16,Michael Patel
CON00441,David,Nguyen,david.nguyen441@c0490.com,Director of Engineering,C0490,Europe,+1-572-787-2479,False,2023-01-01,David Nguyen
CON00442,Chris,Davis,chris.davis442@c0058.com,Procurement Manager,C0058,North America,+1-952-612-2976,False,2022-12-30,Chris Davis
CON00443,Ana,Wilson,ana.wilson443@c0255.com,CTO,C0255,Middle East & Africa,+1-443-714-3003,False,2022-08-20,Ana Wilson
CON00444,Adaeze,Herrera,adaeze.herrera444@c0300.com,Data Manager,C0300,North America,+1-599-925-4865,False,2022-07-26,Adaeze Herrera
CON00445,Ava,Brown,ava.brown445@c0090.com,VP Sales,C0090,North America,+1-481-550-7690,True,2022-10-29,Ava Brown
CON00446,Emma,Martin,emma.martin446@c0274.com,Head of IT,C0274,APAC,+1-916-215-6185,False,2022-09-30,Emma Martin
CON00447,Charlotte,Wilson,charlotte.wilson447@c0451.com,CFO,C0451,APAC,+1-571-586-7025,False,2022-06-06,Charlotte Wilson
CON00448,Michael,Herrera,michael.herrera448@c0379.com,IT Manager,C0379,Europe,+1-255-807-4926,True,2022-09-07,Michael Herrera
CON00449,Harper,Nwosu,harper.nwosu449@c0491.com,Data Manager,C0491,APAC,+1-571-931-2999,False,2022-07-31,Harper Nwosu
CON00450,Raj,Jackson,raj.jackson450@c0005.com,Director of Engineering,C0005,Middle East & Africa,+1-461-408-2478,False,2022-12-11,Raj Jackson
CON00451,Charlotte,Taylor,charlotte.taylor451@c0108.com,CFO,C0108,APAC,+1-649-746-6196,False,2022-12-14,Charlotte Taylor
CON00452,Yusuf,Sharma,yusuf.sharma452@c0018.com,VP Operations,C0018,APAC,+1-282-942-9055,False,2022-09-14,Yusuf Sharma
CON00453,Adaeze,Ibrahim,adaeze.ibrahim453@c0217.com,CTO,C0217,Europe,+1-364-815-5275,False,2022-08-30,Adaeze Ibrahim
CON00454,Yusuf,Eze,yusuf.eze454@c0374.com,Operations Manager,C0374,Europe,+1-955-434-8426,False,2022-12-13,Yusuf Eze
CON00455,Emma,Nwosu,emma.nwosu455@c0329.com,CFO,C0329,Latin America,+1-845-554-3229,True,2022-07-22,Emma Nwosu
CON00456,Harper,Anderson,harper.anderson456@c0295.com,CTO,C0295,Latin America,+1-313-261-5089,False,2022-12-14,Harper Anderson
CON00457,Chris,Lopez,chris.lopez457@c0305.com,IT Manager,C0305,Europe,+1-620-911-6233,False,2022-12-06,Chris Lopez
CON00458,Chris,Wilson,chris.wilson458@c0089.com,IT Manager,C0089,Europe,+1-807-946-6367,False,2022-07-21,Chris Wilson
CON00459,Olivia,White,olivia.white459@c0189.com,CFO,C0189,Europe,+1-602-997-7182,False,2022-10-25,Olivia White
CON00460,Andrew,Smith,andrew.smith460@c0486.com,CEO,C0486,North America,+1-771-762-4747,False,2022-09-27,Andrew Smith
CON00461,Joshua,Wilson,joshua.wilson461@c0360.com,CFO,C0360,North America,+1-250-510-8027,False,2022-07-09,Joshua Wilson
CON00462,Olivia,Thomas,olivia.thomas462@c0088.com,Procurement Manager,C0088,Europe,+1-320-114-9615,False,2022-09-25,Olivia Thomas
CON00463,Maria,Brown,maria.brown463@c0115.com,Data Manager,C0115,Europe,+1-408-295-5361,True,2022-10-05,Maria Brown
CON00464,Emeka,Jones,emeka.jones464@c0221.com,VP Sales,C0221,Europe,+1-814-320-5636,False,2022-07-19,Emeka Jones
CON00465,Yusuf,Garcia,yusuf.garcia465@c0210.com,CFO,C0210,Europe,+1-229-397-5289,True,2022-09-24,Yusuf Garcia
CON00466,Charlotte,Thomas,charlotte.thomas466@c0299.com,IT Manager,C0299,APAC,+1-862-569-2404,True,2022-07-05,Charlotte Thomas
CON00467,Kwame,Ibrahim,kwame.ibrahim467@c0204.com,IT Manager,C0204,North America,+1-417-830-7283,False,2022-12-06,Kwame Ibrahim
CON00468,Ethan,Williams,ethan.williams468@c0049.com,Operations Manager,C0049,Middle East & Africa,+1-260-153-6453,False,2022-09-29,Ethan Williams
CON00469,Chidi,Eze,chidi.eze469@c0481.com,IT Manager,C0481,APAC,+1-812-826-1745,True,2022-10-08,Chidi Eze
CON00470,Emeka,Taylor,emeka.taylor470@c0203.com,IT Manager,C0203,APAC,+1-579-235-1673,False,2022-08-06,Emeka Taylor
CON00471,Matthew,Thompson,matthew.thompson471@c0253.com,Head of IT,C0253,Latin America,+1-679-235-2468,False,2022-10-14,Matthew Thompson
CON00472,Priya,Jones,priya.jones472@c0134.com,CTO,C0134,Latin America,+1-520-145-3095,False,2022-12-31,Priya Jones
CON00473,Amelia,Patel,amelia.patel473@c0185.com,Director of Engineering,C0185,APAC,+1-489-997-5312,False,2022-12-12,Amelia Patel
CON00474,Ethan,Thompson,ethan.thompson474@c0161.com,Director of Engineering,C0161,Europe,+1-368-423-9049,False,2022-07-09,Ethan Thompson
CON00475,Raj,Johnson,raj.johnson475@c0097.com,CFO,C0097,Europe,+1-255-335-4000,True,2022-08-06,Raj Johnson
CON00476,Matthew,Ibrahim,matthew.ibrahim476@c0240.com,Director of Engineering,C0240,Middle East & Africa,+1-318-606-1668,False,2022-11-29,Matthew Ibrahim
CON00477,Maria,Harris,maria.harris477@c0253.com,CTO,C0253,Latin America,+1-937-987-3425,True,2022-06-24,Maria Harris
CON00478,Mia,Lopez,mia.lopez478@c0146.com,CFO,C0146,Europe,+1-372-867-9335,False,2022-10-23,Mia Lopez
CON00479,Mia,Okafor,mia.okafor479@c0498.com,CEO,C0498,Latin America,+1-738-885-3958,False,2022-06-20,Mia Okafor
CON00480,Charlotte,Kumar,charlotte.kumar480@c0256.com,IT Manager,C0256,Latin America,+1-296-436-1425,True,2022-11-22,Charlotte Kumar
CON00481,Sophia,Jackson,sophia.jackson481@c0192.com,Procurement Manager,C0192,APAC,+1-308-957-6300,True,2022-06-21,Sophia Jackson
CON00482,Ananya,Herrera,ananya.herrera482@c0363.com,IT Manager,C0363,North America,+1-691-564-5412,False,2022-06-02,Ananya Herrera
CON00483,Adaeze,Johnson,adaeze.johnson483@c0336.com,Procurement Manager,C0336,Middle East & Africa,+1-663-432-3118,True,2022-06-13,Adaeze Johnson
CON00484,Ryan,Anderson,ryan.anderson484@c0409.com,CEO,C0409,Latin America,+1-961-172-9964,False,2022-09-06,Ryan Anderson
CON00485,Olivia,Jackson,olivia.jackson485@c0131.com,CFO,C0131,Europe,+1-445-889-7535,True,2022-07-24,Olivia Jackson
CON00486,Matthew,Jackson,matthew.jackson486@c0400.com,Director of Engineering,C0400,Europe,+1-491-762-3525,True,2022-10-04,Matthew Jackson
CON00487,Priya,Patel,priya.patel487@c0413.com,VP Operations,C0413,Europe,+1-901-717-3151,False,2022-06-25,Priya Patel
CON00488,Ngozi,Thompson,ngozi.thompson488@c0103.com,Product Manager,C0103,Latin America,+1-656-497-8805,True,2022-11-01,Ngozi Thompson
CON00489,Priya,Williams,priya.williams489@c0388.com,Director of Engineering,C0388,APAC,+1-577-728-4053,False,2022-09-18,Priya Williams
CON00490,Olivia,Johnson,olivia.johnson490@c0263.com,Head of IT,C0263,Middle East & Africa,+1-674-792-4673,False,2022-11-30,Olivia Johnson
CON00491,Ava,Chen,ava.chen491@c0254.com,Operations Manager,C0254,Latin America,+1-844-762-9596,True,2022-09-28,Ava Chen
CON00492,Priya,Williams,priya.williams492@c0465.com,Product Manager,C0465,Middle East & Africa,+1-507-252-3093,False,2022-08-16,Priya Williams
CON00493,Charlotte,Thompson,charlotte.thompson493@c0219.com,VP Operations,C0219,Middle East & Africa,+1-782-148-2253,False,2022-10-10,Charlotte Thompson
CON00494,Daniel,Thompson,daniel.thompson494@c0218.com,Director of Engineering,C0218,Middle East & Africa,+1-296-575-5151,False,2022-10-28,Daniel Thompson
CON00495,Olivia,Kumar,olivia.kumar495@c0258.com,CEO,C0258,Europe,+1-316-858-8583,True,2022-07-17,Olivia Kumar
CON00496,Fatima,Johnson,fatima.johnson496@c0043.com,Director of Engineering,C0043,Middle East & Africa,+1-921-404-6143,False,2022-09-25,Fatima Johnson
CON00497,Raj,Eze,raj.eze497@c0414.com,VP Operations,C0414,Middle East & Africa,+1-549-992-4066,True,2022-06-21,Raj Eze
CON00498,Ethan,Lopez,ethan.lopez498@c0345.com,CTO,C0345,North America,+1-644-647-1293,True,2022-06-30,Ethan Lopez
CON00499,James,Garcia,james.garcia499@c0336.com,Product Manager,C0336,Middle East & Africa,+1-671-808-7637,False,2022-12-08,James Garcia
CON00500,Maria,Taylor,maria.taylor500@c0317.com,Procurement Manager,C0317,APAC,+1-569-807-7471,False,2022-06-23,Maria Taylor
CON00501,Chris,Jones,chris.jones501@c0008.com,VP Sales,C0008,Europe,+1-314-935-1260,False,2022-07-19,Chris Jones
CON00502,Sarah,Miller,sarah.miller502@c0247.com,IT Manager,C0247,Europe,+1-348-765-4961,False,2022-11-08,Sarah Miller
CON00503,Joshua,Williams,joshua.williams503@c0155.com,Product Manager,C0155,APAC,+1-351-585-7912,True,2022-07-13,Joshua Williams
CON00504,Ava,Patel,ava.patel504@c0360.com,Product Manager,C0360,North America,+1-696-582-1321,False,2022-10-28,Ava Patel
CON00505,Charlotte,Miller,charlotte.miller505@c0151.com,Procurement Manager,C0151,Latin America,+1-601-152-6469,True,2022-11-09,Charlotte Miller
CON00506,Priya,White,priya.white506@c0435.com,Product Manager,C0435,North America,+1-954-692-5764,True,2022-09-11,Priya White
CON00507,Maria,Thompson,maria.thompson507@c0303.com,Data Manager,C0303,Middle East & Africa,+1-826-794-8993,True,2022-06-16,Maria Thompson
CON00508,Ana,Smith,ana.smith508@c0217.com,Procurement Manager,C0217,Europe,+1-523-666-2040,True,2022-11-13,Ana Smith
CON00509,Yusuf,Nguyen,yusuf.nguyen509@c0243.com,CTO,C0243,Europe,+1-706-737-6681,False,2022-09-20,Yusuf Nguyen
CON00510,Sarah,Garcia,sarah.garcia510@c0148.com,Data Manager,C0148,North America,+1-396-580-6633,False,2022-10-08,Sarah Garcia
CON00511,Andrew,Okafor,andrew.okafor511@c0466.com,IT Manager,C0466,Middle East & Africa,+1-547-716-8675,True,2022-08-15,Andrew Okafor
CON00512,Emeka,White,emeka.white512@c0427.com,IT Manager,C0427,North America,+1-868-852-6902,False,2022-12-22,Emeka White
CON00513,Matthew,Eze,matthew.eze513@c0107.com,VP Operations,C0107,North America,+1-907-867-2412,False,2022-07-04,Matthew Eze
CON00514,Isabella,Miller,isabella.miller514@c0081.com,Procurement Manager,C0081,Europe,+1-703-203-7815,False,2022-10-05,Isabella Miller
CON00515,Harper,Davis,harper.davis515@c0108.com,Operations Manager,C0108,APAC,+1-248-118-6878,False,2022-08-31,Harper Davis
CON00516,Matthew,Garcia,matthew.garcia516@c0424.com,Operations Manager,C0424,APAC,+1-232-926-2043,False,2022-06-30,Matthew Garcia
CON00517,Andrew,Brown,andrew.brown517@c0288.com,VP Sales,C0288,Middle East & Africa,+1-698-364-6575,False,2022-12-14,Andrew Brown
CON00518,Michael,Kumar,michael.kumar518@c0450.com,Operations Manager,C0450,APAC,+1-473-254-9444,False,2022-06-27,Michael Kumar
CON00519,Emma,Chen,emma.chen519@c0485.com,Product Manager,C0485,Middle East & Africa,+1-668-961-2817,False,2022-12-18,Emma Chen
CON00520,Daniel,Herrera,daniel.herrera520@c0288.com,CEO,C0288,Middle East & Africa,+1-719-207-3736,False,2022-07-23,Daniel Herrera
CON00521,Ngozi,Garcia,ngozi.garcia521@c0373.com,VP Operations,C0373,Europe,+1-925-552-9288,False,2022-06-26,Ngozi Garcia
CON00522,Ava,Nwosu,ava.nwosu522@c0187.com,Head of IT,C0187,Latin America,+1-341-225-4307,False,2022-09-15,Ava Nwosu
CON00523,James,Davis,james.davis523@c0428.com,Product Manager,C0428,Latin America,+1-549-393-9274,True,2022-08-08,James Davis
CON00524,Ngozi,Ibrahim,ngozi.ibrahim524@c0387.com,Director of Engineering,C0387,North America,+1-569-744-5021,True,2022-12-10,Ngozi Ibrahim
CON00525,Ana,White,ana.white525@c0404.com,VP Sales,C0404,APAC,+1-341-921-8025,False,2022-09-13,Ana White
CON00526,Ananya,Lopez,ananya.lopez526@c0265.com,IT Manager,C0265,Europe,+1-570-130-8251,True,2022-06-03,Ananya Lopez
CON00527,Ana,Williams,ana.williams527@c0044.com,Head of IT,C0044,Europe,+1-522-511-3692,False,2022-09-09,Ana Williams
CON00528,Michael,Adeleke,michael.adeleke528@c0473.com,IT Manager,C0473,North America,+1-354-688-1947,False,2022-11-30,Michael Adeleke
CON00529,Ana,Taylor,ana.taylor529@c0215.com,Director of Engineering,C0215,Latin America,+1-897-817-5986,False,2022-08-20,Ana Taylor
CON00530,Chidi,Smith,chidi.smith530@c0424.com,VP Operations,C0424,APAC,+1-740-725-3406,False,2022-09-23,Chidi Smith
CON00531,Mia,Nguyen,mia.nguyen531@c0279.com,Procurement Manager,C0279,Europe,+1-833-767-8244,False,2022-12-25,Mia Nguyen
CON00532,Fatima,Kumar,fatima.kumar532@c0102.com,VP Operations,C0102,Europe,+1-286-137-9805,False,2022-12-03,Fatima Kumar
CON00533,Chris,Thompson,chris.thompson533@c0277.com,VP Operations,C0277,North America,+1-418-195-9383,False,2022-10-12,Chris Thompson
CON00534,Adaeze,Kumar,adaeze.kumar534@c0326.com,CFO,C0326,APAC,+1-223-128-9846,False,2022-08-01,Adaeze Kumar
CON00535,Harper,Patel,harper.patel535@c0217.com,Operations Manager,C0217,Europe,+1-313-849-1982,False,2022-08-06,Harper Patel
CON00536,Luis,Thomas,luis.thomas536@c0064.com,CEO,C0064,APAC,+1-974-766-3043,False,2022-10-25,Luis Thomas
CON00537,James,Harris,james.harris537@c0174.com,VP Sales,C0174,Latin America,+1-963-695-9737,False,2022-07-30,James Harris
CON00538,Chidi,Taylor,chidi.taylor538@c0146.com,IT Manager,C0146,Europe,+1-932-686-3293,False,2022-10-12,Chidi Taylor
CON00539,Charlotte,Brown,charlotte.brown539@c0168.com,Operations Manager,C0168,Latin America,+1-796-297-6919,False,2022-07-08,Charlotte Brown
CON00540,Priya,Herrera,priya.herrera540@c0211.com,CTO,C0211,Europe,+1-294-163-7961,False,2022-09-30,Priya Herrera
CON00541,Mia,Harris,mia.harris541@c0040.com,Head of IT,C0040,Latin America,+1-893-638-7598,False,2022-10-11,Mia Harris
CON00542,Fatima,Lopez,fatima.lopez542@c0136.com,Procurement Manager,C0136,North America,+1-710-751-7937,False,2022-11-24,Fatima Lopez
CON00543,Maria,Patel,maria.patel543@c0499.com,Director of Engineering,C0499,Europe,+1-366-247-9286,True,2022-11-30,Maria Patel
CON00544,Ananya,Jones,ananya.jones544@c0496.com,Data Manager,C0496,APAC,+1-725-983-9669,True,2022-07-25,Ananya Jones
CON00545,Ananya,Martin,ananya.martin545@c0017.com,Data Manager,C0017,Middle East & Africa,+1-360-672-7051,False,2022-07-01,Ananya Martin
CON00546,Yusuf,Brown,yusuf.brown546@c0062.com,Head of IT,C0062,Middle East & Africa,+1-785-396-1659,False,2022-07-01,Yusuf Brown
CON00547,Ngozi,Taylor,ngozi.taylor547@c0192.com,VP Operations,C0192,APAC,+1-501-597-1458,False,2022-07-07,Ngozi Taylor
CON00548,Yusuf,Johnson,yusuf.johnson548@c0480.com,VP Operations,C0480,APAC,+1-490-320-3999,False,2022-10-04,Yusuf Johnson
CON00549,James,Brown,james.brown549@c0281.com,Head of IT,C0281,Latin America,+1-269-991-1732,False,2022-10-25,James Brown
CON00550,Harper,Okafor,harper.okafor550@c0232.com,Head of IT,C0232,Europe,+1-586-586-3175,False,2022-10-08,Harper Okafor
CON00551,Ananya,Kumar,ananya.kumar551@c0231.com,IT Manager,C0231,Latin America,+1-659-252-6328,True,2022-11-07,Ananya Kumar
CON00552,Yusuf,Jackson,yusuf.jackson552@c0120.com,Director of Engineering,C0120,Latin America,+1-547-653-1750,False,2022-09-22,Yusuf Jackson
CON00553,Amelia,Nwosu,amelia.nwosu553@c0046.com,CFO,C0046,Europe,+1-924-125-6060,False,2022-07-02,Amelia Nwosu
CON00554,Olivia,Miller,olivia.miller554@c0490.com,Procurement Manager,C0490,Europe,+1-754-690-1866,False,2022-10-12,Olivia Miller
CON00555,Joshua,Kumar,joshua.kumar555@c0244.com,Operations Manager,C0244,Europe,+1-219-223-9713,True,2022-06-05,Joshua Kumar
CON00556,Amelia,Sharma,amelia.sharma556@c0106.com,VP Sales,C0106,APAC,+1-922-959-8278,True,2022-10-15,Amelia Sharma
CON00557,Kwame,Jackson,kwame.jackson557@c0302.com,CEO,C0302,Europe,+1-703-982-1381,False,2022-07-17,Kwame Jackson
CON00558,Yusuf,Smith,yusuf.smith558@c0441.com,Operations Manager,C0441,APAC,+1-524-491-5213,True,2022-06-26,Yusuf Smith
CON00559,Matthew,Taylor,matthew.taylor559@c0074.com,CFO,C0074,Europe,+1-461-886-2468,True,2022-09-13,Matthew Taylor
CON00560,Matthew,Johnson,matthew.johnson560@c0315.com,Head of IT,C0315,Latin America,+1-385-127-1958,True,2022-06-26,Matthew Johnson
CON00561,Kwame,Jones,kwame.jones561@c0212.com,Head of IT,C0212,APAC,+1-464-484-2981,True,2022-08-01,Kwame Jones
CON00562,Charlotte,Martin,charlotte.martin562@c0261.com,Operations Manager,C0261,North America,+1-594-217-5412,True,2022-09-27,Charlotte Martin
CON00563,Yusuf,Williams,yusuf.williams563@c0248.com,CEO,C0248,Latin America,+1-617-748-4829,False,2022-06-05,Yusuf Williams
CON00564,Amelia,Moore,amelia.moore564@c0494.com,Procurement Manager,C0494,Middle East & Africa,+1-891-203-5035,False,2022-11-14,Amelia Moore
CON00565,Chris,Taylor,chris.taylor565@c0291.com,Director of Engineering,C0291,APAC,+1-656-185-9199,True,2022-07-07,Chris Taylor
CON00566,Ngozi,Moore,ngozi.moore566@c0087.com,VP Sales,C0087,APAC,+1-750-533-8401,True,2022-12-26,Ngozi Moore
CON00567,Ananya,Herrera,ananya.herrera567@c0318.com,VP Operations,C0318,Europe,+1-868-271-1008,True,2022-10-02,Ananya Herrera
CON00568,Amelia,Eze,amelia.eze568@c0129.com,IT Manager,C0129,Europe,+1-589-459-4485,False,2022-10-09,Amelia Eze
CON00569,Ryan,Johnson,ryan.johnson569@c0083.com,Data Manager,C0083,Middle East & Africa,+1-746-676-2145,False,2022-09-10,Ryan Johnson
CON00570,Sophia,Herrera,sophia.herrera570@c0072.com,Data Manager,C0072,Latin America,+1-769-386-8077,True,2022-10-08,Sophia Herrera
CON00571,Kwame,Nguyen,kwame.nguyen571@c0350.com,Head of IT,C0350,Europe,+1-850-367-8417,True,2022-11-17,Kwame Nguyen
CON00572,Kwame,Anderson,kwame.anderson572@c0108.com,Product Manager,C0108,APAC,+1-813-436-1260,False,2022-07-05,Kwame Anderson
CON00573,James,Eze,james.eze573@c0244.com,CEO,C0244,Europe,+1-209-788-3843,False,2022-11-26,James Eze
CON00574,Maria,Kumar,maria.kumar574@c0202.com,Operations Manager,C0202,Europe,+1-283-906-2270,False,2022-12-31,Maria Kumar
CON00575,Raj,Adeleke,raj.adeleke575@c0064.com,Head of IT,C0064,APAC,+1-585-947-6864,False,2023-01-01,Raj Adeleke
CON00576,James,Brown,james.brown576@c0237.com,Head of IT,C0237,Middle East & Africa,+1-397-555-1153,True,2022-06-06,James Brown
CON00577,Amelia,Adeleke,amelia.adeleke577@c0472.com,Data Manager,C0472,APAC,+1-566-296-2474,False,2022-11-08,Amelia Adeleke
CON00578,Harper,Sharma,harper.sharma578@c0368.com,VP Sales,C0368,Latin America,+1-439-605-6947,True,2022-10-05,Harper Sharma
CON00579,Mia,Smith,mia.smith579@c0101.com,IT Manager,C0101,North America,+1-605-213-5544,False,2022-10-05,Mia Smith
CON00580,Matthew,Moore,matthew.moore580@c0100.com,IT Manager,C0100,North America,+1-956-679-3875,True,2022-07-03,Matthew Moore
CON00581,David,Jones,david.jones581@c0133.com,Procurement Manager,C0133,APAC,+1-433-635-5494,True,2022-11-21,David Jones
CON00582,Sarah,Ibrahim,sarah.ibrahim582@c0348.com,Operations Manager,C0348,APAC,+1-829-358-8437,True,2022-09-18,Sarah Ibrahim
CON00583,Emma,Lopez,emma.lopez583@c0481.com,Head of IT,C0481,APAC,+1-642-964-7666,True,2022-11-22,Emma Lopez
CON00584,Ana,Harris,ana.harris584@c0254.com,Head of IT,C0254,Latin America,+1-729-877-1712,False,2022-07-28,Ana Harris
CON00585,Emma,Wilson,emma.wilson585@c0471.com,Director of Engineering,C0471,North America,+1-745-559-6181,True,2022-07-20,Emma Wilson
CON00586,Adaeze,Williams,adaeze.williams586@c0451.com,Procurement Manager,C0451,APAC,+1-225-855-4696,False,2022-09-17,Adaeze Williams
CON00587,David,Chen,david.chen587@c0128.com,VP Sales,C0128,Latin America,+1-368-437-6092,True,2022-11-08,David Chen
CON00588,Daniel,Smith,daniel.smith588@c0246.com,Director of Engineering,C0246,Europe,+1-224-706-6477,False,2022-08-03,Daniel Smith
CON00589,Daniel,Martin,daniel.martin589@c0123.com,Head of IT,C0123,Middle East & Africa,+1-255-941-6465,False,2022-07-31,Daniel Martin
CON00590,David,Kumar,david.kumar590@c0308.com,Procurement Manager,C0308,Middle East & Africa,+1-649-882-2567,False,2022-10-27,David Kumar
CON00591,Sophia,Williams,sophia.williams591@c0499.com,CEO,C0499,Europe,+1-234-486-6132,False,2022-11-25,Sophia Williams
CON00592,David,Sharma,david.sharma592@c0066.com,CEO,C0066,North America,+1-652-156-5939,False,2022-09-19,David Sharma
CON00593,David,Brown,david.brown593@c0347.com,CEO,C0347,APAC,+1-772-153-5831,False,2022-09-11,David Brown
CON00594,Daniel,Eze,daniel.eze594@c0386.com,Director of Engineering,C0386,Latin America,+1-438-985-1173,False,2022-09-27,Daniel Eze
CON00595,Priya,Nguyen,priya.nguyen595@c0318.com,Procurement Manager,C0318,Europe,+1-303-447-1425,False,2022-08-24,Priya Nguyen
CON00596,Joshua,Brown,joshua.brown596@c0053.com,CEO,C0053,APAC,+1-809-830-2106,False,2022-07-20,Joshua Brown
CON00597,Chris,Nwosu,chris.nwosu597@c0261.com,VP Operations,C0261,North America,+1-563-531-8887,False,2022-09-22,Chris Nwosu
CON00598,Isabella,Davis,isabella.davis598@c0071.com,CEO,C0071,APAC,+1-261-230-6106,False,2022-10-10,Isabella Davis
CON00599,Chidi,Taylor,chidi.taylor599@c0299.com,Operations Manager,C0299,APAC,+1-994-249-3415,False,2022-11-02,Chidi Taylor
CON00600,Adaeze,Taylor,adaeze.taylor600@c0189.com,CEO,C0189,Europe,+1-730-700-3369,True,2022-10-08,Adaeze Taylor
CON00601,Emma,White,emma.white601@c0177.com,VP Sales,C0177,Europe,+1-405-755-4297,False,2022-08-27,Emma White
CON00602,Joshua,Adeleke,joshua.adeleke602@c0244.com,Data Manager,C0244,Europe,+1-908-578-6425,False,2022-10-23,Joshua Adeleke
CON00603,Adaeze,Eze,adaeze.eze603@c0154.com,Director of Engineering,C0154,North America,+1-536-266-2717,False,2022-12-20,Adaeze Eze
CON00604,Michael,Martin,michael.martin604@c0113.com,CEO,C0113,APAC,+1-854-328-4772,False,2022-07-25,Michael Martin
CON00605,Charlotte,Martin,charlotte.martin605@c0377.com,Head of IT,C0377,Latin America,+1-957-484-4363,False,2022-12-29,Charlotte Martin
CON00606,James,Thomas,james.thomas606@c0006.com,CTO,C0006,Europe,+1-566-130-2887,True,2022-09-21,James Thomas
CON00607,Joshua,Nwosu,joshua.nwosu607@c0300.com,Head of IT,C0300,North America,+1-244-130-4262,True,2022-07-15,Joshua Nwosu
CON00608,Andrew,Nguyen,andrew.nguyen608@c0135.com,Data Manager,C0135,APAC,+1-378-447-5029,True,2022-06-06,Andrew Nguyen
CON00609,Isabella,Herrera,isabella.herrera609@c0135.com,CTO,C0135,APAC,+1-221-951-3248,False,2022-12-19,Isabella Herrera
CON00610,Sophia,Anderson,sophia.anderson610@c0480.com,VP Sales,C0480,APAC,+1-512-567-4934,False,2022-09-04,Sophia Anderson
CON00611,Matthew,Thompson,matthew.thompson611@c0410.com,Procurement Manager,C0410,APAC,+1-644-999-2071,True,2022-07-04,Matthew Thompson
CON00612,Joshua,Miller,joshua.miller612@c0273.com,Director of Engineering,C0273,APAC,+1-911-483-6209,False,2022-11-10,Joshua Miller
CON00613,Charlotte,Chen,charlotte.chen613@c0024.com,Procurement Manager,C0024,Latin America,+1-801-293-9773,True,2022-07-09,Charlotte Chen
CON00614,Kwame,Davis,kwame.davis614@c0028.com,IT Manager,C0028,Middle East & Africa,+1-486-993-3071,False,2022-10-28,Kwame Davis
CON00615,Maria,Miller,maria.miller615@c0373.com,CTO,C0373,Europe,+1-681-909-2062,True,2022-09-08,Maria Miller
CON00616,Luis,Thomas,luis.thomas616@c0256.com,Operations Manager,C0256,Latin America,+1-675-283-6272,False,2022-10-13,Luis Thomas
CON00617,Carlos,Ibrahim,carlos.ibrahim617@c0490.com,Product Manager,C0490,Europe,+1-685-374-7569,False,2022-12-20,Carlos Ibrahim
CON00618,Michael,Miller,michael.miller618@c0113.com,VP Sales,C0113,APAC,+1-662-983-4840,False,2022-08-18,Michael Miller
CON00619,Priya,Nguyen,priya.nguyen619@c0194.com,Procurement Manager,C0194,Latin America,+1-360-962-7129,True,2022-06-22,Priya Nguyen
CON00620,Chris,Kumar,chris.kumar620@c0044.com,VP Operations,C0044,Europe,+1-655-631-6760,True,2022-06-11,Chris Kumar
CON00621,Ananya,Thompson,ananya.thompson621@c0319.com,Head of IT,C0319,Latin America,+1-636-561-8660,False,2022-09-03,Ananya Thompson
CON00622,Maria,Anderson,maria.anderson622@c0140.com,Director of Engineering,C0140,Latin America,+1-225-283-8236,True,2022-11-13,Maria Anderson
CON00623,David,Thomas,david.thomas623@c0462.com,CTO,C0462,Europe,+1-501-962-9220,False,2022-11-12,David Thomas
CON00624,Olivia,Sharma,olivia.sharma624@c0142.com,VP Sales,C0142,Europe,+1-300-221-2168,False,2022-10-18,Olivia Sharma
CON00625,Joshua,Anderson,joshua.anderson625@c0101.com,IT Manager,C0101,North America,+1-537-356-5959,False,2022-12-14,Joshua Anderson
CON00626,Amelia,Miller,amelia.miller626@c0362.com,Procurement Manager,C0362,APAC,+1-341-975-9898,False,2022-06-03,Amelia Miller
CON00627,Harper,Taylor,harper.taylor627@c0422.com,Head of IT,C0422,Europe,+1-613-515-1194,False,2022-10-10,Harper Taylor
CON00628,Ava,Lopez,ava.lopez628@c0204.com,VP Sales,C0204,North America,+1-432-840-4438,False,2022-10-11,Ava Lopez
CON00629,Ananya,Patel,ananya.patel629@c0417.com,Product Manager,C0417,APAC,+1-548-910-2406,False,2022-07-19,Ananya Patel
CON00630,Priya,Kumar,priya.kumar630@c0483.com,Data Manager,C0483,Europe,+1-627-314-8187,False,2022-10-21,Priya Kumar
CON00631,Sarah,Thomas,sarah.thomas631@c0072.com,Procurement Manager,C0072,Latin America,+1-331-412-1158,False,2022-11-16,Sarah Thomas
CON00632,Chidi,Anderson,chidi.anderson632@c0116.com,Director of Engineering,C0116,Latin America,+1-635-802-7608,False,2022-11-24,Chidi Anderson
CON00633,Harper,Anderson,harper.anderson633@c0301.com,CEO,C0301,Latin America,+1-781-904-1527,False,2022-07-10,Harper Anderson
CON00634,Adaeze,Okafor,adaeze.okafor634@c0323.com,Procurement Manager,C0323,Middle East & Africa,+1-822-687-7404,False,2022-07-23,Adaeze Okafor
CON00635,Fatima,Williams,fatima.williams635@c0274.com,Director of Engineering,C0274,APAC,+1-392-586-2779,False,2022-09-24,Fatima Williams
CON00636,Harper,Williams,harper.williams636@c0088.com,CTO,C0088,Europe,+1-891-666-3910,True,2022-11-24,Harper Williams
CON00637,Maria,Smith,maria.smith637@c0096.com,VP Sales,C0096,Middle East & Africa,+1-271-495-5650,True,2022-08-14,Maria Smith
CON00638,Ana,Williams,ana.williams638@c0233.com,CEO,C0233,North America,+1-577-630-1180,True,2022-09-14,Ana Williams
CON00639,Fatima,Garcia,fatima.garcia639@c0057.com,CFO,C0057,Europe,+1-749-528-8835,False,2022-09-08,Fatima Garcia
CON00640,Mia,Jones,mia.jones640@c0446.com,VP Sales,C0446,APAC,+1-517-542-8778,True,2022-10-26,Mia Jones
CON00641,Harper,Okafor,harper.okafor641@c0104.com,Operations Manager,C0104,Latin America,+1-933-801-8519,True,2022-06-02,Harper Okafor
CON00642,Ava,Harris,ava.harris642@c0033.com,Director of Engineering,C0033,Middle East & Africa,+1-819-926-5044,False,2022-10-24,Ava Harris
CON00643,Maria,Harris,maria.harris643@c0237.com,Procurement Manager,C0237,Middle East & Africa,+1-240-854-2492,True,2022-09-25,Maria Harris
CON00644,Chidi,Ibrahim,chidi.ibrahim644@c0432.com,Data Manager,C0432,Europe,+1-504-500-3869,False,2022-07-16,Chidi Ibrahim
CON00645,Priya,Harris,priya.harris645@c0197.com,IT Manager,C0197,Europe,+1-387-815-2565,False,2022-06-12,Priya Harris
CON00646,Charlotte,Nguyen,charlotte.nguyen646@c0446.com,CFO,C0446,APAC,+1-480-743-9810,True,2022-06-18,Charlotte Nguyen
CON00647,Mia,Chen,mia.chen647@c0253.com,Director of Engineering,C0253,Latin America,+1-980-666-2986,False,2022-06-20,Mia Chen
CON00648,Daniel,Thompson,daniel.thompson648@c0393.com,Head of IT,C0393,Europe,+1-619-561-3700,True,2022-10-08,Daniel Thompson
CON00649,Michael,Harris,michael.harris649@c0014.com,CTO,C0014,APAC,+1-854-811-8567,False,2022-12-08,Michael Harris
CON00650,Fatima,Lopez,fatima.lopez650@c0100.com,Director of Engineering,C0100,North America,+1-238-110-5105,True,2022-07-05,Fatima Lopez
CON00651,Kwame,Adeleke,kwame.adeleke651@c0384.com,Product Manager,C0384,Latin America,+1-696-572-2117,True,2022-11-16,Kwame Adeleke
CON00652,Charlotte,Ibrahim,charlotte.ibrahim652@c0487.com,Product Manager,C0487,North America,+1-343-582-5573,False,2022-07-14,Charlotte Ibrahim
CON00653,Sarah,Eze,sarah.eze653@c0052.com,CFO,C0052,Latin America,+1-501-227-9759,False,2022-07-14,Sarah Eze
CON00654,David,Adeleke,david.adeleke654@c0391.com,CEO,C0391,Europe,+1-893-379-3514,False,2022-07-16,David Adeleke
CON00655,Mia,Ibrahim,mia.ibrahim655@c0018.com,IT Manager,C0018,APAC,+1-745-321-8242,False,2023-01-01,Mia Ibrahim
CON00656,Ana,Nwosu,ana.nwosu656@c0340.com,Data Manager,C0340,Latin America,+1-875-205-7399,False,2022-09-22,Ana Nwosu
CON00657,Emma,Eze,emma.eze657@c0003.com,CEO,C0003,Europe,+1-990-486-4305,False,2022-09-04,Emma Eze
CON00658,Charlotte,Miller,charlotte.miller658@c0047.com,CEO,C0047,Europe,+1-631-128-1238,False,2022-07-20,Charlotte Miller
CON00659,David,Davis,david.davis659@c0491.com,CTO,C0491,APAC,+1-880-271-3736,True,2022-10-10,David Davis
CON00660,Daniel,Herrera,daniel.herrera660@c0168.com,Head of IT,C0168,Latin America,+1-775-741-4105,False,2022-10-17,Daniel Herrera
CON00661,Fatima,White,fatima.white661@c0062.com,VP Sales,C0062,Middle East & Africa,+1-418-208-6842,False,2022-06-04,Fatima White
CON00662,Fatima,Nwosu,fatima.nwosu662@c0162.com,CEO,C0162,Middle East & Africa,+1-598-317-8516,True,2022-11-16,Fatima Nwosu
CON00663,Amelia,Nwosu,amelia.nwosu663@c0320.com,Head of IT,C0320,Middle East & Africa,+1-244-168-4580,False,2022-12-14,Amelia Nwosu
CON00664,Maria,Brown,maria.brown664@c0365.com,Operations Manager,C0365,North America,+1-782-275-5127,False,2022-11-01,Maria Brown
CON00665,Kwame,Nwosu,kwame.nwosu665@c0357.com,Director of Engineering,C0357,Europe,+1-894-889-3177,False,2022-11-10,Kwame Nwosu
CON00666,Kwame,Lopez,kwame.lopez666@c0342.com,Product Manager,C0342,Latin America,+1-269-443-1289,False,2022-10-28,Kwame Lopez
CON00667,Raj,Jackson,raj.jackson667@c0262.com,IT Manager,C0262,APAC,+1-959-338-9248,False,2022-06-04,Raj Jackson
CON00668,Andrew,Smith,andrew.smith668@c0316.com,CTO,C0316,North America,+1-516-342-8020,False,2022-11-06,Andrew Smith
CON00669,Olivia,Johnson,olivia.johnson669@c0071.com,Head of IT,C0071,APAC,+1-710-403-4309,True,2022-07-23,Olivia Johnson
CON00670,Michael,Davis,michael.davis670@c0473.com,Data Manager,C0473,North America,+1-812-554-6385,True,2022-08-21,Michael Davis
CON00671,Michael,Thompson,michael.thompson671@c0406.com,Director of Engineering,C0406,Middle East & Africa,+1-863-932-5726,False,2022-07-29,Michael Thompson
CON00672,Adaeze,Anderson,adaeze.anderson672@c0125.com,VP Sales,C0125,North America,+1-752-155-5068,False,2022-11-26,Adaeze Anderson
CON00673,Andrew,Eze,andrew.eze673@c0447.com,Director of Engineering,C0447,Europe,+1-733-429-4007,False,2022-06-02,Andrew Eze
CON00674,David,Lopez,david.lopez674@c0252.com,CTO,C0252,North America,+1-397-153-3318,False,2022-07-03,David Lopez
CON00675,Olivia,Garcia,olivia.garcia675@c0304.com,Operations Manager,C0304,Latin America,+1-409-341-9313,True,2022-12-03,Olivia Garcia
CON00676,Ananya,Taylor,ananya.taylor676@c0085.com,Data Manager,C0085,North America,+1-402-350-7947,True,2022-08-03,Ananya Taylor
CON00677,Harper,Taylor,harper.taylor677@c0296.com,Product Manager,C0296,North America,+1-850-306-5454,False,2022-10-02,Harper Taylor
CON00678,Olivia,Thomas,olivia.thomas678@c0204.com,Director of Engineering,C0204,North America,+1-371-582-8231,False,2022-11-04,Olivia Thomas
CON00679,Priya,Kumar,priya.kumar679@c0080.com,Product Manager,C0080,Middle East & Africa,+1-220-880-7249,False,2022-06-22,Priya Kumar
CON00680,Harper,Eze,harper.eze680@c0276.com,CFO,C0276,Europe,+1-766-844-3878,True,2022-09-27,Harper Eze
CON00681,Harper,Harris,harper.harris681@c0146.com,Director of Engineering,C0146,Europe,+1-775-720-8878,True,2022-07-05,Harper Harris
CON00682,Carlos,Miller,carlos.miller682@c0080.com,VP Sales,C0080,Middle East & Africa,+1-204-113-9203,False,2022-09-04,Carlos Miller
CON00683,Maria,Jackson,maria.jackson683@c0474.com,Director of Engineering,C0474,North America,+1-604-860-7113,False,2022-08-18,Maria Jackson
CON00684,David,White,david.white684@c0454.com,CEO,C0454,APAC,+1-327-494-3660,True,2022-09-20,David White
CON00685,Ethan,Kumar,ethan.kumar685@c0468.com,Data Manager,C0468,Latin America,+1-556-621-9005,False,2022-09-03,Ethan Kumar
CON00686,Emma,Nwosu,emma.nwosu686@c0198.com,Director of Engineering,C0198,North America,+1-953-352-4970,False,2022-12-26,Emma Nwosu
CON00687,Ngozi,Nwosu,ngozi.nwosu687@c0362.com,IT Manager,C0362,APAC,+1-228-814-3422,True,2022-09-25,Ngozi Nwosu
CON00688,Ava,Wilson,ava.wilson688@c0127.com,Procurement Manager,C0127,Latin America,+1-792-778-3644,True,2022-12-15,Ava Wilson
CON00689,Olivia,Nwosu,olivia.nwosu689@c0365.com,Director of Engineering,C0365,North America,+1-607-823-2316,False,2022-07-19,Olivia Nwosu
CON00690,Priya,Garcia,priya.garcia690@c0425.com,Director of Engineering,C0425,APAC,+1-458-808-5951,False,2022-10-15,Priya Garcia
CON00691,Emeka,Okafor,emeka.okafor691@c0158.com,Data Manager,C0158,APAC,+1-621-870-2456,True,2022-10-25,Emeka Okafor
CON00692,Chidi,Herrera,chidi.herrera692@c0074.com,VP Operations,C0074,Europe,+1-966-314-7520,False,2022-06-02,Chidi Herrera
CON00693,Matthew,Herrera,matthew.herrera693@c0252.com,CEO,C0252,North America,+1-299-171-7845,False,2022-11-15,Matthew Herrera
CON00694,Ryan,Patel,ryan.patel694@c0221.com,CFO,C0221,Europe,+1-380-483-4053,False,2022-07-21,Ryan Patel
CON00695,Maria,Garcia,maria.garcia695@c0258.com,CTO,C0258,Europe,+1-661-680-4482,True,2022-06-16,Maria Garcia
CON00696,Isabella,Sharma,isabella.sharma696@c0389.com,VP Sales,C0389,Middle East & Africa,+1-465-992-7697,False,2022-11-07,Isabella Sharma
CON00697,Daniel,Lopez,daniel.lopez697@c0326.com,CFO,C0326,APAC,+1-281-400-2404,False,2022-08-10,Daniel Lopez
CON00698,David,Anderson,david.anderson698@c0016.com,Procurement Manager,C0016,North America,+1-440-589-8949,False,2022-06-26,David Anderson
CON00699,James,Johnson,james.johnson699@c0137.com,CEO,C0137,North America,+1-881-696-1685,True,2022-10-12,James Johnson
CON00700,James,Jackson,james.jackson700@c0309.com,Operations Manager,C0309,Europe,+1-979-372-8961,False,2022-08-26,James Jackson
CON00701,Priya,Anderson,priya.anderson701@c0190.com,IT Manager,C0190,Middle East & Africa,+1-551-422-4925,False,2022-11-18,Priya Anderson
CON00702,Fatima,Jackson,fatima.jackson702@c0313.com,CEO,C0313,North America,+1-564-994-6410,False,2022-06-01,Fatima Jackson
CON00703,Ananya,Lopez,ananya.lopez703@c0358.com,Director of Engineering,C0358,North America,+1-942-955-3275,True,2022-07-02,Ananya Lopez
CON00704,Ana,Wilson,ana.wilson704@c0487.com,Data Manager,C0487,North America,+1-969-934-5072,False,2022-11-06,Ana Wilson
CON00705,Carlos,Thompson,carlos.thompson705@c0212.com,IT Manager,C0212,APAC,+1-392-103-6278,True,2022-09-01,Carlos Thompson
CON00706,Michael,Sharma,michael.sharma706@c0377.com,Head of IT,C0377,Latin America,+1-894-554-4826,False,2022-09-11,Michael Sharma
CON00707,Olivia,Thomas,olivia.thomas707@c0220.com,Product Manager,C0220,Middle East & Africa,+1-874-977-2645,False,2022-08-15,Olivia Thomas
CON00708,Joshua,Ibrahim,joshua.ibrahim708@c0074.com,Operations Manager,C0074,Europe,+1-785-903-9267,True,2022-10-06,Joshua Ibrahim
CON00709,Olivia,Taylor,olivia.taylor709@c0427.com,IT Manager,C0427,North America,+1-761-995-8648,True,2022-09-23,Olivia Taylor
CON00710,Sophia,Martin,sophia.martin710@c0340.com,Operations Manager,C0340,Latin America,+1-446-349-4467,True,2022-11-16,Sophia Martin
CON00711,Olivia,Brown,olivia.brown711@c0223.com,Data Manager,C0223,Europe,+1-229-264-6349,False,2022-12-14,Olivia Brown
CON00712,Amelia,Davis,amelia.davis712@c0369.com,VP Operations,C0369,North America,+1-881-587-3016,False,2022-10-15,Amelia Davis
CON00713,Maria,Williams,maria.williams713@c0408.com,Data Manager,C0408,APAC,+1-540-992-4666,False,2022-12-14,Maria Williams
CON00714,David,Nwosu,david.nwosu714@c0176.com,Director of Engineering,C0176,North America,+1-934-860-7252,False,2022-12-18,David Nwosu
CON00715,Priya,Sharma,priya.sharma715@c0120.com,VP Sales,C0120,Latin America,+1-465-218-5767,True,2022-06-23,Priya Sharma
CON00716,Adaeze,Patel,adaeze.patel716@c0304.com,VP Sales,C0304,Latin America,+1-962-218-7025,True,2022-08-20,Adaeze Patel
CON00717,Emeka,Okafor,emeka.okafor717@c0378.com,CEO,C0378,North America,+1-518-163-9775,True,2022-09-08,Emeka Okafor
CON00718,Priya,Anderson,priya.anderson718@c0395.com,Head of IT,C0395,North America,+1-895-915-3069,False,2022-11-02,Priya Anderson
CON00719,Andrew,Brown,andrew.brown719@c0203.com,CEO,C0203,APAC,+1-751-972-8546,False,2022-12-26,Andrew Brown
CON00720,Ryan,Herrera,ryan.herrera720@c0113.com,Product Manager,C0113,APAC,+1-896-566-3415,False,2022-07-08,Ryan Herrera
CON00721,Michael,Eze,michael.eze721@c0164.com,VP Operations,C0164,Middle East & Africa,+1-714-805-3022,True,2022-11-28,Michael Eze
CON00722,Carlos,Nwosu,carlos.nwosu722@c0425.com,VP Sales,C0425,APAC,+1-706-398-7171,True,2022-12-25,Carlos Nwosu
CON00723,Adaeze,Jones,adaeze.jones723@c0424.com,Data Manager,C0424,APAC,+1-415-968-4687,False,2022-06-14,Adaeze Jones
CON00724,Isabella,Lopez,isabella.lopez724@c0250.com,Data Manager,C0250,APAC,+1-601-406-3608,False,2022-10-19,Isabella Lopez
CON00725,Fatima,Anderson,fatima.anderson725@c0217.com,IT Manager,C0217,Europe,+1-684-456-7412,False,2022-10-14,Fatima Anderson
CON00726,Ryan,Taylor,ryan.taylor726@c0357.com,VP Sales,C0357,Europe,+1-917-976-9978,False,2022-07-04,Ryan Taylor
CON00727,Kwame,Kumar,kwame.kumar727@c0406.com,Procurement Manager,C0406,Middle East & Africa,+1-255-970-5981,False,2022-07-12,Kwame Kumar
CON00728,Chris,Harris,chris.harris728@c0357.com,Product Manager,C0357,Europe,+1-498-248-4436,True,2022-12-09,Chris Harris
CON00729,Joshua,Patel,joshua.patel729@c0334.com,CEO,C0334,APAC,+1-570-843-2670,False,2022-07-08,Joshua Patel
CON00730,Emeka,White,emeka.white730@c0348.com,CFO,C0348,APAC,+1-257-198-6825,False,2022-07-16,Emeka White
CON00731,Emma,Brown,emma.brown731@c0264.com,IT Manager,C0264,Europe,+1-546-707-8107,False,2022-11-08,Emma Brown
CON00732,Fatima,Davis,fatima.davis732@c0018.com,CTO,C0018,APAC,+1-446-506-9005,False,2022-10-31,Fatima Davis
CON00733,Isabella,Nwosu,isabella.nwosu733@c0382.com,Director of Engineering,C0382,Latin America,+1-994-808-2468,False,2022-12-27,Isabella Nwosu
CON00734,Emeka,Wilson,emeka.wilson734@c0324.com,IT Manager,C0324,Europe,+1-655-476-1190,True,2022-06-22,Emeka Wilson
CON00735,Sophia,Martin,sophia.martin735@c0329.com,IT Manager,C0329,Latin America,+1-721-330-1377,False,2022-10-25,Sophia Martin
CON00736,Carlos,Wilson,carlos.wilson736@c0356.com,Data Manager,C0356,APAC,+1-296-913-3967,False,2022-11-13,Carlos Wilson
CON00737,Priya,Taylor,priya.taylor737@c0293.com,CFO,C0293,Middle East & Africa,+1-301-433-2040,False,2022-12-21,Priya Taylor
CON00738,Isabella,Jackson,isabella.jackson738@c0417.com,Data Manager,C0417,APAC,+1-220-503-9788,False,2022-10-14,Isabella Jackson
CON00739,Maria,Williams,maria.williams739@c0266.com,Procurement Manager,C0266,APAC,+1-751-830-3033,False,2022-07-24,Maria Williams
CON00740,Sophia,Garcia,sophia.garcia740@c0442.com,Procurement Manager,C0442,Latin America,+1-911-284-1087,False,2022-12-22,Sophia Garcia
CON00741,Kwame,Brown,kwame.brown741@c0021.com,CFO,C0021,Latin America,+1-788-311-3641,True,2022-08-05,Kwame Brown
CON00742,Michael,Williams,michael.williams742@c0064.com,Operations Manager,C0064,APAC,+1-505-472-9919,True,2022-11-16,Michael Williams
CON00743,James,Davis,james.davis743@c0154.com,CEO,C0154,North America,+1-731-901-5807,False,2022-09-22,James Davis
CON00744,Chris,Okafor,chris.okafor744@c0252.com,Data Manager,C0252,North America,+1-520-635-6769,False,2022-10-09,Chris Okafor
CON00745,Mia,Ibrahim,mia.ibrahim745@c0051.com,IT Manager,C0051,Europe,+1-245-342-1601,True,2022-08-16,Mia Ibrahim
CON00746,Mia,Jones,mia.jones746@c0309.com,Operations Manager,C0309,Europe,+1-421-705-6882,True,2022-12-04,Mia Jones
CON00747,Priya,Williams,priya.williams747@c0282.com,VP Operations,C0282,APAC,+1-466-490-3675,False,2022-06-22,Priya Williams
CON00748,Ethan,Adeleke,ethan.adeleke748@c0218.com,Data Manager,C0218,Middle East & Africa,+1-346-648-4338,True,2022-12-05,Ethan Adeleke
CON00749,Amelia,Nwosu,amelia.nwosu749@c0357.com,IT Manager,C0357,Europe,+1-397-831-7097,False,2022-11-13,Amelia Nwosu
CON00750,Luis,Eze,luis.eze750@c0084.com,Director of Engineering,C0084,Latin America,+1-357-423-8104,False,2022-11-02,Luis Eze
CON00751,Charlotte,Williams,charlotte.williams751@c0139.com,CTO,C0139,North America,+1-744-212-9984,False,2022-08-24,Charlotte Williams
CON00752,Olivia,Thomas,olivia.thomas752@c0466.com,Head of IT,C0466,Middle East & Africa,+1-996-379-3397,False,2022-07-28,Olivia Thomas
CON00753,Amelia,Smith,amelia.smith753@c0051.com,Director of Engineering,C0051,Europe,+1-427-487-2720,False,2022-07-02,Amelia Smith
CON00754,Isabella,Thompson,isabella.thompson754@c0373.com,VP Operations,C0373,Europe,+1-802-941-9021,True,2022-08-29,Isabella Thompson
CON00755,Ryan,Moore,ryan.moore755@c0139.com,Procurement Manager,C0139,North America,+1-301-149-3797,False,2022-12-10,Ryan Moore
CON00756,Emeka,Garcia,emeka.garcia756@c0177.com,Data Manager,C0177,Europe,+1-894-907-9711,False,2022-09-12,Emeka Garcia
CON00757,Carlos,Okafor,carlos.okafor757@c0066.com,VP Operations,C0066,North America,+1-209-803-9414,False,2022-11-16,Carlos Okafor
CON00758,Chris,Jones,chris.jones758@c0194.com,Procurement Manager,C0194,Latin America,+1-953-373-1866,False,2022-11-11,Chris Jones
CON00759,Ngozi,Ibrahim,ngozi.ibrahim759@c0399.com,VP Sales,C0399,Latin America,+1-894-723-7852,False,2022-07-17,Ngozi Ibrahim
CON00760,Raj,Thomas,raj.thomas760@c0409.com,Product Manager,C0409,Latin America,+1-714-393-5519,False,2022-10-12,Raj Thomas
CON00761,Andrew,Taylor,andrew.taylor761@c0326.com,CTO,C0326,APAC,+1-512-516-6123,False,2022-11-10,Andrew Taylor
CON00762,Olivia,Williams,olivia.williams762@c0374.com,VP Sales,C0374,Europe,+1-295-269-1940,True,2022-08-13,Olivia Williams
CON00763,Maria,Sharma,maria.sharma763@c0448.com,CEO,C0448,Middle East & Africa,+1-634-793-9334,False,2022-07-05,Maria Sharma
CON00764,Carlos,Martin,carlos.martin764@c0264.com,IT Manager,C0264,Europe,+1-893-645-3042,False,2022-11-05,Carlos Martin
CON00765,Joshua,Chen,joshua.chen765@c0426.com,Data Manager,C0426,APAC,+1-207-831-7962,False,2022-12-09,Joshua Chen
CON00766,Chidi,Davis,chidi.davis766@c0379.com,IT Manager,C0379,Europe,+1-740-800-1693,False,2022-07-14,Chidi Davis
CON00767,Ana,Nguyen,ana.nguyen767@c0116.com,CFO,C0116,Latin America,+1-276-475-3184,False,2022-06-14,Ana Nguyen
CON00768,Priya,Martin,priya.martin768@c0195.com,CFO,C0195,APAC,+1-582-215-6537,False,2022-08-03,Priya Martin
CON00769,Sophia,Taylor,sophia.taylor769@c0154.com,Product Manager,C0154,North America,+1-500-371-4490,True,2022-11-09,Sophia Taylor
CON00770,Fatima,Miller,fatima.miller770@c0473.com,VP Operations,C0473,North America,+1-858-627-1580,False,2022-11-06,Fatima Miller
CON00771,Maria,Johnson,maria.johnson771@c0183.com,CEO,C0183,Latin America,+1-830-571-6382,True,2022-06-28,Maria Johnson
CON00772,James,Thomas,james.thomas772@c0456.com,Data Manager,C0456,Latin America,+1-390-511-6808,True,2022-09-19,James Thomas
CON00773,Maria,Miller,maria.miller773@c0044.com,Operations Manager,C0044,Europe,+1-726-257-7729,True,2022-10-03,Maria Miller
CON00774,James,Jones,james.jones774@c0394.com,IT Manager,C0394,North America,+1-456-331-8711,False,2022-08-16,James Jones
CON00775,Ngozi,White,ngozi.white775@c0457.com,CFO,C0457,Europe,+1-749-931-5415,True,2022-09-21,Ngozi White
CON00776,Raj,Garcia,raj.garcia776@c0072.com,Head of IT,C0072,Latin America,+1-965-544-1095,False,2022-11-29,Raj Garcia
CON00777,Joshua,Brown,joshua.brown777@c0098.com,VP Operations,C0098,Middle East & Africa,+1-241-236-7464,False,2022-08-24,Joshua Brown
CON00778,Michael,Garcia,michael.garcia778@c0342.com,VP Sales,C0342,Latin America,+1-690-781-5354,True,2022-10-04,Michael Garcia
CON00779,Maria,Sharma,maria.sharma779@c0350.com,Data Manager,C0350,Europe,+1-330-432-7551,False,2022-12-07,Maria Sharma
CON00780,Emeka,Jones,emeka.jones780@c0057.com,CTO,C0057,Europe,+1-221-229-3548,False,2022-06-04,Emeka Jones
CON00781,Charlotte,Johnson,charlotte.johnson781@c0348.com,Head of IT,C0348,APAC,+1-639-711-1131,False,2022-08-14,Charlotte Johnson
CON00782,Ryan,Martin,ryan.martin782@c0043.com,Director of Engineering,C0043,Middle East & Africa,+1-453-732-3498,False,2022-07-18,Ryan Martin
CON00783,Charlotte,Wilson,charlotte.wilson783@c0393.com,CTO,C0393,Europe,+1-469-817-5052,False,2022-09-18,Charlotte Wilson
CON00784,Joshua,Martin,joshua.martin784@c0362.com,CTO,C0362,APAC,+1-917-847-9230,False,2022-07-19,Joshua Martin
CON00785,Ava,Davis,ava.davis785@c0062.com,CFO,C0062,Middle East & Africa,+1-610-139-5486,False,2022-07-08,Ava Davis
CON00786,Priya,Smith,priya.smith786@c0316.com,VP Sales,C0316,North America,+1-293-985-1834,False,2022-10-13,Priya Smith
CON00787,Harper,Ibrahim,harper.ibrahim787@c0325.com,VP Sales,C0325,Latin America,+1-427-444-7980,False,2022-10-09,Harper Ibrahim
CON00788,Priya,Nwosu,priya.nwosu788@c0027.com,VP Operations,C0027,Europe,+1-312-375-6956,True,2022-08-29,Priya Nwosu
CON00789,Yusuf,Davis,yusuf.davis789@c0164.com,CEO,C0164,Middle East & Africa,+1-386-141-1008,True,2022-12-08,Yusuf Davis
CON00790,Kwame,Miller,kwame.miller790@c0147.com,Product Manager,C0147,Middle East & Africa,+1-486-721-2650,False,2022-08-04,Kwame Miller
CON00791,Maria,Thomas,maria.thomas791@c0172.com,VP Operations,C0172,Europe,+1-314-199-1223,False,2022-12-15,Maria Thomas
CON00792,Chris,Anderson,chris.anderson792@c0185.com,Data Manager,C0185,APAC,+1-570-860-9664,False,2022-07-31,Chris Anderson
CON00793,Amelia,Miller,amelia.miller793@c0300.com,Director of Engineering,C0300,North America,+1-289-208-3137,False,2022-11-02,Amelia Miller
CON00794,Sophia,Johnson,sophia.johnson794@c0301.com,IT Manager,C0301,Latin America,+1-395-297-8303,False,2022-06-20,Sophia Johnson
CON00795,Adaeze,Taylor,adaeze.taylor795@c0372.com,Product Manager,C0372,Middle East & Africa,+1-979-306-9741,False,2022-06-12,Adaeze Taylor
CON00796,Chris,Miller,chris.miller796@c0215.com,Operations Manager,C0215,Latin America,+1-928-358-6690,False,2022-09-23,Chris Miller
CON00797,Sophia,Chen,sophia.chen797@c0224.com,CTO,C0224,North America,+1-694-529-9581,False,2022-10-07,Sophia Chen
CON00798,Sarah,Garcia,sarah.garcia798@c0307.com,VP Operations,C0307,APAC,+1-913-232-5745,True,2022-10-23,Sarah Garcia
CON00799,Emma,Sharma,emma.sharma799@c0498.com,Data Manager,C0498,Latin America,+1-394-858-7512,False,2022-10-15,Emma Sharma
CON00800,Luis,Williams,luis.williams800@c0085.com,Product Manager,C0085,North America,+1-968-621-7293,False,2022-09-08,Luis Williams
CON00801,Fatima,Eze,fatima.eze801@c0140.com,VP Sales,C0140,Latin America,+1-388-103-3621,False,2022-10-30,Fatima Eze
CON00802,James,Nguyen,james.nguyen802@c0476.com,Operations Manager,C0476,Middle East & Africa,+1-666-615-9602,True,2022-07-27,James Nguyen
CON00803,Ryan,Ibrahim,ryan.ibrahim803@c0138.com,Operations Manager,C0138,APAC,+1-321-275-4668,True,2022-07-31,Ryan Ibrahim
CON00804,Ryan,Johnson,ryan.johnson804@c0328.com,CFO,C0328,APAC,+1-484-236-5430,False,2022-06-14,Ryan Johnson
CON00805,Charlotte,Herrera,charlotte.herrera805@c0108.com,Operations Manager,C0108,APAC,+1-318-101-6692,False,2022-09-03,Charlotte Herrera
CON00806,Kwame,Williams,kwame.williams806@c0485.com,Data Manager,C0485,Middle East & Africa,+1-762-370-3189,False,2022-11-04,Kwame Williams
CON00807,Ryan,Anderson,ryan.anderson807@c0030.com,IT Manager,C0030,APAC,+1-210-943-6824,True,2022-08-11,Ryan Anderson
CON00808,Isabella,Wilson,isabella.wilson808@c0498.com,CEO,C0498,Latin America,+1-750-773-2743,False,2022-11-24,Isabella Wilson
CON00809,Emeka,Nwosu,emeka.nwosu809@c0132.com,IT Manager,C0132,APAC,+1-849-718-4377,False,2022-07-27,Emeka Nwosu
CON00810,Kwame,Wilson,kwame.wilson810@c0105.com,Procurement Manager,C0105,Latin America,+1-844-927-7479,True,2022-07-30,Kwame Wilson
CON00811,Priya,Thomas,priya.thomas811@c0076.com,Product Manager,C0076,North America,+1-295-607-3973,False,2022-12-26,Priya Thomas
CON00812,Isabella,Miller,isabella.miller812@c0292.com,Product Manager,C0292,Latin America,+1-946-284-5621,True,2022-07-12,Isabella Miller
CON00813,Isabella,Herrera,isabella.herrera813@c0202.com,IT Manager,C0202,Europe,+1-822-292-2137,True,2022-09-18,Isabella Herrera
CON00814,Charlotte,Harris,charlotte.harris814@c0466.com,IT Manager,C0466,Middle East & Africa,+1-612-202-9630,True,2022-12-10,Charlotte Harris
CON00815,James,Eze,james.eze815@c0052.com,Director of Engineering,C0052,Latin America,+1-593-121-2802,False,2022-12-13,James Eze
CON00816,Michael,Jones,michael.jones816@c0128.com,CTO,C0128,Latin America,+1-474-246-1221,False,2022-06-03,Michael Jones
CON00817,Daniel,Moore,daniel.moore817@c0377.com,Head of IT,C0377,Latin America,+1-924-187-4314,True,2022-12-12,Daniel Moore
CON00818,Raj,Herrera,raj.herrera818@c0084.com,VP Operations,C0084,Latin America,+1-539-590-3531,True,2022-10-18,Raj Herrera
CON00819,Amelia,Nwosu,amelia.nwosu819@c0279.com,CTO,C0279,Europe,+1-221-944-1729,True,2022-08-15,Amelia Nwosu
CON00820,Daniel,Thompson,daniel.thompson820@c0454.com,Director of Engineering,C0454,APAC,+1-345-101-4675,True,2022-09-18,Daniel Thompson
CON00821,Emeka,Jones,emeka.jones821@c0181.com,IT Manager,C0181,North America,+1-493-331-7303,False,2022-12-01,Emeka Jones
CON00822,Sophia,Martin,sophia.martin822@c0087.com,CTO,C0087,APAC,+1-429-204-5617,False,2022-11-05,Sophia Martin
CON00823,Adaeze,Brown,adaeze.brown823@c0185.com,CTO,C0185,APAC,+1-244-719-3475,True,2022-10-14,Adaeze Brown
CON00824,Adaeze,Eze,adaeze.eze824@c0093.com,IT Manager,C0093,APAC,+1-635-253-5940,False,2022-08-13,Adaeze Eze
CON00825,Chidi,Nguyen,chidi.nguyen825@c0054.com,VP Operations,C0054,Latin America,+1-711-777-7047,False,2022-12-25,Chidi Nguyen
CON00826,David,Sharma,david.sharma826@c0002.com,CFO,C0002,Latin America,+1-996-771-3401,False,2022-09-08,David Sharma
CON00827,Raj,Patel,raj.patel827@c0408.com,Product Manager,C0408,APAC,+1-268-215-8003,False,2022-08-11,Raj Patel
CON00828,Ava,Williams,ava.williams828@c0166.com,CFO,C0166,Middle East & Africa,+1-386-885-7308,False,2022-10-05,Ava Williams
CON00829,Priya,Martin,priya.martin829@c0356.com,Director of Engineering,C0356,APAC,+1-816-912-6463,True,2022-11-15,Priya Martin
CON00830,Charlotte,Jackson,charlotte.jackson830@c0215.com,Operations Manager,C0215,Latin America,+1-709-651-9745,False,2022-10-16,Charlotte Jackson
CON00831,Andrew,Jackson,andrew.jackson831@c0043.com,Procurement Manager,C0043,Middle East & Africa,+1-932-531-9633,False,2022-11-25,Andrew Jackson
CON00832,Andrew,Ibrahim,andrew.ibrahim832@c0045.com,VP Sales,C0045,Europe,+1-570-102-4330,False,2022-06-05,Andrew Ibrahim
CON00833,Ngozi,Moore,ngozi.moore833@c0243.com,CFO,C0243,Europe,+1-312-161-6723,False,2022-12-17,Ngozi Moore
CON00834,Chris,Taylor,chris.taylor834@c0236.com,CFO,C0236,North America,+1-764-531-4973,True,2022-07-28,Chris Taylor
CON00835,Emma,Patel,emma.patel835@c0071.com,CTO,C0071,APAC,+1-912-820-3344,False,2022-06-07,Emma Patel
CON00836,Priya,Thomas,priya.thomas836@c0028.com,Data Manager,C0028,Middle East & Africa,+1-308-778-2208,False,2022-10-31,Priya Thomas
CON00837,Matthew,Smith,matthew.smith837@c0076.com,Head of IT,C0076,North America,+1-344-180-5014,True,2022-10-24,Matthew Smith
CON00838,Yusuf,Jones,yusuf.jones838@c0392.com,CFO,C0392,Latin America,+1-681-861-3295,False,2022-11-26,Yusuf Jones
CON00839,Harper,Martin,harper.martin839@c0211.com,Data Manager,C0211,Europe,+1-545-554-1216,True,2022-07-10,Harper Martin
CON00840,Emma,Nguyen,emma.nguyen840@c0329.com,CEO,C0329,Latin America,+1-818-869-3843,False,2022-06-03,Emma Nguyen
CON00841,Fatima,Herrera,fatima.herrera841@c0217.com,IT Manager,C0217,Europe,+1-665-667-5227,False,2022-10-07,Fatima Herrera
CON00842,Harper,Ibrahim,harper.ibrahim842@c0117.com,Director of Engineering,C0117,Europe,+1-360-378-2506,False,2022-07-03,Harper Ibrahim
CON00843,Mia,Jackson,mia.jackson843@c0317.com,CEO,C0317,APAC,+1-424-501-4009,False,2022-10-22,Mia Jackson
CON00844,David,Herrera,david.herrera844@c0355.com,Product Manager,C0355,North America,+1-688-420-7637,False,2022-07-13,David Herrera
CON00845,Emma,Sharma,emma.sharma845@c0191.com,IT Manager,C0191,North America,+1-634-299-5422,True,2022-06-20,Emma Sharma
CON00846,Ngozi,Eze,ngozi.eze846@c0399.com,Head of IT,C0399,Latin America,+1-228-345-5623,True,2022-06-28,Ngozi Eze
CON00847,David,Miller,david.miller847@c0306.com,CEO,C0306,Europe,+1-974-416-4075,False,2022-11-11,David Miller
CON00848,Michael,Davis,michael.davis848@c0138.com,CTO,C0138,APAC,+1-783-678-1735,False,2022-12-20,Michael Davis
CON00849,Carlos,Johnson,carlos.johnson849@c0025.com,Head of IT,C0025,Latin America,+1-295-416-1138,False,2022-12-10,Carlos Johnson
CON00850,Ryan,Jackson,ryan.jackson850@c0257.com,VP Sales,C0257,APAC,+1-522-869-7400,False,2022-07-04,Ryan Jackson
CON00851,Daniel,Anderson,daniel.anderson851@c0209.com,Data Manager,C0209,Latin America,+1-715-203-9227,False,2022-07-09,Daniel Anderson
CON00852,Sarah,Okafor,sarah.okafor852@c0408.com,Director of Engineering,C0408,APAC,+1-688-700-1612,True,2022-07-09,Sarah Okafor
CON00853,Ananya,Williams,ananya.williams853@c0454.com,IT Manager,C0454,APAC,+1-295-835-4794,False,2022-12-24,Ananya Williams
CON00854,Ava,Kumar,ava.kumar854@c0368.com,CFO,C0368,Latin America,+1-713-628-9573,False,2022-08-27,Ava Kumar
CON00855,Raj,Sharma,raj.sharma855@c0068.com,Head of IT,C0068,Europe,+1-497-468-8059,True,2022-11-30,Raj Sharma
CON00856,Emeka,Davis,emeka.davis856@c0107.com,Procurement Manager,C0107,North America,+1-821-176-3496,False,2022-10-06,Emeka Davis
CON00857,Daniel,Sharma,daniel.sharma857@c0008.com,CFO,C0008,Europe,+1-984-991-6071,False,2022-12-22,Daniel Sharma
CON00858,Olivia,Martin,olivia.martin858@c0049.com,Product Manager,C0049,Middle East & Africa,+1-521-273-5843,True,2022-08-11,Olivia Martin
CON00859,Ngozi,Thomas,ngozi.thomas859@c0046.com,CTO,C0046,Europe,+1-383-827-8548,True,2022-09-30,Ngozi Thomas
CON00860,Ethan,Kumar,ethan.kumar860@c0449.com,Product Manager,C0449,Latin America,+1-865-243-3031,False,2022-10-03,Ethan Kumar
CON00861,Michael,Thomas,michael.thomas861@c0440.com,VP Operations,C0440,APAC,+1-610-518-3113,False,2022-10-10,Michael Thomas
CON00862,Kwame,Thomas,kwame.thomas862@c0043.com,IT Manager,C0043,Middle East & Africa,+1-623-618-8374,True,2022-11-22,Kwame Thomas
CON00863,Michael,Eze,michael.eze863@c0330.com,CEO,C0330,North America,+1-958-909-5011,False,2022-10-22,Michael Eze
CON00864,James,Jones,james.jones864@c0437.com,CTO,C0437,Middle East & Africa,+1-497-484-3592,False,2022-06-19,James Jones
CON00865,Andrew,Jackson,andrew.jackson865@c0448.com,Product Manager,C0448,Middle East & Africa,+1-885-195-6716,False,2022-11-12,Andrew Jackson
CON00866,Ananya,Brown,ananya.brown866@c0044.com,CFO,C0044,Europe,+1-949-210-7503,False,2022-07-22,Ananya Brown
CON00867,Fatima,Anderson,fatima.anderson867@c0034.com,Head of IT,C0034,North America,+1-550-718-8967,True,2022-12-07,Fatima Anderson
CON00868,Carlos,Brown,carlos.brown868@c0143.com,Product Manager,C0143,Europe,+1-239-658-3551,False,2022-07-08,Carlos Brown
CON00869,Mia,Anderson,mia.anderson869@c0291.com,CEO,C0291,APAC,+1-815-892-7230,True,2022-12-24,Mia Anderson
CON00870,Ngozi,Sharma,ngozi.sharma870@c0221.com,Product Manager,C0221,Europe,+1-418-155-4465,False,2022-12-12,Ngozi Sharma
CON00871,Priya,Wilson,priya.wilson871@c0130.com,IT Manager,C0130,North America,+1-380-185-3322,True,2022-09-12,Priya Wilson
CON00872,Olivia,Taylor,olivia.taylor872@c0448.com,Data Manager,C0448,Middle East & Africa,+1-662-992-7876,False,2022-11-19,Olivia Taylor
CON00873,Ethan,Garcia,ethan.garcia873@c0426.com,CEO,C0426,APAC,+1-294-538-6603,False,2022-08-16,Ethan Garcia
CON00874,Matthew,Miller,matthew.miller874@c0179.com,Director of Engineering,C0179,APAC,+1-693-586-9773,False,2022-07-12,Matthew Miller
CON00875,Priya,Thomas,priya.thomas875@c0468.com,Data Manager,C0468,Latin America,+1-784-498-1162,False,2022-10-31,Priya Thomas
CON00876,Joshua,Williams,joshua.williams876@c0371.com,IT Manager,C0371,North America,+1-792-731-3369,False,2022-12-28,Joshua Williams
CON00877,Kwame,Smith,kwame.smith877@c0078.com,Product Manager,C0078,Middle East & Africa,+1-351-611-6184,True,2022-11-20,Kwame Smith
CON00878,Yusuf,Wilson,yusuf.wilson878@c0267.com,Data Manager,C0267,Middle East & Africa,+1-203-561-3059,False,2022-11-11,Yusuf Wilson
CON00879,Daniel,Johnson,daniel.johnson879@c0112.com,Data Manager,C0112,Europe,+1-392-530-9947,False,2022-11-01,Daniel Johnson
CON00880,Emeka,Miller,emeka.miller880@c0179.com,VP Sales,C0179,APAC,+1-395-795-1235,False,2022-09-02,Emeka Miller
CON00881,Sarah,Taylor,sarah.taylor881@c0460.com,VP Operations,C0460,APAC,+1-714-938-3043,False,2022-11-14,Sarah Taylor
CON00882,Ananya,White,ananya.white882@c0211.com,Head of IT,C0211,Europe,+1-560-948-9887,False,2022-12-13,Ananya White
CON00883,Adaeze,Brown,adaeze.brown883@c0475.com,CFO,C0475,North America,+1-669-538-7113,True,2022-10-31,Adaeze Brown
CON00884,Matthew,Moore,matthew.moore884@c0224.com,Director of Engineering,C0224,North America,+1-491-965-8167,False,2022-11-27,Matthew Moore
CON00885,Daniel,Williams,daniel.williams885@c0413.com,CTO,C0413,Europe,+1-291-765-1269,False,2022-09-14,Daniel Williams
CON00886,Daniel,Martin,daniel.martin886@c0384.com,Procurement Manager,C0384,Latin America,+1-757-202-8276,False,2022-12-24,Daniel Martin
CON00887,Michael,Adeleke,michael.adeleke887@c0149.com,Director of Engineering,C0149,North America,+1-416-328-8448,False,2022-06-30,Michael Adeleke
CON00888,Joshua,Lopez,joshua.lopez888@c0241.com,CTO,C0241,APAC,+1-559-912-8601,False,2022-12-28,Joshua Lopez
CON00889,Fatima,Smith,fatima.smith889@c0482.com,Head of IT,C0482,Europe,+1-429-619-5646,True,2022-11-16,Fatima Smith
CON00890,Ethan,Taylor,ethan.taylor890@c0430.com,Director of Engineering,C0430,APAC,+1-889-347-1068,False,2022-09-15,Ethan Taylor
CON00891,Michael,Smith,michael.smith891@c0014.com,CFO,C0014,APAC,+1-583-960-9502,False,2022-11-01,Michael Smith
CON00892,Kwame,Anderson,kwame.anderson892@c0088.com,Procurement Manager,C0088,Europe,+1-640-347-7412,True,2022-11-12,Kwame Anderson
CON00893,Fatima,Herrera,fatima.herrera893@c0027.com,Procurement Manager,C0027,Europe,+1-639-231-7396,False,2022-07-15,Fatima Herrera
CON00894,Fatima,Nguyen,fatima.nguyen894@c0163.com,Operations Manager,C0163,APAC,+1-362-547-4784,True,2022-12-23,Fatima Nguyen
CON00895,Chris,Thompson,chris.thompson895@c0061.com,IT Manager,C0061,Europe,+1-790-903-7422,False,2022-11-08,Chris Thompson
CON00896,Ethan,Herrera,ethan.herrera896@c0284.com,CFO,C0284,North America,+1-530-308-2527,True,2022-09-20,Ethan Herrera
CON00897,James,Nwosu,james.nwosu897@c0395.com,Procurement Manager,C0395,North America,+1-356-128-9907,False,2022-06-21,James Nwosu
CON00898,Emeka,Smith,emeka.smith898@c0381.com,Data Manager,C0381,Middle East & Africa,+1-333-564-6867,True,2022-11-15,Emeka Smith
CON00899,Andrew,Taylor,andrew.taylor899@c0100.com,Operations Manager,C0100,North America,+1-451-843-7194,False,2022-11-16,Andrew Taylor
CON00900,Emma,Wilson,emma.wilson900@c0043.com,CFO,C0043,Middle East & Africa,+1-842-123-2694,True,2022-10-31,Emma Wilson
CON00901,Sophia,Brown,sophia.brown901@c0073.com,VP Operations,C0073,North America,+1-468-284-2520,True,2022-09-01,Sophia Brown
CON00902,Mia,Jackson,mia.jackson902@c0052.com,Product Manager,C0052,Latin America,+1-222-523-2205,False,2022-11-08,Mia Jackson
CON00903,David,Miller,david.miller903@c0352.com,Director of Engineering,C0352,North America,+1-584-421-8387,False,2022-07-17,David Miller
CON00904,Harper,Smith,harper.smith904@c0463.com,CFO,C0463,Europe,+1-875-680-1515,True,2022-08-27,Harper Smith
CON00905,Chidi,Martin,chidi.martin905@c0315.com,Procurement Manager,C0315,Latin America,+1-759-105-3595,False,2022-08-05,Chidi Martin
CON00906,Sophia,Miller,sophia.miller906@c0311.com,CEO,C0311,Europe,+1-748-123-9486,False,2022-07-10,Sophia Miller
CON00907,Mia,Lopez,mia.lopez907@c0187.com,CTO,C0187,Latin America,+1-422-130-6366,True,2022-06-22,Mia Lopez
CON00908,Chris,Wilson,chris.wilson908@c0141.com,Product Manager,C0141,Latin America,+1-404-194-6710,False,2022-11-14,Chris Wilson
CON00909,Ryan,Harris,ryan.harris909@c0382.com,Product Manager,C0382,Latin America,+1-646-624-7552,False,2022-08-04,Ryan Harris
CON00910,Isabella,Miller,isabella.miller910@c0352.com,Data Manager,C0352,North America,+1-487-502-2685,False,2022-12-14,Isabella Miller
CON00911,Harper,Garcia,harper.garcia911@c0407.com,VP Sales,C0407,Europe,+1-939-599-8101,False,2022-09-17,Harper Garcia
CON00912,Amelia,Herrera,amelia.herrera912@c0164.com,Procurement Manager,C0164,Middle East & Africa,+1-310-721-7275,False,2022-10-24,Amelia Herrera
CON00913,Chidi,Thomas,chidi.thomas913@c0460.com,IT Manager,C0460,APAC,+1-265-560-3740,False,2022-10-09,Chidi Thomas
CON00914,Ethan,Okafor,ethan.okafor914@c0210.com,VP Operations,C0210,Europe,+1-818-946-9691,False,2022-06-08,Ethan Okafor
CON00915,Sophia,Garcia,sophia.garcia915@c0415.com,Head of IT,C0415,APAC,+1-639-909-4046,False,2022-06-19,Sophia Garcia
CON00916,Mia,Adeleke,mia.adeleke916@c0191.com,Head of IT,C0191,North America,+1-348-898-6151,True,2022-08-21,Mia Adeleke
CON00917,James,Ibrahim,james.ibrahim917@c0169.com,VP Sales,C0169,Latin America,+1-676-681-6268,False,2022-10-22,James Ibrahim
CON00918,David,Jackson,david.jackson918@c0146.com,Procurement Manager,C0146,Europe,+1-417-639-4562,True,2022-08-11,David Jackson
CON00919,David,Okafor,david.okafor919@c0458.com,IT Manager,C0458,Middle East & Africa,+1-631-798-8130,False,2022-08-21,David Okafor
CON00920,Joshua,Miller,joshua.miller920@c0026.com,Product Manager,C0026,APAC,+1-710-147-5496,False,2022-07-02,Joshua Miller
CON00921,Raj,Garcia,raj.garcia921@c0308.com,Head of IT,C0308,Middle East & Africa,+1-805-492-4873,False,2022-08-12,Raj Garcia
CON00922,Sarah,Nwosu,sarah.nwosu922@c0402.com,Procurement Manager,C0402,Latin America,+1-204-572-5659,True,2022-09-12,Sarah Nwosu
CON00923,Michael,Nguyen,michael.nguyen923@c0274.com,Operations Manager,C0274,APAC,+1-240-445-1266,True,2022-06-25,Michael Nguyen
CON00924,Yusuf,Patel,yusuf.patel924@c0155.com,VP Operations,C0155,APAC,+1-524-871-6665,False,2022-10-21,Yusuf Patel
CON00925,Kwame,Martin,kwame.martin925@c0314.com,CEO,C0314,APAC,+1-602-405-8447,False,2022-11-12,Kwame Martin
CON00926,Sophia,Herrera,sophia.herrera926@c0192.com,Procurement Manager,C0192,APAC,+1-305-129-4670,True,2022-06-03,Sophia Herrera
CON00927,Chris,Brown,chris.brown927@c0166.com,Data Manager,C0166,Middle East & Africa,+1-941-546-4708,True,2022-07-19,Chris Brown
CON00928,Ngozi,Herrera,ngozi.herrera928@c0463.com,Operations Manager,C0463,Europe,+1-205-804-1860,True,2022-12-18,Ngozi Herrera
CON00929,Michael,Brown,michael.brown929@c0025.com,VP Operations,C0025,Latin America,+1-276-370-6395,False,2022-12-20,Michael Brown
CON00930,Emeka,Wilson,emeka.wilson930@c0358.com,CFO,C0358,North America,+1-341-697-8548,True,2022-08-21,Emeka Wilson
CON00931,Ava,Kumar,ava.kumar931@c0300.com,Director of Engineering,C0300,North America,+1-852-557-3004,False,2022-08-01,Ava Kumar
CON00932,Carlos,Adeleke,carlos.adeleke932@c0251.com,VP Operations,C0251,Middle East & Africa,+1-529-891-8908,True,2022-08-07,Carlos Adeleke
CON00933,Ryan,Ibrahim,ryan.ibrahim933@c0043.com,Head of IT,C0043,Middle East & Africa,+1-771-955-4971,False,2022-12-06,Ryan Ibrahim
CON00934,Mia,Ibrahim,mia.ibrahim934@c0040.com,CTO,C0040,Latin America,+1-706-161-4481,True,2022-07-26,Mia Ibrahim
CON00935,Ananya,Herrera,ananya.herrera935@c0198.com,VP Sales,C0198,North America,+1-699-207-6577,True,2022-10-30,Ananya Herrera
CON00936,Ana,Thompson,ana.thompson936@c0440.com,Head of IT,C0440,APAC,+1-978-419-8438,False,2022-10-08,Ana Thompson
CON00937,Daniel,Chen,daniel.chen937@c0067.com,VP Sales,C0067,North America,+1-572-494-8412,False,2022-10-10,Daniel Chen
CON00938,Joshua,Kumar,joshua.kumar938@c0205.com,VP Sales,C0205,Latin America,+1-270-384-7931,True,2022-08-18,Joshua Kumar
CON00939,Daniel,Jones,daniel.jones939@c0237.com,CTO,C0237,Middle East & Africa,+1-962-212-4941,True,2022-09-26,Daniel Jones
CON00940,Isabella,Wilson,isabella.wilson940@c0015.com,Product Manager,C0015,APAC,+1-877-643-8416,False,2022-07-01,Isabella Wilson
CON00941,Olivia,Thomas,olivia.thomas941@c0221.com,VP Sales,C0221,Europe,+1-354-506-9227,False,2022-08-25,Olivia Thomas
CON00942,Emma,Harris,emma.harris942@c0140.com,Head of IT,C0140,Latin America,+1-300-150-7267,False,2022-09-17,Emma Harris
CON00943,Joshua,Taylor,joshua.taylor943@c0097.com,Director of Engineering,C0097,Europe,+1-380-708-5520,False,2022-10-05,Joshua Taylor
CON00944,Ana,White,ana.white944@c0056.com,IT Manager,C0056,Europe,+1-251-761-5078,False,2022-07-27,Ana White
CON00945,Sophia,Johnson,sophia.johnson945@c0459.com,CEO,C0459,APAC,+1-789-372-4911,True,2022-06-26,Sophia Johnson
CON00946,Amelia,Davis,amelia.davis946@c0452.com,Procurement Manager,C0452,North America,+1-916-833-7628,False,2022-06-26,Amelia Davis
CON00947,Andrew,Patel,andrew.patel947@c0422.com,Data Manager,C0422,Europe,+1-474-607-4370,True,2022-07-23,Andrew Patel
CON00948,Chidi,Nwosu,chidi.nwosu948@c0148.com,Data Manager,C0148,North America,+1-810-394-1050,True,2022-10-07,Chidi Nwosu
CON00949,Carlos,Patel,carlos.patel949@c0157.com,Data Manager,C0157,Middle East & Africa,+1-444-274-6162,False,2022-07-13,Carlos Patel
CON00950,Isabella,Anderson,isabella.anderson950@c0461.com,Product Manager,C0461,Europe,+1-345-113-8775,False,2022-06-06,Isabella Anderson
CON00951,Isabella,Wilson,isabella.wilson951@c0452.com,CTO,C0452,North America,+1-374-795-1159,False,2022-09-30,Isabella Wilson
CON00952,James,Martin,james.martin952@c0448.com,VP Sales,C0448,Middle East & Africa,+1-683-212-1740,False,2022-10-24,James Martin
CON00953,Ryan,Herrera,ryan.herrera953@c0117.com,Operations Manager,C0117,Europe,+1-715-271-3401,False,2022-06-26,Ryan Herrera
CON00954,Harper,Sharma,harper.sharma954@c0377.com,Head of IT,C0377,Latin America,+1-663-602-6747,False,2022-08-05,Harper Sharma
CON00955,Maria,Wilson,maria.wilson955@c0187.com,Product Manager,C0187,Latin America,+1-213-947-6777,False,2022-08-25,Maria Wilson
CON00956,Ana,Kumar,ana.kumar956@c0340.com,Procurement Manager,C0340,Latin America,+1-695-215-5422,False,2022-12-04,Ana Kumar
CON00957,Sarah,Jones,sarah.jones957@c0211.com,VP Sales,C0211,Europe,+1-875-245-6852,False,2022-08-02,Sarah Jones
CON00958,Priya,Thomas,priya.thomas958@c0106.com,Data Manager,C0106,APAC,+1-291-298-7189,False,2022-08-10,Priya Thomas
CON00959,Raj,Nguyen,raj.nguyen959@c0270.com,CFO,C0270,North America,+1-471-795-6715,False,2022-09-09,Raj Nguyen
CON00960,Yusuf,Wilson,yusuf.wilson960@c0159.com,VP Sales,C0159,Europe,+1-242-693-9520,False,2022-12-31,Yusuf Wilson
CON00961,Sophia,White,sophia.white961@c0408.com,Product Manager,C0408,APAC,+1-780-911-6685,True,2022-06-03,Sophia White
CON00962,Maria,Chen,maria.chen962@c0351.com,CFO,C0351,Middle East & Africa,+1-677-797-3461,False,2022-08-14,Maria Chen
CON00963,Matthew,Taylor,matthew.taylor963@c0250.com,VP Operations,C0250,APAC,+1-266-918-5828,True,2022-06-11,Matthew Taylor
CON00964,Mia,Taylor,mia.taylor964@c0423.com,Procurement Manager,C0423,North America,+1-326-154-9001,False,2022-09-19,Mia Taylor
CON00965,Chidi,Adeleke,chidi.adeleke965@c0428.com,CEO,C0428,Latin America,+1-251-357-3256,False,2022-08-12,Chidi Adeleke
CON00966,Luis,Adeleke,luis.adeleke966@c0491.com,Operations Manager,C0491,APAC,+1-358-188-5434,True,2022-12-05,Luis Adeleke
CON00967,Joshua,White,joshua.white967@c0300.com,CTO,C0300,North America,+1-497-324-1526,False,2022-08-30,Joshua White
CON00968,Charlotte,Sharma,charlotte.sharma968@c0348.com,IT Manager,C0348,APAC,+1-595-532-7539,False,2022-06-26,Charlotte Sharma
CON00969,Ethan,Chen,ethan.chen969@c0155.com,Procurement Manager,C0155,APAC,+1-518-277-8140,False,2022-08-22,Ethan Chen
CON00970,Chris,Adeleke,chris.adeleke970@c0394.com,VP Sales,C0394,North America,+1-456-238-7820,False,2022-08-17,Chris Adeleke
CON00971,Harper,Williams,harper.williams971@c0153.com,Procurement Manager,C0153,North America,+1-843-572-9942,True,2022-12-18,Harper Williams
CON00972,Priya,Brown,priya.brown972@c0071.com,Operations Manager,C0071,APAC,+1-652-810-6132,False,2022-11-23,Priya Brown
CON00973,Chidi,Harris,chidi.harris973@c0182.com,Director of Engineering,C0182,North America,+1-677-530-7721,False,2022-10-22,Chidi Harris
CON00974,Sarah,Kumar,sarah.kumar974@c0216.com,CTO,C0216,Europe,+1-973-243-5954,False,2022-10-27,Sarah Kumar
CON00975,Luis,Thomas,luis.thomas975@c0066.com,Procurement Manager,C0066,North America,+1-756-679-5806,True,2022-09-09,Luis Thomas
CON00976,Chris,Jackson,chris.jackson976@c0344.com,CEO,C0344,North America,+1-673-926-9487,False,2022-06-14,Chris Jackson
CON00977,Olivia,Johnson,olivia.johnson977@c0139.com,IT Manager,C0139,North America,+1-309-441-2595,False,2022-10-23,Olivia Johnson
CON00978,Carlos,Ibrahim,carlos.ibrahim978@c0170.com,CEO,C0170,APAC,+1-324-858-9369,False,2022-06-14,Carlos Ibrahim
CON00979,Mia,Thompson,mia.thompson979@c0074.com,Operations Manager,C0074,Europe,+1-958-607-3234,True,2022-11-20,Mia Thompson
CON00980,Ava,Taylor,ava.taylor980@c0322.com,VP Operations,C0322,Europe,+1-936-106-8945,False,2022-07-22,Ava Taylor
CON00981,Sophia,Williams,sophia.williams981@c0001.com,CFO,C0001,Middle East & Africa,+1-818-223-9516,True,2022-07-23,Sophia Williams
CON00982,Daniel,Martin,daniel.martin982@c0013.com,Operations Manager,C0013,Europe,+1-654-500-1911,False,2022-08-16,Daniel Martin
CON00983,Fatima,Martin,fatima.martin983@c0095.com,VP Sales,C0095,North America,+1-759-366-8194,False,2022-11-05,Fatima Martin
CON00984,Sophia,White,sophia.white984@c0075.com,IT Manager,C0075,Middle East & Africa,+1-222-289-3321,False,2022-11-16,Sophia White
CON00985,Charlotte,Garcia,charlotte.garcia985@c0262.com,Data Manager,C0262,APAC,+1-916-659-4282,False,2022-08-14,Charlotte Garcia
CON00986,Ryan,Adeleke,ryan.adeleke986@c0052.com,Procurement Manager,C0052,Latin America,+1-704-476-5508,False,2022-11-26,Ryan Adeleke
CON00987,Daniel,Harris,daniel.harris987@c0214.com,Director of Engineering,C0214,APAC,+1-351-128-5643,False,2022-10-23,Daniel Harris
CON00988,Emeka,Smith,emeka.smith988@c0298.com,VP Operations,C0298,Europe,+1-234-760-8282,True,2022-08-30,Emeka Smith
CON00989,Chris,Harris,chris.harris989@c0452.com,Data Manager,C0452,North America,+1-669-383-1149,False,2022-08-31,Chris Harris
CON00990,Luis,Lopez,luis.lopez990@c0441.com,Operations Manager,C0441,APAC,+1-415-457-9602,False,2022-06-17,Luis Lopez
CON00991,Isabella,Nwosu,isabella.nwosu991@c0078.com,Head of IT,C0078,Middle East & Africa,+1-871-836-6558,False,2022-12-19,Isabella Nwosu
CON00992,Chris,Wilson,chris.wilson992@c0402.com,IT Manager,C0402,Latin America,+1-510-503-2117,False,2022-11-13,Chris Wilson
CON00993,Carlos,Jackson,carlos.jackson993@c0493.com,Product Manager,C0493,Latin America,+1-820-774-3955,False,2022-10-08,Carlos Jackson
CON00994,Ana,Wilson,ana.wilson994@c0067.com,Data Manager,C0067,North America,+1-531-702-6703,False,2022-12-30,Ana Wilson
CON00995,Fatima,Williams,fatima.williams995@c0024.com,CEO,C0024,Latin America,+1-950-262-4796,True,2022-06-28,Fatima Williams
CON00996,Maria,Chen,maria.chen996@c0348.com,Product Manager,C0348,APAC,+1-531-878-4793,False,2022-12-24,Maria Chen
CON00997,Charlotte,Brown,charlotte.brown997@c0461.com,CFO,C0461,Europe,+1-945-493-7882,False,2022-06-16,Charlotte Brown
CON00998,Ethan,Brown,ethan.brown998@c0020.com,Data Manager,C0020,Middle East & Africa,+1-274-552-7132,False,2022-06-08,Ethan Brown
CON00999,Isabella,Anderson,isabella.anderson999@c0056.com,Data Manager,C0056,Europe,+1-660-486-3182,False,2022-10-25,Isabella Anderson
CON01000,Joshua,Miller,joshua.miller1000@c0130.com,Product Manager,C0130,North America,+1-648-795-5687,True,2022-12-07,Joshua Miller
CON01001,Matthew,White,matthew.white1001@c0417.com,Operations Manager,C0417,APAC,+1-396-188-1397,False,2022-11-19,Matthew White
CON01002,Daniel,Miller,daniel.miller1002@c0018.com,CFO,C0018,APAC,+1-205-468-7685,False,2022-06-19,Daniel Miller
CON01003,Adaeze,Garcia,adaeze.garcia1003@c0350.com,Data Manager,C0350,Europe,+1-945-757-9653,False,2022-12-31,Adaeze Garcia
CON01004,Mia,Okafor,mia.okafor1004@c0424.com,Product Manager,C0424,APAC,+1-712-460-6840,False,2022-10-22,Mia Okafor
CON01005,Chris,Sharma,chris.sharma1005@c0035.com,Product Manager,C0035,APAC,+1-637-740-7162,False,2022-10-24,Chris Sharma
CON01006,Olivia,Jones,olivia.jones1006@c0401.com,Operations Manager,C0401,APAC,+1-505-203-2932,False,2022-06-14,Olivia Jones
CON01007,Adaeze,Smith,adaeze.smith1007@c0115.com,VP Operations,C0115,Europe,+1-457-499-6863,True,2022-07-11,Adaeze Smith
CON01008,Ryan,Williams,ryan.williams1008@c0274.com,Procurement Manager,C0274,APAC,+1-447-973-9482,False,2022-10-07,Ryan Williams
CON01009,Harper,Jackson,harper.jackson1009@c0317.com,CEO,C0317,APAC,+1-759-814-2816,False,2022-08-07,Harper Jackson
CON01010,Sarah,Johnson,sarah.johnson1010@c0174.com,Director of Engineering,C0174,Latin America,+1-467-305-6481,False,2022-06-16,Sarah Johnson
CON01011,Chris,Miller,chris.miller1011@c0281.com,Data Manager,C0281,Latin America,+1-537-875-2021,True,2022-06-19,Chris Miller
CON01012,Michael,Thomas,michael.thomas1012@c0037.com,Director of Engineering,C0037,North America,+1-812-857-2320,False,2022-10-01,Michael Thomas
CON01013,Chris,Wilson,chris.wilson1013@c0371.com,CEO,C0371,North America,+1-306-136-9136,False,2022-11-14,Chris Wilson
CON01014,Chidi,White,chidi.white1014@c0245.com,VP Operations,C0245,Europe,+1-433-121-1906,True,2022-12-18,Chidi White
CON01015,Joshua,Moore,joshua.moore1015@c0312.com,Director of Engineering,C0312,Middle East & Africa,+1-898-800-1296,False,2022-06-14,Joshua Moore
CON01016,Emeka,Kumar,emeka.kumar1016@c0194.com,Data Manager,C0194,Latin America,+1-328-540-7993,False,2022-06-30,Emeka Kumar
CON01017,Raj,Brown,raj.brown1017@c0460.com,Procurement Manager,C0460,APAC,+1-576-460-4172,False,2022-06-15,Raj Brown
CON01018,Charlotte,Davis,charlotte.davis1018@c0048.com,Procurement Manager,C0048,Europe,+1-210-332-7767,False,2022-12-24,Charlotte Davis
CON01019,Michael,Sharma,michael.sharma1019@c0008.com,Data Manager,C0008,Europe,+1-455-932-1931,True,2022-07-03,Michael Sharma
CON01020,Raj,Garcia,raj.garcia1020@c0145.com,CEO,C0145,North America,+1-521-458-5001,False,2022-07-04,Raj Garcia
CON01021,Fatima,Martin,fatima.martin1021@c0337.com,CTO,C0337,Europe,+1-872-178-2251,True,2022-10-18,Fatima Martin
CON01022,Mia,Martin,mia.martin1022@c0362.com,Data Manager,C0362,APAC,+1-565-979-4609,False,2022-08-17,Mia Martin
CON01023,Ngozi,Kumar,ngozi.kumar1023@c0283.com,VP Operations,C0283,Middle East & Africa,+1-869-350-9631,False,2022-08-21,Ngozi Kumar
CON01024,Luis,Brown,luis.brown1024@c0028.com,Head of IT,C0028,Middle East & Africa,+1-620-822-8966,True,2022-07-23,Luis Brown
CON01025,Chris,Herrera,chris.herrera1025@c0500.com,Operations Manager,C0500,Latin America,+1-436-412-4453,True,2022-12-03,Chris Herrera
CON01026,Ava,Johnson,ava.johnson1026@c0121.com,Data Manager,C0121,North America,+1-650-765-8434,False,2022-06-06,Ava Johnson
CON01027,Maria,Herrera,maria.herrera1027@c0018.com,VP Operations,C0018,APAC,+1-484-702-7294,False,2022-06-22,Maria Herrera
CON01028,Emma,Wilson,emma.wilson1028@c0438.com,Procurement Manager,C0438,Latin America,+1-593-607-1308,False,2022-09-07,Emma Wilson
CON01029,Raj,Johnson,raj.johnson1029@c0115.com,VP Sales,C0115,Europe,+1-588-288-8062,False,2022-11-17,Raj Johnson
CON01030,Harper,Johnson,harper.johnson1030@c0278.com,Head of IT,C0278,APAC,+1-226-723-6508,False,2022-08-07,Harper Johnson
CON01031,Mia,Kumar,mia.kumar1031@c0015.com,Head of IT,C0015,APAC,+1-943-949-8111,False,2022-12-18,Mia Kumar
CON01032,Emma,Sharma,emma.sharma1032@c0056.com,Operations Manager,C0056,Europe,+1-597-838-5709,False,2022-10-15,Emma Sharma
CON01033,Ananya,White,ananya.white1033@c0294.com,Data Manager,C0294,Latin America,+1-781-887-9501,True,2022-09-06,Ananya White
CON01034,Ananya,Patel,ananya.patel1034@c0474.com,VP Sales,C0474,North America,+1-335-115-5598,False,2022-08-10,Ananya Patel
CON01035,Olivia,Davis,olivia.davis1035@c0395.com,Operations Manager,C0395,North America,+1-502-445-7465,True,2022-08-10,Olivia Davis
CON01036,Ngozi,Wilson,ngozi.wilson1036@c0338.com,VP Operations,C0338,Middle East & Africa,+1-868-929-1202,True,2022-10-24,Ngozi Wilson
CON01037,Kwame,Herrera,kwame.herrera1037@c0136.com,CFO,C0136,North America,+1-654-573-1282,False,2022-09-28,Kwame Herrera
CON01038,Michael,Thomas,michael.thomas1038@c0246.com,IT Manager,C0246,Europe,+1-769-323-7694,True,2022-06-21,Michael Thomas
CON01039,Amelia,Nguyen,amelia.nguyen1039@c0313.com,Operations Manager,C0313,North America,+1-521-165-8216,True,2022-12-14,Amelia Nguyen
CON01040,Amelia,Wilson,amelia.wilson1040@c0445.com,Product Manager,C0445,Europe,+1-330-332-3858,True,2022-11-06,Amelia Wilson
CON01041,Emma,Davis,emma.davis1041@c0059.com,IT Manager,C0059,Europe,+1-239-288-9302,False,2022-10-27,Emma Davis
CON01042,Kwame,Johnson,kwame.johnson1042@c0284.com,Data Manager,C0284,North America,+1-433-162-5244,False,2022-06-05,Kwame Johnson
CON01043,Chidi,Moore,chidi.moore1043@c0368.com,CEO,C0368,Latin America,+1-814-340-6729,True,2022-10-08,Chidi Moore
CON01044,Raj,Brown,raj.brown1044@c0262.com,CTO,C0262,APAC,+1-442-308-6337,False,2022-12-30,Raj Brown
CON01045,Yusuf,Williams,yusuf.williams1045@c0329.com,Director of Engineering,C0329,Latin America,+1-489-246-1404,False,2022-12-19,Yusuf Williams
CON01046,Ngozi,Anderson,ngozi.anderson1046@c0500.com,Director of Engineering,C0500,Latin America,+1-867-483-8711,False,2022-08-15,Ngozi Anderson
CON01047,Sarah,Garcia,sarah.garcia1047@c0189.com,CEO,C0189,Europe,+1-497-253-1418,True,2022-07-25,Sarah Garcia
CON01048,Kwame,Thompson,kwame.thompson1048@c0367.com,Data Manager,C0367,Middle East & Africa,+1-720-902-6636,False,2022-09-05,Kwame Thompson
CON01049,Michael,Adeleke,michael.adeleke1049@c0372.com,CFO,C0372,Middle East & Africa,+1-590-880-2285,False,2022-07-28,Michael Adeleke
CON01050,Luis,Okafor,luis.okafor1050@c0323.com,Operations Manager,C0323,Middle East & Africa,+1-951-528-9830,False,2022-10-14,Luis Okafor
CON01051,Emma,Eze,emma.eze1051@c0242.com,IT Manager,C0242,Middle East & Africa,+1-737-632-8225,False,2022-07-20,Emma Eze
CON01052,Ryan,Chen,ryan.chen1052@c0125.com,Head of IT,C0125,North America,+1-448-918-6930,True,2022-08-20,Ryan Chen
CON01053,Sophia,Ibrahim,sophia.ibrahim1053@c0124.com,Product Manager,C0124,Europe,+1-950-519-6929,True,2022-10-22,Sophia Ibrahim
CON01054,Luis,Williams,luis.williams1054@c0469.com,Head of IT,C0469,Middle East & Africa,+1-869-595-4774,False,2022-09-16,Luis Williams
CON01055,Andrew,Okafor,andrew.okafor1055@c0424.com,CFO,C0424,APAC,+1-750-350-7678,False,2022-11-18,Andrew Okafor
CON01056,Chris,Eze,chris.eze1056@c0134.com,VP Operations,C0134,Latin America,+1-549-421-2932,True,2022-09-16,Chris Eze
CON01057,Luis,Jones,luis.jones1057@c0295.com,Product Manager,C0295,Latin America,+1-847-891-4245,False,2022-09-25,Luis Jones
CON01058,James,Garcia,james.garcia1058@c0062.com,Director of Engineering,C0062,Middle East & Africa,+1-469-883-8698,False,2022-07-03,James Garcia
CON01059,Michael,Herrera,michael.herrera1059@c0221.com,CEO,C0221,Europe,+1-906-270-2196,True,2022-10-14,Michael Herrera
CON01060,Emeka,Nguyen,emeka.nguyen1060@c0217.com,Head of IT,C0217,Europe,+1-330-511-4955,False,2022-07-01,Emeka Nguyen
CON01061,Adaeze,Nguyen,adaeze.nguyen1061@c0423.com,Head of IT,C0423,North America,+1-805-723-2765,False,2022-06-12,Adaeze Nguyen
CON01062,David,Patel,david.patel1062@c0472.com,Head of IT,C0472,APAC,+1-659-518-8368,False,2022-09-20,David Patel
CON01063,Ryan,Kumar,ryan.kumar1063@c0245.com,Data Manager,C0245,Europe,+1-337-851-4005,False,2022-10-29,Ryan Kumar
CON01064,Luis,Williams,luis.williams1064@c0078.com,CEO,C0078,Middle East & Africa,+1-807-707-7060,False,2022-09-25,Luis Williams
CON01065,Emeka,Anderson,emeka.anderson1065@c0225.com,CFO,C0225,Europe,+1-720-839-5576,False,2022-06-25,Emeka Anderson
CON01066,Andrew,Taylor,andrew.taylor1066@c0253.com,Head of IT,C0253,Latin America,+1-249-677-9481,False,2022-10-27,Andrew Taylor
CON01067,Luis,Lopez,luis.lopez1067@c0476.com,Director of Engineering,C0476,Middle East & Africa,+1-492-430-7292,False,2022-07-16,Luis Lopez
CON01068,Ava,Johnson,ava.johnson1068@c0417.com,Data Manager,C0417,APAC,+1-948-315-8053,False,2022-10-26,Ava Johnson
CON01069,Kwame,Brown,kwame.brown1069@c0178.com,VP Operations,C0178,North America,+1-369-221-5716,True,2022-09-21,Kwame Brown
CON01070,Andrew,Nguyen,andrew.nguyen1070@c0087.com,VP Operations,C0087,APAC,+1-465-720-2738,False,2022-11-18,Andrew Nguyen
CON01071,Amelia,Jones,amelia.jones1071@c0050.com,VP Sales,C0050,North America,+1-765-958-9334,False,2022-06-08,Amelia Jones
CON01072,Michael,Nguyen,michael.nguyen1072@c0277.com,Operations Manager,C0277,North America,+1-399-106-9001,False,2022-06-07,Michael Nguyen
CON01073,Ngozi,Miller,ngozi.miller1073@c0145.com,Procurement Manager,C0145,North America,+1-636-849-8288,False,2022-12-30,Ngozi Miller
CON01074,Ananya,Taylor,ananya.taylor1074@c0471.com,CTO,C0471,North America,+1-933-823-2965,False,2022-09-19,Ananya Taylor
CON01075,Maria,Wilson,maria.wilson1075@c0045.com,CFO,C0045,Europe,+1-485-849-2908,False,2022-12-23,Maria Wilson
CON01076,Olivia,Patel,olivia.patel1076@c0407.com,VP Sales,C0407,Europe,+1-944-176-6359,True,2022-08-25,Olivia Patel
CON01077,Amelia,Harris,amelia.harris1077@c0323.com,Data Manager,C0323,Middle East & Africa,+1-725-788-2213,False,2022-08-20,Amelia Harris
CON01078,Michael,White,michael.white1078@c0052.com,Data Manager,C0052,Latin America,+1-733-425-4119,False,2022-11-17,Michael White
CON01079,Michael,Nwosu,michael.nwosu1079@c0322.com,CEO,C0322,Europe,+1-451-240-7163,False,2022-07-27,Michael Nwosu
CON01080,Joshua,Wilson,joshua.wilson1080@c0241.com,CFO,C0241,APAC,+1-696-933-4065,False,2022-08-12,Joshua Wilson
CON01081,Chris,Miller,chris.miller1081@c0326.com,CTO,C0326,APAC,+1-728-977-4509,True,2022-06-18,Chris Miller
CON01082,Maria,Moore,maria.moore1082@c0313.com,VP Sales,C0313,North America,+1-927-282-1635,False,2022-08-07,Maria Moore
CON01083,Emeka,Nwosu,emeka.nwosu1083@c0299.com,VP Sales,C0299,APAC,+1-853-457-8933,False,2022-07-17,Emeka Nwosu
CON01084,Harper,Herrera,harper.herrera1084@c0119.com,VP Operations,C0119,APAC,+1-884-596-9031,False,2022-09-09,Harper Herrera
CON01085,Chidi,Moore,chidi.moore1085@c0247.com,VP Operations,C0247,Europe,+1-298-324-2841,False,2022-12-11,Chidi Moore
CON01086,Ryan,White,ryan.white1086@c0497.com,Product Manager,C0497,APAC,+1-533-353-7960,True,2022-09-27,Ryan White
CON01087,Kwame,Adeleke,kwame.adeleke1087@c0059.com,Head of IT,C0059,Europe,+1-913-507-3098,False,2022-10-02,Kwame Adeleke
CON01088,Maria,Eze,maria.eze1088@c0211.com,IT Manager,C0211,Europe,+1-440-129-5766,True,2022-07-26,Maria Eze
CON01089,Yusuf,Johnson,yusuf.johnson1089@c0288.com,Head of IT,C0288,Middle East & Africa,+1-467-791-6203,False,2022-12-25,Yusuf Johnson
CON01090,Raj,White,raj.white1090@c0205.com,VP Operations,C0205,Latin America,+1-255-374-8954,False,2022-08-26,Raj White
CON01091,Michael,Taylor,michael.taylor1091@c0230.com,Director of Engineering,C0230,Europe,+1-426-686-3728,False,2022-12-17,Michael Taylor
CON01092,Sophia,Eze,sophia.eze1092@c0313.com,Head of IT,C0313,North America,+1-332-719-9843,True,2022-12-02,Sophia Eze
CON01093,Sarah,Sharma,sarah.sharma1093@c0195.com,CTO,C0195,APAC,+1-999-821-6460,False,2022-12-14,Sarah Sharma
CON01094,David,Nwosu,david.nwosu1094@c0026.com,Operations Manager,C0026,APAC,+1-415-470-9773,True,2022-07-11,David Nwosu
CON01095,Fatima,Lopez,fatima.lopez1095@c0368.com,VP Sales,C0368,Latin America,+1-497-920-3644,False,2022-08-24,Fatima Lopez
CON01096,Yusuf,Miller,yusuf.miller1096@c0284.com,Data Manager,C0284,North America,+1-454-113-1591,False,2022-12-11,Yusuf Miller
CON01097,Ana,Brown,ana.brown1097@c0257.com,Director of Engineering,C0257,APAC,+1-696-143-3571,True,2022-06-07,Ana Brown
CON01098,Andrew,Nwosu,andrew.nwosu1098@c0396.com,Data Manager,C0396,Europe,+1-453-134-5463,False,2022-12-26,Andrew Nwosu
CON01099,Emeka,Nwosu,emeka.nwosu1099@c0206.com,CFO,C0206,Latin America,+1-958-997-5423,False,2022-06-20,Emeka Nwosu
CON01100,David,Thompson,david.thompson1100@c0370.com,Data Manager,C0370,Middle East & Africa,+1-980-850-7805,True,2022-12-08,David Thompson
CON01101,Ava,Brown,ava.brown1101@c0377.com,Procurement Manager,C0377,Latin America,+1-600-298-6114,False,2022-09-17,Ava Brown
CON01102,Luis,Patel,luis.patel1102@c0012.com,VP Operations,C0012,Latin America,+1-480-569-4320,True,2022-11-15,Luis Patel
CON01103,Carlos,Jackson,carlos.jackson1103@c0150.com,Director of Engineering,C0150,Middle East & Africa,+1-295-327-7657,False,2022-10-02,Carlos Jackson
CON01104,Ryan,Chen,ryan.chen1104@c0360.com,Operations Manager,C0360,North America,+1-718-350-7265,True,2022-10-06,Ryan Chen
CON01105,Fatima,Thomas,fatima.thomas1105@c0391.com,Operations Manager,C0391,Europe,+1-931-210-8409,True,2022-06-07,Fatima Thomas
CON01106,Fatima,Kumar,fatima.kumar1106@c0119.com,Product Manager,C0119,APAC,+1-578-588-2785,False,2022-08-25,Fatima Kumar
CON01107,Ava,Sharma,ava.sharma1107@c0323.com,CTO,C0323,Middle East & Africa,+1-297-674-3773,True,2022-10-04,Ava Sharma
CON01108,Charlotte,Williams,charlotte.williams1108@c0073.com,Director of Engineering,C0073,North America,+1-831-958-8758,False,2023-01-01,Charlotte Williams
CON01109,Andrew,Johnson,andrew.johnson1109@c0393.com,Product Manager,C0393,Europe,+1-458-521-6102,False,2022-12-31,Andrew Johnson
CON01110,Ava,Johnson,ava.johnson1110@c0165.com,Data Manager,C0165,APAC,+1-778-713-7660,False,2022-08-08,Ava Johnson
CON01111,Mia,Kumar,mia.kumar1111@c0288.com,Product Manager,C0288,Middle East & Africa,+1-758-611-6128,False,2022-07-31,Mia Kumar
CON01112,Kwame,Harris,kwame.harris1112@c0363.com,Product Manager,C0363,North America,+1-726-668-2334,False,2022-09-17,Kwame Harris
CON01113,David,Jackson,david.jackson1113@c0066.com,CEO,C0066,North America,+1-365-632-2990,True,2022-09-21,David Jackson
CON01114,Sophia,Johnson,sophia.johnson1114@c0454.com,Director of Engineering,C0454,APAC,+1-707-274-9594,False,2022-12-09,Sophia Johnson
CON01115,Yusuf,Jackson,yusuf.jackson1115@c0005.com,VP Operations,C0005,Middle East & Africa,+1-320-545-5820,False,2022-11-21,Yusuf Jackson
CON01116,Amelia,Thompson,amelia.thompson1116@c0166.com,Procurement Manager,C0166,Middle East & Africa,+1-580-677-3718,True,2022-10-12,Amelia Thompson
CON01117,Mia,Sharma,mia.sharma1117@c0315.com,Data Manager,C0315,Latin America,+1-580-631-5116,False,2022-07-24,Mia Sharma
CON01118,Adaeze,Chen,adaeze.chen1118@c0383.com,Data Manager,C0383,Europe,+1-338-268-9591,False,2022-09-30,Adaeze Chen
CON01119,James,Anderson,james.anderson1119@c0214.com,CFO,C0214,APAC,+1-353-581-2098,False,2022-06-02,James Anderson
CON01120,Harper,Ibrahim,harper.ibrahim1120@c0097.com,VP Sales,C0097,Europe,+1-910-196-9810,False,2022-06-25,Harper Ibrahim
CON01121,Emma,Eze,emma.eze1121@c0240.com,Procurement Manager,C0240,Middle East & Africa,+1-360-168-6741,False,2022-07-28,Emma Eze
CON01122,Chidi,Nwosu,chidi.nwosu1122@c0008.com,VP Sales,C0008,Europe,+1-481-391-7982,False,2022-08-18,Chidi Nwosu
CON01123,Ngozi,Eze,ngozi.eze1123@c0393.com,Director of Engineering,C0393,Europe,+1-460-674-9864,False,2022-07-22,Ngozi Eze
CON01124,David,Okafor,david.okafor1124@c0079.com,CTO,C0079,North America,+1-948-321-5587,True,2022-10-23,David Okafor
CON01125,Daniel,Jones,daniel.jones1125@c0409.com,Operations Manager,C0409,Latin America,+1-801-760-7274,False,2022-12-15,Daniel Jones
CON01126,Amelia,Sharma,amelia.sharma1126@c0378.com,Procurement Manager,C0378,North America,+1-884-584-4429,True,2022-12-18,Amelia Sharma
CON01127,Andrew,Miller,andrew.miller1127@c0047.com,Procurement Manager,C0047,Europe,+1-350-246-3700,False,2022-06-01,Andrew Miller
CON01128,Kwame,Williams,kwame.williams1128@c0459.com,CEO,C0459,APAC,+1-340-623-8203,False,2022-09-29,Kwame Williams
CON01129,Kwame,Taylor,kwame.taylor1129@c0257.com,CTO,C0257,APAC,+1-446-673-7442,False,2022-09-07,Kwame Taylor
CON01130,Carlos,Thomas,carlos.thomas1130@c0160.com,Operations Manager,C0160,Latin America,+1-524-643-2281,False,2022-07-25,Carlos Thomas
CON01131,Matthew,Nwosu,matthew.nwosu1131@c0427.com,VP Operations,C0427,North America,+1-928-246-8163,False,2022-10-04,Matthew Nwosu
CON01132,Ethan,Adeleke,ethan.adeleke1132@c0062.com,Operations Manager,C0062,Middle East & Africa,+1-645-767-6704,True,2022-09-02,Ethan Adeleke
CON01133,Ananya,Kumar,ananya.kumar1133@c0344.com,Head of IT,C0344,North America,+1-945-534-4502,False,2022-07-19,Ananya Kumar
CON01134,Emeka,Thomas,emeka.thomas1134@c0092.com,Data Manager,C0092,North America,+1-210-300-8243,False,2022-07-20,Emeka Thomas
CON01135,James,Okafor,james.okafor1135@c0159.com,Head of IT,C0159,Europe,+1-296-477-5157,False,2022-06-04,James Okafor
CON01136,Amelia,Johnson,amelia.johnson1136@c0332.com,VP Operations,C0332,Middle East & Africa,+1-857-590-7525,True,2022-11-26,Amelia Johnson
CON01137,Ethan,Wilson,ethan.wilson1137@c0321.com,CEO,C0321,North America,+1-785-943-1498,False,2022-09-29,Ethan Wilson
CON01138,Ananya,Martin,ananya.martin1138@c0089.com,Product Manager,C0089,Europe,+1-967-995-9938,False,2022-06-10,Ananya Martin
CON01139,Ngozi,Smith,ngozi.smith1139@c0314.com,Data Manager,C0314,APAC,+1-356-822-3898,False,2022-07-04,Ngozi Smith
CON01140,Olivia,White,olivia.white1140@c0428.com,CTO,C0428,Latin America,+1-257-554-2021,False,2022-10-18,Olivia White
CON01141,Amelia,Lopez,amelia.lopez1141@c0100.com,IT Manager,C0100,North America,+1-828-855-1273,False,2022-11-20,Amelia Lopez
CON01142,Kwame,Nguyen,kwame.nguyen1142@c0364.com,CFO,C0364,Europe,+1-800-839-7000,False,2022-11-18,Kwame Nguyen
CON01143,Fatima,White,fatima.white1143@c0429.com,IT Manager,C0429,APAC,+1-885-162-2064,True,2022-12-12,Fatima White
CON01144,Luis,Jones,luis.jones1144@c0374.com,VP Operations,C0374,Europe,+1-285-276-8264,True,2022-11-03,Luis Jones
CON01145,Joshua,Ibrahim,joshua.ibrahim1145@c0259.com,Director of Engineering,C0259,APAC,+1-377-750-1052,False,2022-10-22,Joshua Ibrahim
CON01146,Chidi,Brown,chidi.brown1146@c0175.com,Product Manager,C0175,Middle East & Africa,+1-781-956-2410,False,2022-09-27,Chidi Brown
CON01147,Olivia,Brown,olivia.brown1147@c0471.com,CTO,C0471,North America,+1-386-847-2415,True,2022-10-30,Olivia Brown
CON01148,Sarah,Kumar,sarah.kumar1148@c0087.com,CEO,C0087,APAC,+1-422-753-7136,False,2022-12-03,Sarah Kumar
CON01149,Charlotte,Taylor,charlotte.taylor1149@c0429.com,IT Manager,C0429,APAC,+1-857-985-4130,False,2022-12-06,Charlotte Taylor
CON01150,Chris,Taylor,chris.taylor1150@c0028.com,Director of Engineering,C0028,Middle East & Africa,+1-922-393-3916,True,2022-10-23,Chris Taylor
CON01151,Kwame,White,kwame.white1151@c0116.com,VP Sales,C0116,Latin America,+1-479-304-3901,False,2022-08-06,Kwame White
CON01152,Raj,Wilson,raj.wilson1152@c0048.com,Product Manager,C0048,Europe,+1-563-692-6957,False,2022-11-12,Raj Wilson
CON01153,Ana,Harris,ana.harris1153@c0425.com,IT Manager,C0425,APAC,+1-903-951-3793,True,2022-12-31,Ana Harris
CON01154,Emeka,Jones,emeka.jones1154@c0276.com,Procurement Manager,C0276,Europe,+1-415-819-8108,False,2022-12-25,Emeka Jones
CON01155,Ryan,Miller,ryan.miller1155@c0176.com,Data Manager,C0176,North America,+1-715-664-5406,True,2022-12-15,Ryan Miller
CON01156,Mia,Wilson,mia.wilson1156@c0112.com,Product Manager,C0112,Europe,+1-467-132-2889,False,2022-11-09,Mia Wilson
CON01157,Isabella,Martin,isabella.martin1157@c0072.com,Product Manager,C0072,Latin America,+1-800-430-7099,False,2022-11-16,Isabella Martin
CON01158,Michael,Anderson,michael.anderson1158@c0360.com,CTO,C0360,North America,+1-844-467-1129,True,2022-09-30,Michael Anderson
CON01159,Adaeze,Anderson,adaeze.anderson1159@c0332.com,CTO,C0332,Middle East & Africa,+1-391-466-6018,True,2022-10-18,Adaeze Anderson
CON01160,Isabella,Kumar,isabella.kumar1160@c0012.com,Product Manager,C0012,Latin America,+1-831-567-8126,False,2022-09-30,Isabella Kumar
CON01161,Charlotte,Wilson,charlotte.wilson1161@c0371.com,Head of IT,C0371,North America,+1-815-445-8906,False,2022-08-16,Charlotte Wilson
CON01162,Michael,Chen,michael.chen1162@c0450.com,VP Sales,C0450,APAC,+1-981-619-2767,False,2022-12-16,Michael Chen
CON01163,Amelia,Okafor,amelia.okafor1163@c0206.com,Procurement Manager,C0206,Latin America,+1-229-267-9391,True,2022-08-16,Amelia Okafor
CON01164,Ana,Miller,ana.miller1164@c0488.com,Procurement Manager,C0488,APAC,+1-969-242-3128,False,2022-12-19,Ana Miller
CON01165,Emma,Williams,emma.williams1165@c0159.com,CFO,C0159,Europe,+1-554-569-7487,True,2022-06-01,Emma Williams
CON01166,Ava,Miller,ava.miller1166@c0453.com,CFO,C0453,North America,+1-508-414-2316,True,2022-07-23,Ava Miller
CON01167,Priya,Williams,priya.williams1167@c0371.com,VP Sales,C0371,North America,+1-357-801-7131,True,2022-07-11,Priya Williams
CON01168,Chidi,Brown,chidi.brown1168@c0242.com,Operations Manager,C0242,Middle East & Africa,+1-903-503-4481,False,2022-11-19,Chidi Brown
CON01169,Emeka,Herrera,emeka.herrera1169@c0238.com,Data Manager,C0238,Latin America,+1-448-881-2569,False,2022-08-21,Emeka Herrera
CON01170,Chris,Jackson,chris.jackson1170@c0396.com,Head of IT,C0396,Europe,+1-489-939-7956,False,2022-10-15,Chris Jackson
CON01171,David,Thomas,david.thomas1171@c0251.com,IT Manager,C0251,Middle East & Africa,+1-958-700-1440,True,2022-11-03,David Thomas
CON01172,Isabella,Kumar,isabella.kumar1172@c0121.com,Head of IT,C0121,North America,+1-570-448-9215,False,2022-11-04,Isabella Kumar
CON01173,Fatima,Chen,fatima.chen1173@c0040.com,IT Manager,C0040,Latin America,+1-435-241-9191,True,2022-07-25,Fatima Chen
CON01174,Harper,White,harper.white1174@c0048.com,Head of IT,C0048,Europe,+1-593-769-3947,False,2022-08-12,Harper White
CON01175,Harper,Jackson,harper.jackson1175@c0346.com,Product Manager,C0346,Middle East & Africa,+1-235-367-7909,True,2022-09-10,Harper Jackson
CON01176,Ana,Herrera,ana.herrera1176@c0055.com,Product Manager,C0055,APAC,+1-284-454-2661,False,2022-09-12,Ana Herrera
CON01177,James,Garcia,james.garcia1177@c0164.com,CFO,C0164,Middle East & Africa,+1-788-619-7291,False,2022-06-03,James Garcia
CON01178,Maria,Nwosu,maria.nwosu1178@c0492.com,IT Manager,C0492,Latin America,+1-611-532-1893,False,2022-08-06,Maria Nwosu
CON01179,Sophia,Eze,sophia.eze1179@c0414.com,Product Manager,C0414,Middle East & Africa,+1-714-481-8758,False,2022-10-15,Sophia Eze
CON01180,Ngozi,Brown,ngozi.brown1180@c0403.com,CFO,C0403,APAC,+1-634-644-7282,False,2022-06-21,Ngozi Brown
CON01181,Ava,Smith,ava.smith1181@c0173.com,Data Manager,C0173,Middle East & Africa,+1-804-364-4237,False,2022-11-05,Ava Smith
CON01182,Ananya,White,ananya.white1182@c0025.com,Product Manager,C0025,Latin America,+1-488-140-2991,False,2022-09-26,Ananya White
CON01183,Ngozi,Johnson,ngozi.johnson1183@c0456.com,Procurement Manager,C0456,Latin America,+1-902-478-5134,False,2022-11-20,Ngozi Johnson
CON01184,Ryan,Kumar,ryan.kumar1184@c0420.com,CEO,C0420,Latin America,+1-755-373-3928,True,2022-09-15,Ryan Kumar
CON01185,Sarah,Harris,sarah.harris1185@c0167.com,VP Operations,C0167,Latin America,+1-851-136-2829,False,2022-06-10,Sarah Harris
CON01186,Fatima,Davis,fatima.davis1186@c0090.com,CTO,C0090,North America,+1-747-196-3065,False,2022-11-10,Fatima Davis
CON01187,Maria,White,maria.white1187@c0458.com,VP Operations,C0458,Middle East & Africa,+1-553-569-4999,False,2022-12-31,Maria White
CON01188,Ana,Okafor,ana.okafor1188@c0235.com,CEO,C0235,Middle East & Africa,+1-278-434-7107,True,2022-11-03,Ana Okafor
CON01189,Daniel,Jackson,daniel.jackson1189@c0263.com,Data Manager,C0263,Middle East & Africa,+1-280-445-5947,False,2022-06-06,Daniel Jackson
CON01190,Isabella,Patel,isabella.patel1190@c0132.com,Data Manager,C0132,APAC,+1-868-860-2298,False,2022-09-19,Isabella Patel
CON01191,Sophia,Sharma,sophia.sharma1191@c0099.com,Procurement Manager,C0099,Europe,+1-467-410-9422,False,2022-12-21,Sophia Sharma
CON01192,Charlotte,Ibrahim,charlotte.ibrahim1192@c0410.com,CEO,C0410,APAC,+1-583-687-8748,True,2022-09-20,Charlotte Ibrahim
CON01193,Amelia,Patel,amelia.patel1193@c0353.com,CFO,C0353,Latin America,+1-483-613-1749,False,2022-07-17,Amelia Patel
CON01194,Ryan,Wilson,ryan.wilson1194@c0003.com,Director of Engineering,C0003,Europe,+1-412-119-7788,False,2022-08-10,Ryan Wilson
CON01195,Amelia,Harris,amelia.harris1195@c0307.com,IT Manager,C0307,APAC,+1-525-199-4626,True,2022-11-29,Amelia Harris
CON01196,Kwame,Davis,kwame.davis1196@c0033.com,Procurement Manager,C0033,Middle East & Africa,+1-494-845-8547,False,2022-11-10,Kwame Davis
CON01197,Adaeze,Moore,adaeze.moore1197@c0200.com,Product Manager,C0200,Europe,+1-771-112-6618,False,2022-08-28,Adaeze Moore
CON01198,Raj,Jones,raj.jones1198@c0237.com,Data Manager,C0237,Middle East & Africa,+1-710-315-9720,False,2022-11-20,Raj Jones
CON01199,Emeka,Wilson,emeka.wilson1199@c0207.com,CEO,C0207,APAC,+1-876-972-2287,False,2022-10-22,Emeka Wilson
CON01200,Chidi,Williams,chidi.williams1200@c0107.com,Data Manager,C0107,North America,+1-742-478-5981,True,2022-08-20,Chidi Williams
CON01201,Raj,Adeleke,raj.adeleke1201@c0240.com,CEO,C0240,Middle East & Africa,+1-359-739-3731,False,2022-10-23,Raj Adeleke
CON01202,Priya,White,priya.white1202@c0392.com,CEO,C0392,Latin America,+1-969-390-9040,False,2022-09-05,Priya White
CON01203,Chris,Jackson,chris.jackson1203@c0311.com,CTO,C0311,Europe,+1-299-505-4576,True,2022-06-29,Chris Jackson
CON01204,Ryan,Garcia,ryan.garcia1204@c0443.com,CFO,C0443,Middle East & Africa,+1-985-896-7571,False,2022-08-30,Ryan Garcia
CON01205,Mia,White,mia.white1205@c0462.com,Procurement Manager,C0462,Europe,+1-485-427-6950,False,2022-11-18,Mia White
CON01206,Kwame,Thompson,kwame.thompson1206@c0275.com,Operations Manager,C0275,APAC,+1-601-330-7618,False,2022-09-27,Kwame Thompson
CON01207,Ryan,Herrera,ryan.herrera1207@c0474.com,Product Manager,C0474,North America,+1-360-994-3910,False,2022-06-01,Ryan Herrera
CON01208,Adaeze,Kumar,adaeze.kumar1208@c0238.com,IT Manager,C0238,Latin America,+1-376-799-2610,False,2022-11-15,Adaeze Kumar
CON01209,Yusuf,White,yusuf.white1209@c0211.com,VP Sales,C0211,Europe,+1-851-129-4673,True,2022-11-06,Yusuf White
CON01210,Luis,Williams,luis.williams1210@c0307.com,Procurement Manager,C0307,APAC,+1-949-518-1374,False,2022-08-03,Luis Williams
CON01211,Matthew,Okafor,matthew.okafor1211@c0321.com,Product Manager,C0321,North America,+1-900-193-7066,True,2022-11-01,Matthew Okafor
CON01212,Emeka,Moore,emeka.moore1212@c0262.com,VP Sales,C0262,APAC,+1-365-568-7046,False,2022-08-01,Emeka Moore
CON01213,Isabella,Martin,isabella.martin1213@c0480.com,Data Manager,C0480,APAC,+1-404-430-3173,True,2022-06-08,Isabella Martin
CON01214,Mia,Okafor,mia.okafor1214@c0237.com,Product Manager,C0237,Middle East & Africa,+1-450-800-8268,False,2022-12-21,Mia Okafor
CON01215,Isabella,Harris,isabella.harris1215@c0257.com,IT Manager,C0257,APAC,+1-313-922-6427,False,2022-07-11,Isabella Harris
CON01216,Charlotte,Harris,charlotte.harris1216@c0370.com,CTO,C0370,Middle East & Africa,+1-207-866-1529,False,2022-09-13,Charlotte Harris
CON01217,Ana,Martin,ana.martin1217@c0442.com,Director of Engineering,C0442,Latin America,+1-272-901-7833,False,2022-12-01,Ana Martin
CON01218,Sophia,Ibrahim,sophia.ibrahim1218@c0398.com,Procurement Manager,C0398,North America,+1-862-646-1388,False,2022-12-29,Sophia Ibrahim
CON01219,Emma,Taylor,emma.taylor1219@c0416.com,Director of Engineering,C0416,North America,+1-942-887-1653,False,2022-12-01,Emma Taylor
CON01220,Luis,Nwosu,luis.nwosu1220@c0333.com,Product Manager,C0333,North America,+1-638-906-3032,True,2022-08-07,Luis Nwosu
CON01221,Sophia,Patel,sophia.patel1221@c0087.com,Head of IT,C0087,APAC,+1-622-772-6567,True,2022-08-02,Sophia Patel
CON01222,Carlos,Miller,carlos.miller1222@c0136.com,CTO,C0136,North America,+1-537-757-2213,False,2022-11-29,Carlos Miller
CON01223,Maria,Kumar,maria.kumar1223@c0126.com,VP Operations,C0126,Middle East & Africa,+1-550-402-8285,False,2022-09-24,Maria Kumar
CON01224,Ethan,Okafor,ethan.okafor1224@c0141.com,Procurement Manager,C0141,Latin America,+1-236-879-3294,True,2022-08-13,Ethan Okafor
CON01225,Sarah,Davis,sarah.davis1225@c0451.com,Head of IT,C0451,APAC,+1-777-471-5771,False,2022-12-01,Sarah Davis
CON01226,Matthew,Okafor,matthew.okafor1226@c0325.com,VP Operations,C0325,Latin America,+1-686-830-8206,False,2022-07-10,Matthew Okafor
CON01227,Chris,Jones,chris.jones1227@c0312.com,VP Operations,C0312,Middle East & Africa,+1-593-363-4734,True,2022-07-25,Chris Jones
CON01228,Harper,Jones,harper.jones1228@c0300.com,CEO,C0300,North America,+1-465-472-9332,False,2022-10-11,Harper Jones
CON01229,Fatima,Martin,fatima.martin1229@c0317.com,CFO,C0317,APAC,+1-552-759-3553,False,2022-10-07,Fatima Martin
CON01230,Kwame,Thompson,kwame.thompson1230@c0192.com,Director of Engineering,C0192,APAC,+1-696-763-3770,False,2022-10-02,Kwame Thompson
CON01231,Isabella,Martin,isabella.martin1231@c0460.com,Director of Engineering,C0460,APAC,+1-214-784-2060,False,2022-08-19,Isabella Martin
CON01232,Mia,Davis,mia.davis1232@c0077.com,VP Operations,C0077,Europe,+1-823-896-2959,False,2022-08-31,Mia Davis
CON01233,Maria,Harris,maria.harris1233@c0292.com,IT Manager,C0292,Latin America,+1-212-960-9587,False,2022-12-07,Maria Harris
CON01234,Joshua,Thomas,joshua.thomas1234@c0341.com,CEO,C0341,Europe,+1-608-741-2619,False,2022-10-08,Joshua Thomas
CON01235,David,Wilson,david.wilson1235@c0284.com,Operations Manager,C0284,North America,+1-959-650-2301,False,2022-06-15,David Wilson
CON01236,Raj,Okafor,raj.okafor1236@c0268.com,VP Sales,C0268,Middle East & Africa,+1-450-362-3993,False,2022-11-14,Raj Okafor
CON01237,Charlotte,Davis,charlotte.davis1237@c0354.com,Data Manager,C0354,Latin America,+1-667-281-1659,False,2022-08-08,Charlotte Davis
CON01238,Amelia,Williams,amelia.williams1238@c0381.com,VP Sales,C0381,Middle East & Africa,+1-950-950-2043,False,2022-07-04,Amelia Williams
CON01239,Ana,Taylor,ana.taylor1239@c0032.com,VP Sales,C0032,North America,+1-433-349-8819,False,2022-10-16,Ana Taylor
CON01240,Emma,Anderson,emma.anderson1240@c0405.com,IT Manager,C0405,Middle East & Africa,+1-274-301-8836,True,2022-06-22,Emma Anderson
CON01241,Carlos,Miller,carlos.miller1241@c0052.com,Operations Manager,C0052,Latin America,+1-803-320-8982,True,2022-06-03,Carlos Miller
CON01242,Priya,Lopez,priya.lopez1242@c0464.com,CTO,C0464,Latin America,+1-937-553-4191,False,2022-11-10,Priya Lopez
CON01243,Ananya,Smith,ananya.smith1243@c0129.com,Director of Engineering,C0129,Europe,+1-815-377-9070,False,2022-08-24,Ananya Smith
CON01244,Luis,Martin,luis.martin1244@c0264.com,VP Operations,C0264,Europe,+1-860-406-5328,False,2022-08-03,Luis Martin
CON01245,Adaeze,Wilson,adaeze.wilson1245@c0348.com,Operations Manager,C0348,APAC,+1-715-416-8209,True,2022-12-11,Adaeze Wilson
CON01246,Isabella,Martin,isabella.martin1246@c0004.com,Head of IT,C0004,Middle East & Africa,+1-721-581-9122,True,2022-06-17,Isabella Martin
CON01247,Priya,Adeleke,priya.adeleke1247@c0156.com,CTO,C0156,APAC,+1-653-450-9824,False,2022-07-20,Priya Adeleke
CON01248,Daniel,Kumar,daniel.kumar1248@c0119.com,VP Sales,C0119,APAC,+1-514-613-6003,False,2022-10-14,Daniel Kumar
CON01249,Carlos,Brown,carlos.brown1249@c0351.com,VP Operations,C0351,Middle East & Africa,+1-824-315-3532,False,2022-07-20,Carlos Brown
CON01250,Fatima,Sharma,fatima.sharma1250@c0088.com,CFO,C0088,Europe,+1-824-778-3574,False,2022-10-11,Fatima Sharma
CON01251,Carlos,Nwosu,carlos.nwosu1251@c0305.com,Director of Engineering,C0305,Europe,+1-998-843-5413,True,2022-08-07,Carlos Nwosu
CON01252,Carlos,Chen,carlos.chen1252@c0439.com,VP Operations,C0439,Latin America,+1-579-248-6017,False,2022-08-30,Carlos Chen
CON01253,Kwame,Harris,kwame.harris1253@c0158.com,Director of Engineering,C0158,APAC,+1-776-502-7834,True,2022-09-12,Kwame Harris
CON01254,Emma,White,emma.white1254@c0182.com,IT Manager,C0182,North America,+1-343-567-5492,True,2022-11-28,Emma White
CON01255,Joshua,Miller,joshua.miller1255@c0339.com,Data Manager,C0339,APAC,+1-462-401-7119,True,2022-09-18,Joshua Miller
CON01256,Emeka,Anderson,emeka.anderson1256@c0286.com,Operations Manager,C0286,North America,+1-956-304-4522,False,2022-09-21,Emeka Anderson
CON01257,Amelia,Brown,amelia.brown1257@c0039.com,VP Sales,C0039,Middle East & Africa,+1-364-433-8859,False,2022-10-30,Amelia Brown
CON01258,Carlos,Johnson,carlos.johnson1258@c0400.com,IT Manager,C0400,Europe,+1-599-804-8979,True,2022-11-03,Carlos Johnson
CON01259,Emeka,Johnson,emeka.johnson1259@c0052.com,CEO,C0052,Latin America,+1-854-450-5522,False,2022-09-21,Emeka Johnson
CON01260,Ryan,Brown,ryan.brown1260@c0242.com,CFO,C0242,Middle East & Africa,+1-967-175-6317,False,2022-12-05,Ryan Brown
CON01261,Yusuf,Herrera,yusuf.herrera1261@c0078.com,CFO,C0078,Middle East & Africa,+1-803-406-4276,False,2022-09-21,Yusuf Herrera
CON01262,Charlotte,Anderson,charlotte.anderson1262@c0294.com,Operations Manager,C0294,Latin America,+1-981-776-5271,False,2022-12-27,Charlotte Anderson
CON01263,Ryan,Ibrahim,ryan.ibrahim1263@c0012.com,CFO,C0012,Latin America,+1-990-888-2114,False,2022-11-27,Ryan Ibrahim
CON01264,Kwame,Lopez,kwame.lopez1264@c0185.com,Product Manager,C0185,APAC,+1-965-319-4016,False,2022-07-29,Kwame Lopez
CON01265,Ananya,Thomas,ananya.thomas1265@c0171.com,VP Sales,C0171,APAC,+1-893-820-5243,True,2022-12-09,Ananya Thomas
CON01266,Sarah,Jones,sarah.jones1266@c0062.com,IT Manager,C0062,Middle East & Africa,+1-620-537-7493,False,2022-12-22,Sarah Jones
CON01267,Emma,Herrera,emma.herrera1267@c0271.com,CEO,C0271,APAC,+1-724-482-1265,False,2022-06-09,Emma Herrera
CON01268,Luis,Lopez,luis.lopez1268@c0409.com,Head of IT,C0409,Latin America,+1-751-603-5630,False,2022-11-10,Luis Lopez
CON01269,David,Patel,david.patel1269@c0039.com,Procurement Manager,C0039,Middle East & Africa,+1-294-671-2840,False,2022-12-22,David Patel
CON01270,Luis,Lopez,luis.lopez1270@c0436.com,CTO,C0436,Middle East & Africa,+1-787-579-4127,False,2022-12-14,Luis Lopez
CON01271,Priya,Herrera,priya.herrera1271@c0142.com,Product Manager,C0142,Europe,+1-662-856-3493,False,2022-06-19,Priya Herrera
CON01272,Isabella,Nwosu,isabella.nwosu1272@c0295.com,Head of IT,C0295,Latin America,+1-664-640-8084,False,2022-09-11,Isabella Nwosu
CON01273,Ryan,Smith,ryan.smith1273@c0320.com,Director of Engineering,C0320,Middle East & Africa,+1-219-108-4690,False,2022-07-09,Ryan Smith
CON01274,Ethan,Lopez,ethan.lopez1274@c0115.com,Procurement Manager,C0115,Europe,+1-890-886-6351,False,2022-11-15,Ethan Lopez
CON01275,Joshua,Kumar,joshua.kumar1275@c0421.com,Procurement Manager,C0421,North America,+1-563-832-3500,True,2022-07-08,Joshua Kumar
CON01276,Mia,Taylor,mia.taylor1276@c0093.com,CTO,C0093,APAC,+1-226-646-1646,False,2022-10-17,Mia Taylor
CON01277,Chidi,Williams,chidi.williams1277@c0168.com,Head of IT,C0168,Latin America,+1-435-773-4421,True,2022-07-12,Chidi Williams
CON01278,Priya,Wilson,priya.wilson1278@c0120.com,VP Sales,C0120,Latin America,+1-990-463-1447,True,2022-09-21,Priya Wilson
CON01279,Sophia,Herrera,sophia.herrera1279@c0486.com,Director of Engineering,C0486,North America,+1-226-554-4417,False,2022-09-23,Sophia Herrera
CON01280,Raj,Jackson,raj.jackson1280@c0102.com,VP Sales,C0102,Europe,+1-989-489-3042,True,2022-07-15,Raj Jackson
CON01281,Luis,Chen,luis.chen1281@c0297.com,Data Manager,C0297,Middle East & Africa,+1-728-224-3668,False,2022-07-01,Luis Chen
CON01282,Maria,Patel,maria.patel1282@c0310.com,Head of IT,C0310,North America,+1-967-424-7801,True,2022-06-24,Maria Patel
CON01283,Luis,Thomas,luis.thomas1283@c0245.com,VP Operations,C0245,Europe,+1-720-214-8486,True,2022-09-06,Luis Thomas
CON01284,Yusuf,Jackson,yusuf.jackson1284@c0493.com,CTO,C0493,Latin America,+1-563-469-6078,False,2022-09-20,Yusuf Jackson
CON01285,Harper,Davis,harper.davis1285@c0360.com,CTO,C0360,North America,+1-866-759-7384,False,2022-06-05,Harper Davis
CON01286,Amelia,Patel,amelia.patel1286@c0332.com,Head of IT,C0332,Middle East & Africa,+1-246-244-5079,True,2022-06-03,Amelia Patel
CON01287,Chris,Thompson,chris.thompson1287@c0080.com,CFO,C0080,Middle East & Africa,+1-911-581-1638,True,2022-12-23,Chris Thompson
CON01288,Mia,Lopez,mia.lopez1288@c0379.com,IT Manager,C0379,Europe,+1-500-480-7797,False,2022-09-16,Mia Lopez
CON01289,Isabella,Garcia,isabella.garcia1289@c0480.com,Operations Manager,C0480,APAC,+1-355-859-3975,False,2022-06-29,Isabella Garcia
CON01290,Matthew,Smith,matthew.smith1290@c0255.com,VP Sales,C0255,Middle East & Africa,+1-513-513-7114,False,2022-08-07,Matthew Smith
CON01291,Kwame,Smith,kwame.smith1291@c0402.com,CEO,C0402,Latin America,+1-539-129-8708,True,2022-07-07,Kwame Smith
CON01292,Yusuf,Johnson,yusuf.johnson1292@c0277.com,Director of Engineering,C0277,North America,+1-980-712-9604,True,2022-06-26,Yusuf Johnson
CON01293,James,Thomas,james.thomas1293@c0460.com,VP Sales,C0460,APAC,+1-294-529-2086,True,2022-09-30,James Thomas
CON01294,Ananya,White,ananya.white1294@c0439.com,Operations Manager,C0439,Latin America,+1-650-237-1011,False,2022-09-29,Ananya White
CON01295,Ethan,Jones,ethan.jones1295@c0166.com,IT Manager,C0166,Middle East & Africa,+1-752-474-2579,False,2022-12-09,Ethan Jones
CON01296,Joshua,Jones,joshua.jones1296@c0113.com,Operations Manager,C0113,APAC,+1-332-924-3336,True,2022-06-22,Joshua Jones
CON01297,Daniel,Ibrahim,daniel.ibrahim1297@c0207.com,VP Operations,C0207,APAC,+1-829-207-5092,True,2022-07-18,Daniel Ibrahim
CON01298,Harper,Anderson,harper.anderson1298@c0364.com,Product Manager,C0364,Europe,+1-884-704-9518,False,2022-08-08,Harper Anderson
CON01299,Chris,Anderson,chris.anderson1299@c0217.com,Head of IT,C0217,Europe,+1-877-248-1560,False,2022-12-22,Chris Anderson
CON01300,Emeka,Nwosu,emeka.nwosu1300@c0025.com,VP Sales,C0025,Latin America,+1-386-114-3342,False,2022-12-31,Emeka Nwosu
CON01301,Charlotte,Garcia,charlotte.garcia1301@c0204.com,Head of IT,C0204,North America,+1-211-685-8877,False,2022-08-28,Charlotte Garcia
CON01302,Joshua,Nwosu,joshua.nwosu1302@c0446.com,Procurement Manager,C0446,APAC,+1-615-562-4519,False,2022-08-07,Joshua Nwosu
CON01303,Raj,Brown,raj.brown1303@c0382.com,VP Operations,C0382,Latin America,+1-871-886-9429,False,2022-08-26,Raj Brown
CON01304,Isabella,Wilson,isabella.wilson1304@c0175.com,Product Manager,C0175,Middle East & Africa,+1-990-662-8476,False,2022-11-19,Isabella Wilson
CON01305,Adaeze,Kumar,adaeze.kumar1305@c0266.com,VP Operations,C0266,APAC,+1-264-900-6987,False,2022-06-07,Adaeze Kumar
CON01306,Chris,Brown,chris.brown1306@c0117.com,Product Manager,C0117,Europe,+1-313-223-5844,True,2022-08-28,Chris Brown
CON01307,Harper,Harris,harper.harris1307@c0224.com,Operations Manager,C0224,North America,+1-284-987-9269,True,2022-12-27,Harper Harris
CON01308,Luis,Miller,luis.miller1308@c0073.com,IT Manager,C0073,North America,+1-427-894-1273,True,2022-12-08,Luis Miller
CON01309,Chidi,Thompson,chidi.thompson1309@c0308.com,CFO,C0308,Middle East & Africa,+1-776-980-9692,False,2022-12-22,Chidi Thompson
CON01310,Ngozi,Moore,ngozi.moore1310@c0118.com,Data Manager,C0118,Latin America,+1-743-270-7135,True,2022-11-22,Ngozi Moore
CON01311,Matthew,Nwosu,matthew.nwosu1311@c0325.com,Procurement Manager,C0325,Latin America,+1-431-963-3491,False,2022-11-04,Matthew Nwosu
CON01312,Priya,Lopez,priya.lopez1312@c0104.com,VP Operations,C0104,Latin America,+1-250-510-5857,False,2022-10-12,Priya Lopez
CON01313,Yusuf,Nguyen,yusuf.nguyen1313@c0244.com,Product Manager,C0244,Europe,+1-529-239-5915,True,2022-08-04,Yusuf Nguyen
CON01314,Harper,Miller,harper.miller1314@c0473.com,Data Manager,C0473,North America,+1-827-708-2094,True,2022-09-14,Harper Miller
CON01315,Chris,Jones,chris.jones1315@c0247.com,CFO,C0247,Europe,+1-982-926-4972,False,2022-07-11,Chris Jones
CON01316,Yusuf,Jackson,yusuf.jackson1316@c0303.com,VP Sales,C0303,Middle East & Africa,+1-454-954-6741,True,2022-08-10,Yusuf Jackson
CON01317,Chris,Nguyen,chris.nguyen1317@c0206.com,CTO,C0206,Latin America,+1-943-857-3487,True,2022-07-07,Chris Nguyen
CON01318,Amelia,Kumar,amelia.kumar1318@c0168.com,CEO,C0168,Latin America,+1-852-220-9529,False,2022-06-27,Amelia Kumar
CON01319,Carlos,Davis,carlos.davis1319@c0339.com,Product Manager,C0339,APAC,+1-505-941-3045,False,2022-11-04,Carlos Davis
CON01320,Ananya,Jones,ananya.jones1320@c0037.com,Data Manager,C0037,North America,+1-549-996-5458,False,2022-06-11,Ananya Jones
CON01321,Emeka,Herrera,emeka.herrera1321@c0457.com,VP Operations,C0457,Europe,+1-315-741-8643,False,2022-07-14,Emeka Herrera
CON01322,Maria,Kumar,maria.kumar1322@c0150.com,VP Sales,C0150,Middle East & Africa,+1-735-205-2451,False,2022-11-02,Maria Kumar
CON01323,Ngozi,Davis,ngozi.davis1323@c0446.com,IT Manager,C0446,APAC,+1-706-956-8085,False,2022-11-11,Ngozi Davis
CON01324,Daniel,Lopez,daniel.lopez1324@c0395.com,VP Operations,C0395,North America,+1-941-850-5519,False,2022-11-11,Daniel Lopez
CON01325,Luis,Anderson,luis.anderson1325@c0215.com,IT Manager,C0215,Latin America,+1-457-465-2361,True,2022-11-30,Luis Anderson
CON01326,Maria,Davis,maria.davis1326@c0300.com,Product Manager,C0300,North America,+1-426-705-8106,False,2022-06-27,Maria Davis
CON01327,Maria,Moore,maria.moore1327@c0311.com,Procurement Manager,C0311,Europe,+1-584-721-9502,False,2022-11-18,Maria Moore
CON01328,Emeka,Johnson,emeka.johnson1328@c0309.com,CTO,C0309,Europe,+1-804-958-2615,False,2022-07-01,Emeka Johnson
CON01329,Charlotte,Thomas,charlotte.thomas1329@c0298.com,IT Manager,C0298,Europe,+1-926-718-7911,False,2022-12-01,Charlotte Thomas
CON01330,Michael,Thomas,michael.thomas1330@c0332.com,Product Manager,C0332,Middle East & Africa,+1-671-687-9564,True,2022-09-11,Michael Thomas
CON01331,Priya,Adeleke,priya.adeleke1331@c0465.com,CEO,C0465,Middle East & Africa,+1-421-680-3961,True,2022-08-24,Priya Adeleke
CON01332,Daniel,Taylor,daniel.taylor1332@c0472.com,Director of Engineering,C0472,APAC,+1-229-846-8481,False,2022-08-04,Daniel Taylor
CON01333,Chidi,Herrera,chidi.herrera1333@c0350.com,Head of IT,C0350,Europe,+1-560-354-5532,False,2022-06-13,Chidi Herrera
CON01334,Kwame,Harris,kwame.harris1334@c0358.com,IT Manager,C0358,North America,+1-469-887-3631,True,2022-12-15,Kwame Harris
CON01335,Kwame,Patel,kwame.patel1335@c0206.com,Head of IT,C0206,Latin America,+1-999-935-3818,False,2022-06-23,Kwame Patel
CON01336,Adaeze,Thomas,adaeze.thomas1336@c0316.com,Operations Manager,C0316,North America,+1-957-924-4728,False,2022-08-18,Adaeze Thomas
CON01337,Daniel,Chen,daniel.chen1337@c0370.com,CTO,C0370,Middle East & Africa,+1-854-515-6126,False,2022-11-11,Daniel Chen
CON01338,Isabella,Kumar,isabella.kumar1338@c0196.com,VP Sales,C0196,North America,+1-471-976-8953,False,2022-12-24,Isabella Kumar
CON01339,Raj,Nguyen,raj.nguyen1339@c0186.com,CFO,C0186,Latin America,+1-372-430-1260,True,2022-10-27,Raj Nguyen
CON01340,Harper,Chen,harper.chen1340@c0260.com,Data Manager,C0260,Middle East & Africa,+1-857-673-5853,False,2022-10-16,Harper Chen
CON01341,Isabella,Jackson,isabella.jackson1341@c0317.com,Data Manager,C0317,APAC,+1-277-303-2529,True,2022-11-01,Isabella Jackson
CON01342,Fatima,Lopez,fatima.lopez1342@c0135.com,CFO,C0135,APAC,+1-933-448-9729,False,2022-07-05,Fatima Lopez
CON01343,Emeka,Brown,emeka.brown1343@c0433.com,Data Manager,C0433,Latin America,+1-500-728-2346,False,2022-07-28,Emeka Brown
CON01344,Raj,Herrera,raj.herrera1344@c0021.com,VP Sales,C0021,Latin America,+1-761-258-5485,True,2022-07-28,Raj Herrera
CON01345,Andrew,Davis,andrew.davis1345@c0449.com,VP Sales,C0449,Latin America,+1-650-763-4538,True,2022-08-15,Andrew Davis
CON01346,Charlotte,Smith,charlotte.smith1346@c0440.com,Procurement Manager,C0440,APAC,+1-694-958-8191,False,2022-10-20,Charlotte Smith
CON01347,Joshua,White,joshua.white1347@c0096.com,Operations Manager,C0096,Middle East & Africa,+1-794-509-7342,False,2022-11-28,Joshua White
CON01348,Ngozi,Sharma,ngozi.sharma1348@c0411.com,VP Operations,C0411,Europe,+1-641-479-6972,False,2022-07-31,Ngozi Sharma
CON01349,Kwame,Moore,kwame.moore1349@c0183.com,CTO,C0183,Latin America,+1-909-237-6270,False,2022-11-27,Kwame Moore
CON01350,Charlotte,Sharma,charlotte.sharma1350@c0276.com,Procurement Manager,C0276,Europe,+1-331-198-9314,False,2022-10-16,Charlotte Sharma
CON01351,Kwame,Brown,kwame.brown1351@c0414.com,Procurement Manager,C0414,Middle East & Africa,+1-433-837-6707,False,2022-11-13,Kwame Brown
CON01352,Andrew,Harris,andrew.harris1352@c0138.com,Procurement Manager,C0138,APAC,+1-254-571-8174,False,2022-09-20,Andrew Harris
CON01353,David,Garcia,david.garcia1353@c0012.com,Operations Manager,C0012,Latin America,+1-659-672-1942,False,2022-10-01,David Garcia
CON01354,Ava,Williams,ava.williams1354@c0350.com,Head of IT,C0350,Europe,+1-266-836-5523,False,2022-12-04,Ava Williams
CON01355,Sarah,Ibrahim,sarah.ibrahim1355@c0307.com,Product Manager,C0307,APAC,+1-641-821-3184,False,2022-07-26,Sarah Ibrahim
CON01356,Raj,Taylor,raj.taylor1356@c0276.com,Data Manager,C0276,Europe,+1-890-411-6415,True,2022-12-22,Raj Taylor
CON01357,Luis,White,luis.white1357@c0074.com,Operations Manager,C0074,Europe,+1-897-700-6152,False,2022-11-04,Luis White
CON01358,Emma,Ibrahim,emma.ibrahim1358@c0387.com,Head of IT,C0387,North America,+1-801-222-2163,False,2022-10-14,Emma Ibrahim
CON01359,Yusuf,Patel,yusuf.patel1359@c0083.com,Data Manager,C0083,Middle East & Africa,+1-399-354-3938,False,2022-06-08,Yusuf Patel
CON01360,Maria,Patel,maria.patel1360@c0062.com,Head of IT,C0062,Middle East & Africa,+1-291-196-7611,False,2022-11-23,Maria Patel
CON01361,Emeka,Sharma,emeka.sharma1361@c0209.com,Director of Engineering,C0209,Latin America,+1-913-585-3269,False,2022-07-17,Emeka Sharma
CON01362,Daniel,Taylor,daniel.taylor1362@c0182.com,CFO,C0182,North America,+1-924-540-5128,False,2022-07-18,Daniel Taylor
CON01363,Ethan,Jackson,ethan.jackson1363@c0103.com,VP Sales,C0103,Latin America,+1-559-762-2336,False,2022-12-10,Ethan Jackson
CON01364,Daniel,Thompson,daniel.thompson1364@c0132.com,CEO,C0132,APAC,+1-820-162-1969,False,2022-06-25,Daniel Thompson
CON01365,Matthew,Smith,matthew.smith1365@c0494.com,Operations Manager,C0494,Middle East & Africa,+1-212-104-6355,False,2022-06-08,Matthew Smith
CON01366,Ngozi,Lopez,ngozi.lopez1366@c0036.com,CFO,C0036,Middle East & Africa,+1-393-751-9162,True,2022-07-26,Ngozi Lopez
CON01367,Chidi,Brown,chidi.brown1367@c0447.com,IT Manager,C0447,Europe,+1-358-714-7130,False,2022-09-21,Chidi Brown
CON01368,Isabella,Thompson,isabella.thompson1368@c0077.com,Product Manager,C0077,Europe,+1-231-737-1635,False,2022-12-21,Isabella Thompson
CON01369,Sophia,Sharma,sophia.sharma1369@c0479.com,VP Operations,C0479,Middle East & Africa,+1-498-210-6718,False,2022-10-30,Sophia Sharma
CON01370,Ana,Garcia,ana.garcia1370@c0461.com,CTO,C0461,Europe,+1-709-297-3543,False,2022-08-26,Ana Garcia
CON01371,Ananya,Chen,ananya.chen1371@c0338.com,Operations Manager,C0338,Middle East & Africa,+1-598-902-8338,False,2022-11-19,Ananya Chen
CON01372,David,Anderson,david.anderson1372@c0127.com,Head of IT,C0127,Latin America,+1-344-345-9040,True,2022-09-12,David Anderson
CON01373,Michael,Thomas,michael.thomas1373@c0031.com,Product Manager,C0031,Europe,+1-875-824-2618,False,2022-06-24,Michael Thomas
CON01374,Kwame,Chen,kwame.chen1374@c0270.com,Procurement Manager,C0270,North America,+1-788-819-9715,False,2022-12-11,Kwame Chen
CON01375,Joshua,Taylor,joshua.taylor1375@c0165.com,CFO,C0165,APAC,+1-658-881-4244,True,2022-11-08,Joshua Taylor
CON01376,Priya,Jackson,priya.jackson1376@c0223.com,Director of Engineering,C0223,Europe,+1-284-602-1390,False,2022-08-22,Priya Jackson
CON01377,Carlos,Eze,carlos.eze1377@c0200.com,VP Operations,C0200,Europe,+1-709-905-5705,False,2022-11-26,Carlos Eze
CON01378,Emma,Thompson,emma.thompson1378@c0426.com,CEO,C0426,APAC,+1-392-191-6031,False,2022-12-09,Emma Thompson
CON01379,Isabella,Nwosu,isabella.nwosu1379@c0161.com,Data Manager,C0161,Europe,+1-249-647-1458,True,2022-08-17,Isabella Nwosu
CON01380,Emeka,Miller,emeka.miller1380@c0181.com,Operations Manager,C0181,North America,+1-253-943-8107,False,2022-10-13,Emeka Miller
CON01381,Isabella,Thompson,isabella.thompson1381@c0190.com,IT Manager,C0190,Middle East & Africa,+1-915-145-4514,True,2022-07-18,Isabella Thompson
CON01382,Andrew,Ibrahim,andrew.ibrahim1382@c0164.com,CTO,C0164,Middle East & Africa,+1-931-308-9114,True,2022-11-11,Andrew Ibrahim
CON01383,James,Johnson,james.johnson1383@c0473.com,Director of Engineering,C0473,North America,+1-410-805-2905,False,2022-06-02,James Johnson
CON01384,Charlotte,Adeleke,charlotte.adeleke1384@c0417.com,Head of IT,C0417,APAC,+1-381-499-4741,False,2023-01-01,Charlotte Adeleke
CON01385,Fatima,Johnson,fatima.johnson1385@c0080.com,CFO,C0080,Middle East & Africa,+1-813-352-5230,False,2022-09-17,Fatima Johnson
CON01386,Harper,Miller,harper.miller1386@c0482.com,IT Manager,C0482,Europe,+1-954-379-7704,False,2022-09-15,Harper Miller
CON01387,Yusuf,Jackson,yusuf.jackson1387@c0143.com,VP Sales,C0143,Europe,+1-997-599-5152,False,2022-11-08,Yusuf Jackson
CON01388,Fatima,Johnson,fatima.johnson1388@c0357.com,Product Manager,C0357,Europe,+1-331-778-4653,True,2022-06-30,Fatima Johnson
CON01389,Sophia,Garcia,sophia.garcia1389@c0462.com,Product Manager,C0462,Europe,+1-268-287-9797,False,2022-12-07,Sophia Garcia
CON01390,Ethan,Adeleke,ethan.adeleke1390@c0367.com,Data Manager,C0367,Middle East & Africa,+1-607-391-9786,True,2022-10-24,Ethan Adeleke
CON01391,Ethan,Brown,ethan.brown1391@c0390.com,CTO,C0390,Latin America,+1-604-942-4311,False,2022-10-21,Ethan Brown
CON01392,Maria,Miller,maria.miller1392@c0066.com,Operations Manager,C0066,North America,+1-236-580-8844,True,2022-07-29,Maria Miller
CON01393,Michael,Herrera,michael.herrera1393@c0199.com,CFO,C0199,Latin America,+1-285-880-2104,True,2022-11-05,Michael Herrera
CON01394,Ngozi,Harris,ngozi.harris1394@c0379.com,CFO,C0379,Europe,+1-652-711-1672,False,2022-10-07,Ngozi Harris
CON01395,Joshua,Kumar,joshua.kumar1395@c0108.com,Data Manager,C0108,APAC,+1-525-144-1232,False,2022-08-27,Joshua Kumar
CON01396,Ethan,Chen,ethan.chen1396@c0090.com,Head of IT,C0090,North America,+1-673-305-1924,False,2022-07-10,Ethan Chen
CON01397,Ryan,Thompson,ryan.thompson1397@c0033.com,VP Sales,C0033,Middle East & Africa,+1-388-742-4184,False,2022-12-02,Ryan Thompson
CON01398,Raj,Smith,raj.smith1398@c0447.com,Product Manager,C0447,Europe,+1-271-963-5026,False,2022-08-13,Raj Smith
CON01399,Matthew,Jones,matthew.jones1399@c0281.com,Head of IT,C0281,Latin America,+1-258-214-2067,False,2022-10-15,Matthew Jones
CON01400,Sarah,Eze,sarah.eze1400@c0369.com,CFO,C0369,North America,+1-941-429-7068,True,2022-06-27,Sarah Eze
CON01401,Andrew,Smith,andrew.smith1401@c0196.com,CEO,C0196,North America,+1-776-159-7349,False,2022-07-01,Andrew Smith
CON01402,Andrew,Kumar,andrew.kumar1402@c0322.com,CEO,C0322,Europe,+1-777-658-2211,True,2022-12-28,Andrew Kumar
CON01403,Carlos,Chen,carlos.chen1403@c0293.com,IT Manager,C0293,Middle East & Africa,+1-595-389-7336,False,2022-12-09,Carlos Chen
CON01404,Charlotte,Adeleke,charlotte.adeleke1404@c0252.com,Procurement Manager,C0252,North America,+1-456-453-8454,False,2022-07-10,Charlotte Adeleke
CON01405,Ananya,Moore,ananya.moore1405@c0451.com,Head of IT,C0451,APAC,+1-429-247-5699,False,2022-07-15,Ananya Moore
CON01406,Emeka,Wilson,emeka.wilson1406@c0452.com,CFO,C0452,North America,+1-576-857-1343,False,2022-08-16,Emeka Wilson
CON01407,Ava,Johnson,ava.johnson1407@c0236.com,Director of Engineering,C0236,North America,+1-927-654-4718,False,2022-07-03,Ava Johnson
CON01408,Chidi,Miller,chidi.miller1408@c0483.com,Director of Engineering,C0483,Europe,+1-631-527-8546,False,2022-09-22,Chidi Miller
CON01409,Emeka,Harris,emeka.harris1409@c0187.com,Head of IT,C0187,Latin America,+1-533-781-7535,True,2022-10-14,Emeka Harris
CON01410,Mia,Davis,mia.davis1410@c0112.com,Data Manager,C0112,Europe,+1-395-682-4188,False,2022-12-04,Mia Davis
CON01411,Ngozi,Nguyen,ngozi.nguyen1411@c0238.com,Operations Manager,C0238,Latin America,+1-982-911-7688,False,2022-08-18,Ngozi Nguyen
CON01412,Mia,Jackson,mia.jackson1412@c0073.com,Product Manager,C0073,North America,+1-311-655-8410,False,2022-12-31,Mia Jackson
CON01413,Yusuf,Johnson,yusuf.johnson1413@c0103.com,VP Sales,C0103,Latin America,+1-545-664-3567,False,2022-10-11,Yusuf Johnson
CON01414,Priya,Garcia,priya.garcia1414@c0483.com,Product Manager,C0483,Europe,+1-224-810-4382,False,2022-11-18,Priya Garcia
CON01415,Isabella,Wilson,isabella.wilson1415@c0382.com,IT Manager,C0382,Latin America,+1-776-887-3553,False,2022-10-26,Isabella Wilson
CON01416,Joshua,Jones,joshua.jones1416@c0211.com,Head of IT,C0211,Europe,+1-679-351-3139,False,2022-10-03,Joshua Jones
CON01417,Kwame,Eze,kwame.eze1417@c0478.com,Procurement Manager,C0478,North America,+1-743-852-1578,False,2022-12-19,Kwame Eze
CON01418,David,Williams,david.williams1418@c0011.com,CEO,C0011,Latin America,+1-254-439-2473,False,2022-08-31,David Williams
CON01419,Joshua,Patel,joshua.patel1419@c0078.com,VP Sales,C0078,Middle East & Africa,+1-514-960-2081,False,2022-08-20,Joshua Patel
CON01420,Raj,Martin,raj.martin1420@c0174.com,Data Manager,C0174,Latin America,+1-379-396-5968,True,2022-10-22,Raj Martin
CON01421,Matthew,Nguyen,matthew.nguyen1421@c0451.com,CFO,C0451,APAC,+1-367-525-2940,False,2022-11-06,Matthew Nguyen
CON01422,Yusuf,Garcia,yusuf.garcia1422@c0288.com,Operations Manager,C0288,Middle East & Africa,+1-843-580-5607,False,2022-08-03,Yusuf Garcia
CON01423,Sophia,Adeleke,sophia.adeleke1423@c0485.com,CFO,C0485,Middle East & Africa,+1-655-199-1645,True,2022-09-06,Sophia Adeleke
CON01424,Carlos,Jackson,carlos.jackson1424@c0245.com,CFO,C0245,Europe,+1-985-120-6937,False,2022-10-28,Carlos Jackson
CON01425,Isabella,Harris,isabella.harris1425@c0458.com,CEO,C0458,Middle East & Africa,+1-703-787-6633,False,2022-06-22,Isabella Harris
CON01426,Ngozi,Williams,ngozi.williams1426@c0091.com,CFO,C0091,Middle East & Africa,+1-839-407-7449,False,2022-06-29,Ngozi Williams
CON01427,Joshua,Nwosu,joshua.nwosu1427@c0165.com,VP Operations,C0165,APAC,+1-928-911-2361,False,2022-12-22,Joshua Nwosu
CON01428,Maria,Smith,maria.smith1428@c0319.com,Procurement Manager,C0319,Latin America,+1-627-273-6983,False,2022-07-20,Maria Smith
CON01429,Luis,Wilson,luis.wilson1429@c0267.com,CEO,C0267,Middle East & Africa,+1-701-426-3734,True,2022-08-01,Luis Wilson
CON01430,Harper,Wilson,harper.wilson1430@c0230.com,Director of Engineering,C0230,Europe,+1-545-141-5470,False,2022-12-12,Harper Wilson
CON01431,Ananya,Adeleke,ananya.adeleke1431@c0042.com,Head of IT,C0042,North America,+1-764-132-3140,False,2022-11-07,Ananya Adeleke
CON01432,James,Patel,james.patel1432@c0294.com,CEO,C0294,Latin America,+1-509-489-4270,False,2022-09-06,James Patel
CON01433,Emeka,Johnson,emeka.johnson1433@c0356.com,IT Manager,C0356,APAC,+1-476-813-7146,False,2022-12-23,Emeka Johnson
CON01434,Luis,Lopez,luis.lopez1434@c0402.com,Director of Engineering,C0402,Latin America,+1-616-824-6605,True,2022-08-28,Luis Lopez
CON01435,Ethan,Moore,ethan.moore1435@c0099.com,Product Manager,C0099,Europe,+1-488-373-2364,False,2022-11-19,Ethan Moore
CON01436,Olivia,Sharma,olivia.sharma1436@c0342.com,Head of IT,C0342,Latin America,+1-721-216-1376,False,2022-12-24,Olivia Sharma
CON01437,Daniel,Davis,daniel.davis1437@c0039.com,CFO,C0039,Middle East & Africa,+1-582-166-3523,False,2022-07-31,Daniel Davis
CON01438,Olivia,Lopez,olivia.lopez1438@c0039.com,CEO,C0039,Middle East & Africa,+1-940-113-6589,False,2022-11-06,Olivia Lopez
CON01439,David,Jones,david.jones1439@c0299.com,IT Manager,C0299,APAC,+1-671-746-6421,False,2022-06-28,David Jones
CON01440,Sophia,Johnson,sophia.johnson1440@c0361.com,CFO,C0361,Europe,+1-404-863-2329,True,2022-12-01,Sophia Johnson
CON01441,Olivia,Smith,olivia.smith1441@c0222.com,IT Manager,C0222,APAC,+1-438-315-1819,False,2022-09-08,Olivia Smith
CON01442,Kwame,Nwosu,kwame.nwosu1442@c0272.com,VP Sales,C0272,Latin America,+1-687-937-4232,False,2022-10-05,Kwame Nwosu
CON01443,Isabella,Martin,isabella.martin1443@c0148.com,Data Manager,C0148,North America,+1-892-706-2003,False,2022-10-08,Isabella Martin
CON01444,James,Williams,james.williams1444@c0091.com,VP Sales,C0091,Middle East & Africa,+1-469-247-9880,False,2022-07-19,James Williams
CON01445,Sophia,Ibrahim,sophia.ibrahim1445@c0390.com,CTO,C0390,Latin America,+1-392-291-6265,False,2022-07-29,Sophia Ibrahim
CON01446,Matthew,Jackson,matthew.jackson1446@c0326.com,Procurement Manager,C0326,APAC,+1-503-715-7754,False,2022-08-13,Matthew Jackson
CON01447,Mia,White,mia.white1447@c0129.com,Head of IT,C0129,Europe,+1-953-346-9692,True,2022-11-22,Mia White
CON01448,Ethan,Taylor,ethan.taylor1448@c0387.com,CFO,C0387,North America,+1-266-163-2028,False,2022-12-05,Ethan Taylor
CON01449,Emma,Eze,emma.eze1449@c0387.com,Director of Engineering,C0387,North America,+1-281-790-8306,True,2022-12-08,Emma Eze
CON01450,Olivia,Anderson,olivia.anderson1450@c0302.com,Head of IT,C0302,Europe,+1-914-797-2079,False,2022-12-04,Olivia Anderson
CON01451,Kwame,Harris,kwame.harris1451@c0184.com,Data Manager,C0184,Europe,+1-691-479-9187,False,2022-10-04,Kwame Harris
CON01452,Kwame,Moore,kwame.moore1452@c0382.com,VP Sales,C0382,Latin America,+1-433-701-3794,True,2022-08-30,Kwame Moore
CON01453,Yusuf,Harris,yusuf.harris1453@c0451.com,Product Manager,C0451,APAC,+1-532-915-7606,False,2022-09-27,Yusuf Harris
CON01454,Raj,Jones,raj.jones1454@c0073.com,Data Manager,C0073,North America,+1-968-494-7874,False,2022-07-06,Raj Jones
CON01455,Kwame,Jackson,kwame.jackson1455@c0446.com,IT Manager,C0446,APAC,+1-352-509-6991,True,2022-12-20,Kwame Jackson
CON01456,Isabella,Jones,isabella.jones1456@c0304.com,CFO,C0304,Latin America,+1-422-197-1268,False,2022-07-09,Isabella Jones
CON01457,Amelia,Anderson,amelia.anderson1457@c0102.com,CEO,C0102,Europe,+1-709-501-3593,False,2022-10-19,Amelia Anderson
CON01458,Amelia,Davis,amelia.davis1458@c0098.com,Product Manager,C0098,Middle East & Africa,+1-821-841-9177,False,2022-07-11,Amelia Davis
CON01459,Maria,Adeleke,maria.adeleke1459@c0031.com,Head of IT,C0031,Europe,+1-308-168-6296,False,2022-11-03,Maria Adeleke
CON01460,Ryan,Jones,ryan.jones1460@c0121.com,Operations Manager,C0121,North America,+1-706-922-4545,False,2022-06-04,Ryan Jones
CON01461,Harper,Nwosu,harper.nwosu1461@c0082.com,Head of IT,C0082,North America,+1-845-418-8028,False,2022-11-01,Harper Nwosu
CON01462,Chris,Thompson,chris.thompson1462@c0145.com,Head of IT,C0145,North America,+1-942-482-3099,False,2022-09-30,Chris Thompson
CON01463,David,Smith,david.smith1463@c0229.com,Head of IT,C0229,North America,+1-627-352-4431,False,2022-11-24,David Smith
CON01464,Andrew,Chen,andrew.chen1464@c0447.com,Head of IT,C0447,Europe,+1-849-587-5596,False,2022-10-26,Andrew Chen
CON01465,Adaeze,Ibrahim,adaeze.ibrahim1465@c0100.com,CFO,C0100,North America,+1-529-900-4750,False,2022-11-04,Adaeze Ibrahim
CON01466,Charlotte,Herrera,charlotte.herrera1466@c0420.com,VP Sales,C0420,Latin America,+1-700-676-8696,False,2022-08-20,Charlotte Herrera
CON01467,Luis,Nguyen,luis.nguyen1467@c0049.com,Director of Engineering,C0049,Middle East & Africa,+1-968-251-6269,True,2022-10-04,Luis Nguyen
CON01468,Ananya,Eze,ananya.eze1468@c0462.com,Data Manager,C0462,Europe,+1-472-168-8364,False,2022-07-20,Ananya Eze
CON01469,Amelia,Ibrahim,amelia.ibrahim1469@c0074.com,Head of IT,C0074,Europe,+1-996-160-8761,True,2022-11-10,Amelia Ibrahim
CON01470,James,Anderson,james.anderson1470@c0183.com,Procurement Manager,C0183,Latin America,+1-694-675-3394,False,2022-08-21,James Anderson
CON01471,Maria,Anderson,maria.anderson1471@c0310.com,Operations Manager,C0310,North America,+1-404-943-4083,False,2022-10-31,Maria Anderson
CON01472,Sophia,Taylor,sophia.taylor1472@c0376.com,CEO,C0376,APAC,+1-953-299-9577,False,2022-08-12,Sophia Taylor
CON01473,Charlotte,Sharma,charlotte.sharma1473@c0193.com,Director of Engineering,C0193,APAC,+1-917-938-1178,True,2022-07-23,Charlotte Sharma
CON01474,Ava,Taylor,ava.taylor1474@c0013.com,CEO,C0013,Europe,+1-867-759-7904,True,2022-09-28,Ava Taylor
CON01475,Ava,Harris,ava.harris1475@c0321.com,Director of Engineering,C0321,North America,+1-768-260-8276,False,2022-06-28,Ava Harris
CON01476,Amelia,Harris,amelia.harris1476@c0142.com,VP Sales,C0142,Europe,+1-923-721-8427,True,2022-10-29,Amelia Harris
CON01477,Chris,Anderson,chris.anderson1477@c0490.com,CEO,C0490,Europe,+1-326-153-6349,False,2022-09-03,Chris Anderson
CON01478,Ava,Anderson,ava.anderson1478@c0426.com,Data Manager,C0426,APAC,+1-584-663-1417,False,2022-11-13,Ava Anderson
CON01479,Kwame,Jackson,kwame.jackson1479@c0092.com,Head of IT,C0092,North America,+1-827-956-1565,False,2022-08-22,Kwame Jackson
CON01480,Michael,Nguyen,michael.nguyen1480@c0262.com,CEO,C0262,APAC,+1-940-834-3160,False,2022-06-18,Michael Nguyen
CON01481,Chris,Jones,chris.jones1481@c0053.com,Operations Manager,C0053,APAC,+1-367-830-4850,True,2022-09-01,Chris Jones
CON01482,Chidi,Anderson,chidi.anderson1482@c0042.com,Director of Engineering,C0042,North America,+1-551-868-2139,False,2022-10-18,Chidi Anderson
CON01483,Emma,Thompson,emma.thompson1483@c0214.com,IT Manager,C0214,APAC,+1-605-811-3539,False,2022-06-23,Emma Thompson
CON01484,Mia,Harris,mia.harris1484@c0082.com,CTO,C0082,North America,+1-981-989-5272,True,2022-06-15,Mia Harris
CON01485,Sarah,Johnson,sarah.johnson1485@c0330.com,Data Manager,C0330,North America,+1-430-590-1694,True,2022-12-12,Sarah Johnson
CON01486,Andrew,Jones,andrew.jones1486@c0489.com,CFO,C0489,Latin America,+1-712-427-6291,False,2022-11-10,Andrew Jones
CON01487,Fatima,Smith,fatima.smith1487@c0262.com,VP Operations,C0262,APAC,+1-704-124-7798,False,2022-06-11,Fatima Smith
CON01488,Joshua,Okafor,joshua.okafor1488@c0019.com,VP Sales,C0019,Europe,+1-435-696-9052,True,2022-11-27,Joshua Okafor
CON01489,Olivia,Okafor,olivia.okafor1489@c0452.com,Head of IT,C0452,North America,+1-721-948-3689,False,2022-07-09,Olivia Okafor
CON01490,James,Chen,james.chen1490@c0322.com,Data Manager,C0322,Europe,+1-837-388-5352,False,2022-10-09,James Chen
CON01491,Emeka,Garcia,emeka.garcia1491@c0428.com,VP Sales,C0428,Latin America,+1-972-722-5198,False,2022-08-23,Emeka Garcia
CON01492,Ethan,Jackson,ethan.jackson1492@c0062.com,IT Manager,C0062,Middle East & Africa,+1-492-562-1472,False,2022-11-14,Ethan Jackson
CON01493,Luis,Kumar,luis.kumar1493@c0208.com,VP Sales,C0208,APAC,+1-389-215-1682,False,2022-06-28,Luis Kumar
CON01494,Mia,Miller,mia.miller1494@c0389.com,Procurement Manager,C0389,Middle East & Africa,+1-953-865-5892,False,2022-11-20,Mia Miller
CON01495,Mia,Nguyen,mia.nguyen1495@c0304.com,VP Operations,C0304,Latin America,+1-569-574-1890,False,2022-07-29,Mia Nguyen
CON01496,Ethan,Miller,ethan.miller1496@c0262.com,CEO,C0262,APAC,+1-517-112-4545,False,2022-08-25,Ethan Miller
CON01497,Mia,Martin,mia.martin1497@c0485.com,Data Manager,C0485,Middle East & Africa,+1-597-837-6363,False,2022-09-09,Mia Martin
CON01498,Matthew,Chen,matthew.chen1498@c0252.com,Product Manager,C0252,North America,+1-774-711-5675,False,2022-11-18,Matthew Chen
CON01499,Charlotte,Williams,charlotte.williams1499@c0316.com,CTO,C0316,North America,+1-200-973-1511,False,2022-06-03,Charlotte Williams
CON01500,Amelia,Chen,amelia.chen1500@c0001.com,VP Operations,C0001,Middle East & Africa,+1-655-490-3613,True,2022-09-03,Amelia Chen
