activity_id,deal_id,rep_id,activity_type,activity_date,duration_mins,outcome,notes
A000001,D00730,R002,Meeting,2023-02-25,60,No Response,Awaiting legal review
A000002,D00283,R001,Follow-up,2024-12-18,60,No Response,Awaiting legal review
A000003,D00362,R001,Call,2023-08-29,45,No Response,
A000004,D00441,R002,Meeting,2024-08-25,90,Neutral,Budget approved
A000005,D00093,R005,Proposal Sent,2024-05-05,45,Neutral,Sent pricing deck
A000006,D00753,R002,Call,2023-06-13,90,Positive,Champion confirmed
A000007,D00867,R005,Email,2024-04-21,15,Neutral,Sent pricing deck
A000008,D00142,R005,Proposal Sent,2023-12-21,45,Neutral,
A000009,D00749,R004,Call,2024-01-16,30,Positive,Budget approved
A000010,D00653,R004,Call,2024-05-06,45,Positive,Awaiting legal review
A000011,D00701,R004,Follow-up,2024-04-09,60,Neutral,Sent pricing deck
A000012,D00998,R003,Email,2024-01-13,45,Negative,Awaiting legal review
A000013,D00049,R003,Demo,2024-08-16,90,Negative,Stakeholder meeting set
A000014,D00881,R002,Demo,2023-03-12,45,Neutral,Decision deferred
A000015,D01160,R001,Meeting,2024-06-02,120,Neutral,Budget approved
A000016,D00555,R005,Email,2023-04-24,15,Positive,
A000017,D00404,R002,Call,2024-06-23,90,Neutral,Decision deferred
A000018,D00892,R005,Call,2024-12-17,15,No Response,Awaiting legal review
A000019,D00865,R002,Demo,2023-06-14,30,Positive,Budget approved
A000020,D00602,R004,Proposal Sent,2024-07-27,30,Negative,Budget approved
A000021,D00341,R005,Meeting,2024-06-17,90,Positive,Awaiting legal review
A000022,D00704,R001,Demo,2023-03-29,15,Positive,Sent pricing deck
A000023,D00318,R003,Email,2023-12-02,15,Positive,Decision deferred
A000024,D00618,R002,Demo,2023-06-08,45,Positive,Budget approved
A000025,D00382,R002,Follow-up,2023-01-11,30,Positive,Follow up scheduled
A000026,D00233,R001,Follow-up,2023-10-01,60,Positive,Awaiting legal review
A000027,D00817,R004,Call,2023-09-23,60,Positive,Awaiting legal review
A000028,D00553,R005,Email,2024-06-06,30,Positive,Champion confirmed
A000029,D00856,R003,Proposal Sent,2023-03-28,60,Neutral,Follow up scheduled
A000030,D00819,R001,Email,2024-12-11,45,Positive,Follow up scheduled
A000031,D00183,R004,Demo,2023-09-28,60,Negative,Champion confirmed
A000032,D01065,R002,Follow-up,2024-11-10,60,Negative,
A000033,D00397,R004,Follow-up,2024-08-09,90,Neutral,Sent pricing deck
A000034,D00779,R003,Follow-up,2024-05-15,60,No Response,Decision deferred
A000035,D00907,R001,Demo,2023-04-27,120,Negative,Follow up scheduled
A000036,D00127,R004,Proposal Sent,2023-06-11,45,Positive,Budget approved
A000037,D00001,R003,Follow-up,2023-07-05,60,Negative,Stakeholder meeting set
A000038,D01192,R001,Demo,2023-07-22,15,Neutral,Sent pricing deck
A000039,D00019,R005,Meeting,2023-06-18,45,Positive,Decision deferred
A000040,D00584,R005,Email,2024-05-31,15,Neutral,Decision deferred
A000041,D00456,R003,Proposal Sent,2024-12-30,120,No Response,
A000042,D00957,R004,Follow-up,2024-12-18,15,Neutral,
A000043,D01133,R002,Email,2024-04-21,120,Positive,Sent pricing deck
A000044,D00445,R002,Email,2024-07-11,60,Positive,Sent pricing deck
A000045,D00602,R004,Proposal Sent,2024-08-31,60,No Response,Decision deferred
A000046,D00103,R002,Call,2023-04-19,120,Neutral,Awaiting legal review
A000047,D00988,R004,Meeting,2023-08-02,60,Negative,Champion confirmed
A000048,D00520,R004,Demo,2024-05-21,30,Positive,Awaiting legal review
A000049,D01177,R003,Email,2024-12-16,15,Positive,Budget approved
A000050,D00859,R001,Email,2024-07-12,120,Negative,Stakeholder meeting set
A000051,D00174,R003,Demo,2024-12-30,60,No Response,Follow up scheduled
A000052,D01005,R005,Call,2023-11-09,120,Positive,Budget approved
A000053,D00431,R003,Call,2023-10-19,30,No Response,Decision deferred
A000054,D00727,R003,Email,2024-12-27,60,Neutral,Awaiting legal review
A000055,D00850,R003,Follow-up,2023-11-08,60,Neutral,
A000056,D00990,R002,Meeting,2023-09-22,120,Neutral,Awaiting legal review
A000057,D00639,R005,Meeting,2023-07-31,120,Neutral,Sent pricing deck
A000058,D00420,R005,Proposal Sent,2023-08-24,120,Positive,Stakeholder meeting set
A000059,D00594,R001,Follow-up,2024-12-26,30,Positive,Follow up scheduled
A000060,D00485,R003,Email,2024-12-31,60,No Response,Decision deferred
A000061,D00412,R002,Email,2023-03-17,15,Neutral,Follow up scheduled
A000062,D00936,R005,Call,2024-05-10,45,Positive,Budget approved
A000063,D01108,R005,Call,2024-02-03,45,Negative,Sent pricing deck
A000064,D01137,R002,Proposal Sent,2023-04-25,30,Neutral,Budget approved
A000065,D00332,R001,Demo,2024-03-20,90,Positive,Follow up scheduled
A000066,D00655,R003,Demo,2023-07-14,15,Negative,Sent pricing deck
A000067,D00041,R003,Email,2024-12-20,45,No Response,Follow up scheduled
A000068,D00959,R003,Email,2024-10-18,45,No Response,Awaiting legal review
A000069,D00105,R003,Follow-up,2023-09-08,45,Negative,Awaiting legal review
A000070,D00202,R005,Demo,2024-03-28,60,Negative,Champion confirmed
A000071,D00450,R002,Follow-up,2024-09-21,90,No Response,Champion confirmed
A000072,D00910,R002,Proposal Sent,2024-09-13,15,Positive,Stakeholder meeting set
A000073,D00210,R002,Email,2024-06-23,45,No Response,Awaiting legal review
A000074,D00563,R002,Call,2024-05-22,60,Neutral,Awaiting legal review
A000075,D01142,R004,Email,2023-04-26,45,Neutral,Stakeholder meeting set
A000076,D00713,R001,Follow-up,2024-02-18,15,Positive,Sent pricing deck
A000077,D00771,R002,Meeting,2023-06-16,60,Positive,Sent pricing deck
A000078,D01108,R005,Call,2023-10-29,90,Positive,
A000079,D00454,R005,Email,2024-11-29,45,Positive,Decision deferred
A000080,D00667,R001,Follow-up,2024-02-29,15,Negative,
A000081,D00629,R002,Call,2024-08-11,120,Positive,Decision deferred
A000082,D00387,R001,Demo,2024-04-23,60,Negative,Stakeholder meeting set
A000083,D00296,R001,Meeting,2024-11-05,60,Neutral,Follow up scheduled
A000084,D00258,R005,Email,2024-10-03,60,Positive,
A000085,D01105,R005,Email,2024-09-10,90,Neutral,Stakeholder meeting set
A000086,D00268,R005,Demo,2024-10-10,120,Neutral,Champion confirmed
A000087,D00419,R004,Follow-up,2024-10-05,120,Positive,Sent pricing deck
A000088,D00235,R002,Demo,2023-12-19,45,No Response,Follow up scheduled
A000089,D00986,R002,Call,2023-11-15,60,Positive,Sent pricing deck
A000090,D00574,R005,Demo,2024-11-25,90,Negative,
A000091,D00049,R003,Call,2024-07-25,60,Positive,Decision deferred
A000092,D01151,R001,Demo,2024-01-05,60,Neutral,Awaiting legal review
A000093,D00223,R004,Meeting,2024-09-02,30,Neutral,Budget approved
A000094,D00921,R002,Meeting,2023-10-17,60,Neutral,Decision deferred
A000095,D00277,R003,Meeting,2024-07-17,120,No Response,Champion confirmed
A000096,D01131,R002,Meeting,2023-03-11,15,No Response,Champion confirmed
A000097,D00420,R005,Demo,2023-10-28,30,Negative,Awaiting legal review
A000098,D00611,R003,Meeting,2024-11-18,120,Positive,Decision deferred
A000099,D00375,R002,Proposal Sent,2024-03-15,60,Negative,
A000100,D00073,R002,Email,2024-12-24,60,No Response,Follow up scheduled
A000101,D01054,R002,Demo,2023-08-16,90,No Response,Awaiting legal review
A000102,D00195,R002,Follow-up,2024-09-25,30,Positive,Stakeholder meeting set
A000103,D01180,R004,Demo,2023-09-08,30,Positive,Stakeholder meeting set
A000104,D01196,R002,Email,2023-09-05,120,Neutral,Decision deferred
A000105,D00847,R003,Call,2023-10-04,90,Neutral,Sent pricing deck
A000106,D01065,R002,Proposal Sent,2024-12-08,60,Neutral,Budget approved
A000107,D01087,R001,Email,2024-01-25,45,Positive,Stakeholder meeting set
A000108,D00023,R004,Meeting,2023-10-04,15,Negative,
A000109,D00360,R005,Follow-up,2023-08-02,45,Positive,Decision deferred
A000110,D01099,R004,Email,2023-11-13,90,Negative,Follow up scheduled
A000111,D00560,R001,Proposal Sent,2023-08-03,45,Positive,Decision deferred
A000112,D00672,R003,Call,2023-04-03,60,Negative,Decision deferred
A000113,D01142,R004,Follow-up,2023-03-06,30,Positive,Decision deferred
A000114,D00679,R002,Follow-up,2024-06-05,30,Neutral,Sent pricing deck
A000115,D00440,R005,Email,2023-08-10,60,Negative,
A000116,D00933,R003,Proposal Sent,2024-03-24,15,No Response,Sent pricing deck
A000117,D00007,R001,Call,2024-07-17,15,Negative,Decision deferred
A000118,D00421,R005,Proposal Sent,2024-04-25,45,Positive,Budget approved
A000119,D00833,R005,Proposal Sent,2024-12-25,60,Neutral,Champion confirmed
A000120,D00559,R001,Demo,2023-09-27,30,No Response,Awaiting legal review
A000121,D01172,R001,Email,2023-05-06,30,Neutral,Decision deferred
A000122,D00914,R005,Email,2024-10-09,30,Negative,Follow up scheduled
A000123,D01007,R004,Demo,2023-10-01,30,Neutral,Budget approved
A000124,D00126,R001,Email,2024-11-06,15,Neutral,Follow up scheduled
A000125,D00395,R003,Email,2023-12-12,60,Neutral,Follow up scheduled
A000126,D00817,R004,Call,2024-01-18,15,Neutral,Champion confirmed
A000127,D00881,R002,Email,2023-04-18,45,Neutral,Follow up scheduled
A000128,D00576,R004,Proposal Sent,2023-07-11,30,Positive,Awaiting legal review
A000129,D00325,R004,Meeting,2024-04-27,30,Positive,Budget approved
A000130,D00930,R003,Proposal Sent,2023-04-10,30,No Response,
A000131,D00833,R005,Proposal Sent,2024-09-29,45,Negative,Awaiting legal review
A000132,D01055,R002,Proposal Sent,2024-01-01,15,Neutral,Follow up scheduled
A000133,D00837,R001,Meeting,2024-09-03,45,Positive,Decision deferred
A000134,D00926,R002,Demo,2024-02-16,90,Negative,Stakeholder meeting set
A000135,D00443,R003,Follow-up,2024-08-06,90,Positive,Champion confirmed
A000136,D00075,R003,Meeting,2024-10-31,120,Positive,
A000137,D00557,R003,Proposal Sent,2024-07-11,15,Positive,Sent pricing deck
A000138,D01179,R005,Meeting,2024-12-17,30,Positive,Follow up scheduled
A000139,D00363,R002,Proposal Sent,2023-08-21,60,Positive,Awaiting legal review
A000140,D00448,R005,Meeting,2023-08-01,60,Positive,Stakeholder meeting set
A000141,D00262,R001,Call,2024-12-30,60,No Response,Budget approved
A000142,D00125,R001,Call,2024-02-08,90,Neutral,Stakeholder meeting set
A000143,D00911,R001,Meeting,2024-10-26,120,Positive,Awaiting legal review
A000144,D00245,R005,Email,2024-04-12,60,Negative,Stakeholder meeting set
A000145,D00542,R004,Meeting,2024-12-17,15,Positive,Follow up scheduled
A000146,D00485,R003,Follow-up,2024-12-26,15,Neutral,Decision deferred
A000147,D00122,R004,Email,2023-11-23,30,Positive,Sent pricing deck
A000148,D00125,R001,Demo,2024-04-18,45,No Response,Champion confirmed
A000149,D00170,R003,Email,2024-12-29,45,Positive,Follow up scheduled
A000150,D00124,R001,Call,2023-11-22,30,No Response,Stakeholder meeting set
A000151,D01059,R003,Call,2023-09-11,30,Positive,Decision deferred
A000152,D01111,R002,Demo,2023-02-22,15,Positive,Stakeholder meeting set
A000153,D00646,R004,Demo,2024-12-30,15,Positive,Champion confirmed
A000154,D00786,R003,Demo,2023-12-17,45,Negative,Follow up scheduled
A000155,D00201,R003,Meeting,2024-11-16,90,Neutral,Budget approved
A000156,D00369,R003,Call,2023-04-25,90,Positive,Champion confirmed
A000157,D00797,R002,Call,2023-09-12,45,Negative,Awaiting legal review
A000158,D00077,R003,Call,2024-11-29,90,Neutral,Follow up scheduled
A000159,D00059,R004,Email,2024-12-09,45,Neutral,Champion confirmed
A000160,D00431,R003,Call,2023-10-10,45,Negative,Sent pricing deck
A000161,D00638,R005,Proposal Sent,2024-01-26,15,Neutral,Stakeholder meeting set
A000162,D00109,R005,Proposal Sent,2023-08-12,60,Positive,Decision deferred
A000163,D01008,R004,Email,2023-10-17,30,Positive,
A000164,D00068,R005,Call,2023-07-11,15,Neutral,Budget approved
A000165,D01093,R003,Demo,2024-06-20,45,Positive,Follow up scheduled
A000166,D01189,R001,Call,2023-12-09,90,Negative,Budget approved
A000167,D00305,R004,Email,2023-05-04,90,Positive,
A000168,D00674,R002,Proposal Sent,2023-03-07,15,Neutral,Decision deferred
A000169,D00365,R005,Meeting,2024-01-04,15,Negative,Sent pricing deck
A000170,D00821,R003,Demo,2024-04-22,30,Negative,Decision deferred
A000171,D00343,R005,Meeting,2023-09-05,45,Neutral,Decision deferred
A000172,D00947,R005,Proposal Sent,2024-11-10,120,No Response,Budget approved
A000173,D00899,R001,Email,2023-09-15,30,Negative,Awaiting legal review
A000174,D01133,R002,Meeting,2024-02-20,30,Positive,Decision deferred
A000175,D00762,R003,Follow-up,2023-11-23,90,No Response,Stakeholder meeting set
A000176,D00341,R005,Call,2024-07-23,45,Positive,Decision deferred
A000177,D00942,R004,Email,2023-12-17,15,Positive,Champion confirmed
A000178,D00383,R005,Demo,2024-12-07,15,Positive,Budget approved
A000179,D01004,R004,Follow-up,2023-10-28,30,Positive,Sent pricing deck
A000180,D00300,R002,Call,2024-08-02,120,Negative,
A000181,D00139,R001,Proposal Sent,2024-12-17,60,Neutral,Budget approved
A000182,D00359,R001,Proposal Sent,2023-07-24,30,Positive,Budget approved
A000183,D00836,R004,Call,2023-06-06,30,No Response,Champion confirmed
A000184,D00483,R003,Demo,2024-10-19,120,Negative,Stakeholder meeting set
A000185,D00909,R001,Proposal Sent,2023-05-03,15,Neutral,Follow up scheduled
A000186,D01135,R003,Proposal Sent,2023-03-10,60,Neutral,Awaiting legal review
A000187,D00866,R003,Follow-up,2024-12-28,60,Negative,Champion confirmed
A000188,D00139,R001,Call,2024-11-29,30,Neutral,Awaiting legal review
A000189,D00996,R004,Email,2024-04-09,45,No Response,Follow up scheduled
A000190,D00435,R004,Demo,2023-05-12,60,Negative,Budget approved
A000191,D00509,R002,Demo,2023-09-30,15,No Response,Stakeholder meeting set
A000192,D00273,R005,Proposal Sent,2023-07-16,45,Negative,Champion confirmed
A000193,D01123,R001,Follow-up,2024-11-15,90,Positive,Stakeholder meeting set
A000194,D00104,R001,Meeting,2024-09-18,120,Negative,Decision deferred
A000195,D00762,R003,Call,2023-10-21,15,Negative,Budget approved
A000196,D00787,R002,Meeting,2024-12-14,30,Neutral,Decision deferred
A000197,D00165,R003,Demo,2024-12-16,30,No Response,Stakeholder meeting set
A000198,D00999,R002,Demo,2024-12-30,15,Negative,Awaiting legal review
A000199,D00520,R004,Proposal Sent,2024-04-10,30,Positive,Stakeholder meeting set
A000200,D00517,R004,Email,2024-01-14,90,Positive,Awaiting legal review
A000201,D00657,R001,Demo,2024-09-16,60,Positive,Awaiting legal review
A000202,D00613,R005,Proposal Sent,2024-11-09,45,No Response,Follow up scheduled
A000203,D00164,R002,Call,2023-05-02,30,Positive,Budget approved
A000204,D00064,R001,Demo,2024-12-23,90,Neutral,Follow up scheduled
A000205,D01115,R003,Email,2024-09-16,90,Negative,Awaiting legal review
A000206,D01141,R004,Call,2023-06-13,120,Neutral,Decision deferred
A000207,D00267,R005,Meeting,2024-12-31,15,Positive,Stakeholder meeting set
A000208,D01164,R001,Email,2023-05-04,90,Positive,Champion confirmed
A000209,D00246,R003,Email,2024-04-03,60,Negative,Follow up scheduled
A000210,D00395,R003,Follow-up,2023-08-25,30,Neutral,Follow up scheduled
A000211,D00476,R005,Email,2024-03-10,90,Positive,Stakeholder meeting set
A000212,D00977,R002,Call,2023-07-30,90,Neutral,Decision deferred
A000213,D01044,R004,Demo,2024-04-30,60,Positive,Champion confirmed
A000214,D00558,R005,Email,2024-03-06,120,Positive,Follow up scheduled
A000215,D01018,R005,Proposal Sent,2024-12-29,30,Neutral,Follow up scheduled
A000216,D00883,R002,Meeting,2024-04-22,45,Neutral,Awaiting legal review
A000217,D00147,R001,Email,2023-12-21,60,No Response,Decision deferred
A000218,D00666,R005,Demo,2024-10-17,30,Negative,Stakeholder meeting set
A000219,D00620,R005,Email,2023-02-20,90,Positive,
A000220,D00820,R002,Call,2024-04-22,45,Neutral,
A000221,D00864,R004,Meeting,2024-08-30,120,Positive,Champion confirmed
A000222,D00582,R003,Email,2024-01-31,30,No Response,Champion confirmed
A000223,D01023,R004,Meeting,2024-10-16,15,Positive,Budget approved
A000224,D00695,R001,Follow-up,2024-11-21,15,No Response,Budget approved
A000225,D01126,R005,Call,2024-08-11,120,Positive,Stakeholder meeting set
A000226,D00407,R003,Demo,2024-07-08,15,No Response,Champion confirmed
A000227,D00399,R002,Call,2023-08-31,60,Neutral,Awaiting legal review
A000228,D00715,R001,Demo,2024-07-25,60,No Response,Follow up scheduled
A000229,D00704,R001,Follow-up,2023-04-01,30,Negative,Budget approved
A000230,D00761,R004,Proposal Sent,2024-08-15,15,Negative,Awaiting legal review
A000231,D00499,R003,Email,2024-11-19,60,Positive,Stakeholder meeting set
A000232,D00974,R005,Proposal Sent,2024-08-16,90,Neutral,Sent pricing deck
A000233,D00082,R002,Meeting,2023-08-20,90,Neutral,Champion confirmed
A000234,D00604,R005,Demo,2023-02-21,120,Positive,Decision deferred
A000235,D00772,R002,Proposal Sent,2023-06-19,30,Neutral,Budget approved
A000236,D00903,R003,Demo,2023-10-19,15,Negative,Decision deferred
A000237,D00365,R005,Demo,2023-12-13,45,Neutral,Stakeholder meeting set
A000238,D00163,R004,Call,2023-09-11,90,Negative,Budget approved
A000239,D01072,R004,Proposal Sent,2023-05-21,15,Positive,Budget approved
A000240,D00511,R002,Proposal Sent,2024-08-11,45,Negative,Awaiting legal review
A000241,D00116,R005,Call,2024-06-04,60,Neutral,Follow up scheduled
A000242,D00941,R001,Follow-up,2024-06-24,60,Positive,Awaiting legal review
A000243,D00337,R002,Follow-up,2023-07-15,45,Positive,Follow up scheduled
A000244,D00881,R002,Proposal Sent,2023-02-20,45,Positive,Stakeholder meeting set
A000245,D00737,R001,Meeting,2024-12-23,120,No Response,Decision deferred
A000246,D00840,R002,Meeting,2024-12-25,120,Positive,Stakeholder meeting set
A000247,D00147,R001,Proposal Sent,2023-12-14,90,Positive,Follow up scheduled
A000248,D00443,R003,Call,2024-10-06,60,Neutral,Budget approved
A000249,D00837,R001,Meeting,2024-08-26,15,Positive,Awaiting legal review
A000250,D01037,R002,Email,2023-07-07,45,Positive,Budget approved
A000251,D00943,R003,Call,2023-11-28,60,Positive,Awaiting legal review
A000252,D00287,R005,Proposal Sent,2024-07-16,60,Negative,Stakeholder meeting set
A000253,D00720,R003,Meeting,2024-01-22,45,No Response,
A000254,D01138,R005,Follow-up,2024-02-10,60,Negative,Awaiting legal review
A000255,D00480,R003,Email,2023-07-31,45,Neutral,Sent pricing deck
A000256,D00022,R004,Demo,2023-07-05,90,Negative,Follow up scheduled
A000257,D00683,R003,Email,2024-05-10,30,Neutral,Decision deferred
A000258,D00906,R002,Email,2023-09-30,15,Negative,Budget approved
A000259,D00320,R005,Email,2024-04-03,120,Neutral,Awaiting legal review
A000260,D00126,R001,Demo,2024-09-06,30,Positive,Awaiting legal review
A000261,D00277,R003,Demo,2024-07-20,15,Positive,Champion confirmed
A000262,D00194,R005,Demo,2023-12-07,60,Neutral,Champion confirmed
A000263,D00696,R001,Email,2024-02-03,60,Neutral,
A000264,D00057,R005,Call,2023-06-07,15,Negative,
A000265,D01187,R005,Email,2023-08-20,90,No Response,Decision deferred
A000266,D00019,R005,Call,2023-08-25,60,Neutral,
A000267,D00264,R001,Proposal Sent,2023-10-06,120,Positive,Sent pricing deck
A000268,D00794,R002,Email,2024-02-01,90,Neutral,Awaiting legal review
A000269,D00113,R003,Call,2024-05-30,90,Negative,Follow up scheduled
A000270,D00542,R004,Meeting,2024-10-31,30,Neutral,Champion confirmed
A000271,D00647,R005,Follow-up,2024-12-03,30,Neutral,
A000272,D00579,R002,Email,2024-04-13,120,Negative,Stakeholder meeting set
A000273,D01089,R005,Email,2024-09-08,120,Neutral,Decision deferred
A000274,D00025,R002,Email,2023-01-18,120,Neutral,Budget approved
A000275,D00001,R003,Proposal Sent,2023-06-09,60,Negative,Sent pricing deck
A000276,D00911,R001,Follow-up,2024-12-14,120,Neutral,Awaiting legal review
A000277,D00141,R005,Call,2023-07-29,30,Negative,Sent pricing deck
A000278,D00648,R005,Call,2023-06-06,90,No Response,Follow up scheduled
A000279,D00188,R003,Call,2024-12-23,90,Neutral,Sent pricing deck
A000280,D01152,R004,Proposal Sent,2024-12-30,90,No Response,
A000281,D00201,R003,Proposal Sent,2024-11-03,30,Neutral,Stakeholder meeting set
A000282,D01151,R001,Call,2024-03-16,30,Neutral,
A000283,D00257,R001,Email,2024-08-18,90,Neutral,Budget approved
A000284,D00547,R005,Demo,2024-11-18,30,Neutral,Budget approved
A000285,D00194,R005,Email,2023-11-01,30,Negative,Champion confirmed
A000286,D00703,R002,Email,2024-08-21,120,Negative,Stakeholder meeting set
A000287,D01128,R003,Follow-up,2023-07-05,120,Neutral,Follow up scheduled
A000288,D00802,R002,Demo,2024-04-06,45,Negative,Awaiting legal review
A000289,D00942,R004,Email,2023-11-14,60,Neutral,Sent pricing deck
A000290,D00414,R004,Demo,2024-09-24,90,Neutral,Follow up scheduled
A000291,D01099,R004,Demo,2023-11-05,90,Neutral,Budget approved
A000292,D00910,R002,Proposal Sent,2024-09-03,90,Negative,Budget approved
A000293,D00188,R003,Email,2024-11-24,120,Positive,Sent pricing deck
A000294,D00045,R001,Follow-up,2023-06-12,90,Positive,
A000295,D00083,R001,Email,2024-09-17,60,Neutral,Budget approved
A000296,D01147,R004,Follow-up,2024-11-15,15,Positive,Follow up scheduled
A000297,D00358,R001,Meeting,2023-11-01,120,No Response,Decision deferred
A000298,D01090,R002,Proposal Sent,2024-12-27,15,Positive,Champion confirmed
A000299,D00936,R005,Meeting,2024-08-11,15,Positive,Follow up scheduled
A000300,D00375,R002,Proposal Sent,2024-06-15,30,Neutral,Budget approved
A000301,D00162,R004,Meeting,2024-03-09,15,Positive,Follow up scheduled
A000302,D00322,R004,Follow-up,2023-06-30,15,Neutral,Awaiting legal review
A000303,D00450,R002,Proposal Sent,2024-09-11,30,Neutral,Awaiting legal review
A000304,D01037,R002,Call,2023-06-13,120,No Response,Budget approved
A000305,D00184,R003,Demo,2024-10-16,90,Positive,Follow up scheduled
A000306,D00111,R001,Email,2024-08-19,60,Positive,Stakeholder meeting set
A000307,D00508,R004,Call,2024-03-15,120,Neutral,Budget approved
A000308,D00295,R004,Email,2024-09-19,60,Neutral,Awaiting legal review
A000309,D00904,R001,Proposal Sent,2023-12-14,120,Positive,Awaiting legal review
A000310,D00974,R005,Email,2024-11-21,30,Negative,Awaiting legal review
A000311,D00632,R002,Call,2023-03-25,15,Neutral,Decision deferred
A000312,D01051,R001,Email,2024-09-24,30,Neutral,
A000313,D00733,R005,Follow-up,2024-01-10,30,No Response,Awaiting legal review
A000314,D00321,R002,Follow-up,2023-08-26,45,Positive,Champion confirmed
A000315,D00913,R002,Proposal Sent,2023-10-02,60,Neutral,Decision deferred
A000316,D00437,R005,Demo,2023-07-01,45,No Response,
A000317,D00781,R003,Email,2023-07-03,15,Positive,Budget approved
A000318,D01077,R005,Follow-up,2023-07-04,120,Positive,Decision deferred
A000319,D00726,R001,Demo,2024-06-21,30,Neutral,Follow up scheduled
A000320,D00031,R004,Email,2023-04-17,30,No Response,
A000321,D00337,R002,Call,2023-05-29,15,Positive,Budget approved
A000322,D00183,R004,Meeting,2023-11-13,60,Negative,Follow up scheduled
A000323,D01047,R005,Proposal Sent,2024-05-16,60,Neutral,
A000324,D00544,R003,Call,2023-04-15,45,Positive,Stakeholder meeting set
A000325,D01098,R004,Follow-up,2024-03-12,45,Positive,Stakeholder meeting set
A000326,D01034,R004,Follow-up,2023-12-29,60,Positive,Sent pricing deck
A000327,D00660,R001,Proposal Sent,2024-07-11,60,Negative,Budget approved
A000328,D00160,R002,Email,2024-12-27,30,No Response,Budget approved
A000329,D01038,R002,Proposal Sent,2024-12-14,30,Positive,
A000330,D00412,R002,Call,2023-03-31,90,Positive,Awaiting legal review
A000331,D01012,R003,Call,2023-03-04,30,No Response,Champion confirmed
A000332,D00053,R003,Email,2023-07-10,60,Neutral,
A000333,D00408,R005,Proposal Sent,2024-08-24,90,Neutral,Sent pricing deck
A000334,D00847,R003,Demo,2023-08-21,90,Positive,
A000335,D01046,R003,Follow-up,2023-08-19,30,Positive,Follow up scheduled
A000336,D01054,R002,Call,2023-06-07,90,Neutral,Decision deferred
A000337,D00703,R002,Meeting,2024-05-21,90,Neutral,Follow up scheduled
A000338,D00260,R005,Meeting,2023-03-12,60,Positive,
A000339,D01083,R001,Proposal Sent,2023-09-01,90,Neutral,Champion confirmed
A000340,D00776,R002,Demo,2024-07-18,60,Neutral,Decision deferred
A000341,D01036,R002,Follow-up,2024-12-28,90,Negative,Champion confirmed
A000342,D00850,R003,Demo,2023-09-19,90,Negative,Awaiting legal review
A000343,D00354,R005,Proposal Sent,2024-07-09,60,Negative,
A000344,D01099,R004,Call,2023-12-06,45,No Response,Awaiting legal review
A000345,D00873,R004,Demo,2023-01-09,15,Positive,Decision deferred
A000346,D00991,R002,Proposal Sent,2023-12-30,45,No Response,Champion confirmed
A000347,D01018,R005,Demo,2024-09-13,30,Neutral,Champion confirmed
A000348,D01178,R003,Proposal Sent,2024-06-03,15,Positive,Decision deferred
A000349,D01120,R001,Email,2024-11-26,15,Positive,Sent pricing deck
A000350,D00294,R001,Demo,2024-08-25,15,Neutral,
A000351,D00209,R004,Meeting,2023-05-23,30,Negative,Sent pricing deck
A000352,D01112,R001,Demo,2023-07-29,120,Neutral,Champion confirmed
A000353,D00818,R001,Email,2023-08-13,45,Negative,Sent pricing deck
A000354,D00390,R002,Demo,2024-11-12,15,Positive,
A000355,D00325,R004,Call,2024-02-22,120,Negative,
A000356,D00940,R003,Email,2024-12-16,90,Neutral,Awaiting legal review
A000357,D00889,R003,Demo,2024-05-16,120,Positive,Decision deferred
A000358,D01181,R001,Follow-up,2023-08-26,120,Positive,Follow up scheduled
A000359,D00668,R003,Proposal Sent,2024-09-01,120,Neutral,Follow up scheduled
A000360,D00633,R002,Call,2023-12-06,30,Positive,Champion confirmed
A000361,D00577,R005,Proposal Sent,2023-03-09,60,No Response,Awaiting legal review
A000362,D00137,R002,Email,2023-03-19,90,No Response,Awaiting legal review
A000363,D00428,R003,Proposal Sent,2023-05-01,90,No Response,Follow up scheduled
A000364,D00612,R001,Demo,2023-06-27,60,Neutral,Follow up scheduled
A000365,D00911,R001,Meeting,2024-11-03,120,Positive,Follow up scheduled
A000366,D00819,R001,Proposal Sent,2024-12-23,60,Neutral,Awaiting legal review
A000367,D00141,R005,Demo,2023-08-21,60,Positive,Budget approved
A000368,D01107,R005,Demo,2024-10-03,30,Negative,Budget approved
A000369,D00177,R005,Demo,2023-09-21,15,Negative,Stakeholder meeting set
A000370,D00198,R004,Email,2024-04-15,120,Positive,Stakeholder meeting set
A000371,D00624,R003,Email,2024-12-19,15,Positive,
A000372,D00691,R002,Call,2023-08-16,120,Positive,
A000373,D00401,R004,Email,2023-06-01,30,Neutral,Decision deferred
A000374,D00471,R002,Call,2024-03-02,120,Positive,Sent pricing deck
A000375,D00218,R002,Call,2023-06-08,90,Neutral,Champion confirmed
A000376,D00929,R004,Email,2023-06-16,30,Positive,Decision deferred
A000377,D00632,R002,Demo,2023-05-17,45,Positive,
A000378,D00951,R005,Proposal Sent,2023-12-27,90,Positive,Budget approved
A000379,D00906,R002,Meeting,2023-09-20,15,Neutral,Awaiting legal review
A000380,D00175,R005,Call,2023-11-13,30,Positive,Sent pricing deck
A000381,D00023,R004,Email,2023-12-09,120,Negative,Awaiting legal review
A000382,D00235,R002,Email,2023-11-28,90,Positive,
A000383,D01037,R002,Email,2023-06-23,120,Neutral,Stakeholder meeting set
A000384,D01125,R001,Meeting,2024-10-22,120,Positive,Decision deferred
A000385,D00929,R004,Proposal Sent,2023-08-07,90,Positive,Budget approved
A000386,D00523,R001,Meeting,2024-06-29,30,No Response,Follow up scheduled
A000387,D00431,R003,Email,2023-12-11,90,Negative,Follow up scheduled
A000388,D00793,R005,Demo,2024-12-15,90,Negative,Sent pricing deck
A000389,D00533,R003,Meeting,2024-10-02,45,Positive,Awaiting legal review
A000390,D00979,R003,Demo,2023-10-14,30,Neutral,Sent pricing deck
A000391,D00810,R001,Email,2024-12-09,120,Neutral,
A000392,D00913,R002,Email,2023-08-22,45,Positive,Champion confirmed
A000393,D01125,R001,Follow-up,2024-10-12,45,Positive,Budget approved
A000394,D00871,R001,Proposal Sent,2024-09-07,45,No Response,Champion confirmed
A000395,D00540,R003,Follow-up,2023-09-11,90,Positive,Sent pricing deck
A000396,D01024,R005,Proposal Sent,2024-08-16,15,Neutral,Awaiting legal review
A000397,D00227,R002,Call,2023-04-08,120,Negative,Champion confirmed
A000398,D00873,R004,Demo,2023-03-14,90,Neutral,Budget approved
A000399,D00892,R005,Follow-up,2024-10-21,60,Neutral,Follow up scheduled
A000400,D01037,R002,Meeting,2023-04-23,45,Positive,Stakeholder meeting set
A000401,D00210,R002,Meeting,2024-07-02,45,Neutral,Champion confirmed
A000402,D00741,R001,Call,2023-07-04,120,Positive,Awaiting legal review
A000403,D00397,R004,Call,2024-05-20,15,No Response,
A000404,D01124,R005,Demo,2024-11-27,15,Neutral,Follow up scheduled
A000405,D00031,R004,Meeting,2023-05-10,60,Positive,
A000406,D00898,R005,Proposal Sent,2023-03-02,30,Positive,Sent pricing deck
A000407,D00649,R004,Follow-up,2023-04-17,90,Positive,Budget approved
A000408,D00329,R002,Call,2023-09-29,15,Positive,Decision deferred
A000409,D01190,R004,Meeting,2024-12-20,60,Positive,Stakeholder meeting set
A000410,D00952,R003,Demo,2023-08-31,90,Positive,Follow up scheduled
A000411,D01124,R005,Call,2024-12-02,60,Positive,Sent pricing deck
A000412,D00621,R003,Proposal Sent,2023-10-13,120,Neutral,Budget approved
A000413,D01197,R001,Follow-up,2023-06-17,120,No Response,Decision deferred
A000414,D00162,R004,Demo,2024-03-06,30,Neutral,
A000415,D00776,R002,Email,2024-06-20,60,Neutral,Budget approved
A000416,D00274,R002,Follow-up,2023-04-11,45,Positive,Follow up scheduled
A000417,D01027,R002,Proposal Sent,2024-12-26,120,No Response,Decision deferred
A000418,D01052,R005,Follow-up,2023-07-06,30,Positive,Sent pricing deck
A000419,D00326,R003,Meeting,2024-10-17,120,Positive,Stakeholder meeting set
A000420,D00940,R003,Proposal Sent,2024-12-19,45,Neutral,
A000421,D01173,R005,Meeting,2024-01-21,60,Positive,Awaiting legal review
A000422,D00540,R003,Call,2023-07-19,45,Negative,Awaiting legal review
A000423,D00488,R001,Email,2024-08-12,45,Positive,Follow up scheduled
A000424,D00822,R001,Follow-up,2024-11-09,60,Positive,Budget approved
A000425,D01089,R005,Call,2024-05-25,45,Neutral,
A000426,D00356,R002,Call,2024-06-16,60,Neutral,Follow up scheduled
A000427,D00235,R002,Email,2023-11-29,60,Positive,Awaiting legal review
A000428,D00227,R002,Call,2023-04-08,60,Negative,Stakeholder meeting set
A000429,D00049,R003,Call,2024-05-06,120,Neutral,Sent pricing deck
A000430,D00118,R005,Follow-up,2024-08-16,60,Positive,Follow up scheduled
A000431,D00054,R001,Proposal Sent,2023-07-14,90,Positive,Champion confirmed
A000432,D00565,R001,Email,2023-12-06,90,Positive,Decision deferred
A000433,D01068,R003,Follow-up,2024-10-19,30,Neutral,Decision deferred
A000434,D00053,R003,Call,2023-07-02,15,Neutral,Stakeholder meeting set
A000435,D00558,R005,Follow-up,2024-02-07,30,Negative,
A000436,D01126,R005,Demo,2024-10-29,90,Neutral,Stakeholder meeting set
A000437,D00868,R005,Email,2024-12-23,90,Neutral,Decision deferred
A000438,D00398,R002,Email,2023-03-07,15,Neutral,Awaiting legal review
A000439,D01162,R001,Call,2023-06-25,60,Positive,
A000440,D00675,R003,Demo,2024-08-07,120,Positive,Budget approved
A000441,D00387,R001,Proposal Sent,2024-06-05,30,Positive,Budget approved
A000442,D00111,R001,Proposal Sent,2024-08-30,90,Positive,Budget approved
A000443,D00614,R001,Demo,2023-08-17,30,Neutral,Sent pricing deck
A000444,D00017,R005,Follow-up,2024-11-28,90,Positive,Awaiting legal review
A000445,D00884,R005,Follow-up,2024-11-10,45,Neutral,Budget approved
A000446,D00541,R005,Demo,2024-02-22,45,Positive,Awaiting legal review
A000447,D00171,R002,Call,2023-01-28,90,Negative,Stakeholder meeting set
A000448,D00409,R004,Email,2024-10-22,60,Neutral,Follow up scheduled
A000449,D00740,R002,Follow-up,2024-01-18,60,Positive,Champion confirmed
A000450,D00858,R002,Meeting,2024-12-09,15,Negative,Decision deferred
A000451,D00230,R001,Proposal Sent,2024-02-21,60,Positive,Follow up scheduled
A000452,D00119,R003,Meeting,2023-12-09,120,Positive,Awaiting legal review
A000453,D01180,R004,Meeting,2023-09-24,15,Positive,Stakeholder meeting set
A000454,D00784,R001,Email,2024-05-09,45,Neutral,Follow up scheduled
A000455,D00465,R003,Demo,2024-05-19,30,Neutral,Sent pricing deck
A000456,D00104,R001,Call,2024-08-16,120,Negative,Sent pricing deck
A000457,D00698,R001,Meeting,2023-02-28,15,Positive,Follow up scheduled
A000458,D00175,R005,Proposal Sent,2023-09-08,60,Neutral,Stakeholder meeting set
A000459,D00745,R001,Call,2024-08-24,45,Positive,Champion confirmed
A000460,D01158,R005,Proposal Sent,2023-08-26,45,Positive,Budget approved
A000461,D00665,R002,Follow-up,2023-10-23,60,No Response,Stakeholder meeting set
A000462,D00033,R004,Email,2023-02-24,120,Negative,
A000463,D00055,R002,Email,2024-02-06,45,Negative,Sent pricing deck
A000464,D00519,R002,Follow-up,2023-11-27,15,Negative,Awaiting legal review
A000465,D00756,R002,Follow-up,2023-06-06,45,Negative,Awaiting legal review
A000466,D00012,R004,Call,2024-09-23,60,Positive,Sent pricing deck
A000467,D00720,R003,Call,2023-12-11,30,No Response,
A000468,D00555,R005,Follow-up,2023-03-06,120,Neutral,Awaiting legal review
A000469,D00373,R002,Email,2024-12-23,45,Neutral,Follow up scheduled
A000470,D00484,R005,Call,2024-11-11,30,No Response,
A000471,D00973,R005,Meeting,2024-01-03,120,Positive,Budget approved
A000472,D00623,R003,Email,2023-03-21,120,Positive,Decision deferred
A000473,D00307,R003,Email,2024-01-04,90,Positive,
A000474,D00457,R005,Call,2024-12-24,30,No Response,Decision deferred
A000475,D00160,R002,Follow-up,2024-12-28,90,Neutral,Champion confirmed
A000476,D00331,R001,Call,2024-12-17,90,No Response,Awaiting legal review
A000477,D00776,R002,Demo,2024-05-02,15,Positive,Decision deferred
A000478,D00225,R005,Call,2023-08-25,30,Negative,
A000479,D00983,R001,Proposal Sent,2023-04-20,90,Neutral,Budget approved
A000480,D00729,R003,Meeting,2023-02-03,60,No Response,Decision deferred
A000481,D01069,R005,Follow-up,2023-05-22,90,No Response,Decision deferred
A000482,D01083,R001,Call,2023-05-10,30,Neutral,Follow up scheduled
A000483,D00644,R004,Email,2023-06-30,45,Neutral,Follow up scheduled
A000484,D00616,R003,Meeting,2024-04-07,90,Positive,Decision deferred
A000485,D00195,R002,Demo,2024-09-16,45,Positive,Budget approved
A000486,D00489,R005,Follow-up,2023-06-08,15,Neutral,Decision deferred
A000487,D00157,R002,Proposal Sent,2023-10-15,15,Negative,
A000488,D00610,R004,Demo,2024-04-25,15,Positive,Budget approved
A000489,D00412,R002,Demo,2023-04-25,30,No Response,Follow up scheduled
A000490,D01103,R002,Meeting,2023-05-06,45,Neutral,Sent pricing deck
A000491,D01148,R004,Proposal Sent,2024-03-19,30,Positive,Follow up scheduled
A000492,D00471,R002,Meeting,2024-05-27,45,No Response,Champion confirmed
A000493,D00516,R001,Call,2024-12-17,30,Negative,Awaiting legal review
A000494,D01128,R003,Follow-up,2023-08-16,30,No Response,
A000495,D00393,R004,Meeting,2023-10-24,60,Positive,Sent pricing deck
A000496,D00631,R005,Follow-up,2024-03-25,90,Neutral,Follow up scheduled
A000497,D00608,R003,Meeting,2024-10-30,45,Negative,Follow up scheduled
A000498,D00980,R001,Meeting,2023-05-02,15,Positive,Stakeholder meeting set
A000499,D00434,R001,Call,2023-04-05,60,Negative,Stakeholder meeting set
A000500,D01167,R001,Demo,2023-04-12,30,Neutral,Budget approved
A000501,D00540,R003,Follow-up,2023-07-13,45,Positive,Follow up scheduled
A000502,D00278,R002,Meeting,2023-08-13,120,Positive,Follow up scheduled
A000503,D00233,R001,Meeting,2023-10-02,45,Positive,Awaiting legal review
A000504,D01114,R001,Demo,2024-08-02,90,Positive,
A000505,D00362,R001,Call,2023-10-02,45,Neutral,Follow up scheduled
A000506,D00026,R003,Meeting,2023-12-21,30,Positive,Follow up scheduled
A000507,D01049,R001,Follow-up,2024-07-27,60,Positive,Stakeholder meeting set
A000508,D00507,R004,Meeting,2023-04-09,45,No Response,Sent pricing deck
A000509,D00267,R005,Proposal Sent,2024-12-31,60,Positive,
A000510,D00461,R001,Proposal Sent,2024-09-06,30,Positive,Champion confirmed
A000511,D00456,R003,Follow-up,2024-12-21,90,Negative,Budget approved
A000512,D01092,R003,Proposal Sent,2024-10-26,15,Positive,Awaiting legal review
A000513,D01007,R004,Proposal Sent,2023-09-23,120,Neutral,Stakeholder meeting set
A000514,D00863,R004,Demo,2023-05-22,15,No Response,Champion confirmed
A000515,D00491,R005,Meeting,2023-08-04,60,Positive,Decision deferred
A000516,D01073,R003,Follow-up,2023-12-19,30,No Response,Budget approved
A000517,D00564,R004,Email,2024-12-05,30,Positive,Sent pricing deck
A000518,D01126,R005,Email,2024-10-17,45,Neutral,Stakeholder meeting set
A000519,D00216,R001,Demo,2024-09-23,15,Positive,Sent pricing deck
A000520,D00559,R001,Follow-up,2023-10-16,60,Neutral,Decision deferred
A000521,D00159,R005,Call,2023-10-11,90,No Response,Budget approved
A000522,D00489,R005,Meeting,2023-08-04,45,Positive,Decision deferred
A000523,D00686,R001,Meeting,2024-12-30,120,Neutral,
A000524,D00794,R002,Proposal Sent,2023-11-23,90,Neutral,Decision deferred
A000525,D00005,R005,Meeting,2024-12-18,90,Neutral,
A000526,D00361,R003,Demo,2023-04-13,120,Neutral,Budget approved
A000527,D00459,R002,Meeting,2023-07-22,90,Positive,Sent pricing deck
A000528,D00248,R002,Call,2024-03-01,120,Negative,Stakeholder meeting set
A000529,D00946,R003,Demo,2024-05-19,60,Negative,Budget approved
A000530,D00422,R005,Email,2023-12-18,120,Positive,Awaiting legal review
A000531,D00015,R004,Proposal Sent,2024-12-20,45,Neutral,Awaiting legal review
A000532,D00736,R005,Follow-up,2023-03-26,90,Positive,Follow up scheduled
A000533,D01146,R004,Proposal Sent,2024-08-17,60,Positive,Awaiting legal review
A000534,D00277,R003,Email,2024-10-26,15,Negative,Follow up scheduled
A000535,D00453,R001,Call,2023-12-30,60,Positive,Awaiting legal review
A000536,D00598,R005,Email,2023-10-10,15,Neutral,Stakeholder meeting set
A000537,D00446,R003,Demo,2024-10-31,120,Neutral,Awaiting legal review
A000538,D00210,R002,Demo,2024-07-26,60,Neutral,Awaiting legal review
A000539,D00714,R001,Demo,2024-10-11,45,No Response,Stakeholder meeting set
A000540,D00302,R005,Call,2024-08-20,45,Neutral,Budget approved
A000541,D00003,R002,Email,2023-05-04,15,Positive,
A000542,D00990,R002,Proposal Sent,2023-10-02,60,Negative,Decision deferred
A000543,D01117,R005,Follow-up,2023-02-19,15,Positive,Awaiting legal review
A000544,D00520,R004,Demo,2024-05-07,45,Positive,Decision deferred
A000545,D00493,R001,Demo,2023-06-20,45,Positive,
A000546,D00620,R005,Demo,2023-06-18,15,Positive,Champion confirmed
A000547,D01185,R003,Proposal Sent,2024-11-08,60,No Response,Awaiting legal review
A000548,D00331,R001,Proposal Sent,2024-12-13,30,Negative,
A000549,D00333,R004,Email,2024-07-10,120,Positive,Follow up scheduled
A000550,D00050,R001,Meeting,2023-02-25,30,Positive,Budget approved
A000551,D00863,R004,Demo,2023-05-21,30,No Response,Awaiting legal review
A000552,D00272,R001,Call,2024-08-25,15,Negative,Stakeholder meeting set
A000553,D00580,R001,Email,2024-03-18,90,Neutral,Champion confirmed
A000554,D00560,R001,Proposal Sent,2023-07-07,45,Negative,Champion confirmed
A000555,D00696,R001,Follow-up,2024-02-10,90,Positive,Awaiting legal review
A000556,D01114,R001,Email,2024-08-23,90,Neutral,
A000557,D00446,R003,Proposal Sent,2024-10-27,60,Positive,Budget approved
A000558,D01017,R001,Call,2024-01-16,90,Positive,Champion confirmed
A000559,D01163,R002,Meeting,2023-03-02,90,Positive,Follow up scheduled
A000560,D00357,R003,Demo,2024-12-04,15,Neutral,Stakeholder meeting set
A000561,D00274,R002,Meeting,2023-05-31,120,Neutral,Follow up scheduled
A000562,D01043,R001,Demo,2024-09-06,60,Neutral,Champion confirmed
A000563,D00311,R003,Demo,2024-02-17,120,Positive,Stakeholder meeting set
A000564,D00870,R005,Follow-up,2024-12-27,90,Positive,Awaiting legal review
A000565,D00886,R003,Call,2023-10-27,120,Neutral,Budget approved
A000566,D00154,R002,Follow-up,2023-02-21,15,Negative,Sent pricing deck
A000567,D00620,R005,Proposal Sent,2023-04-05,90,No Response,Decision deferred
A000568,D00883,R002,Proposal Sent,2024-04-23,45,Neutral,Follow up scheduled
A000569,D00797,R002,Call,2023-10-17,45,Positive,Champion confirmed
A000570,D00125,R001,Proposal Sent,2024-01-06,120,Neutral,
A000571,D00619,R004,Demo,2024-02-15,90,Neutral,Stakeholder meeting set
A000572,D00245,R005,Demo,2024-05-22,15,Neutral,Sent pricing deck
A000573,D00848,R004,Meeting,2023-11-12,120,Positive,Decision deferred
A000574,D00450,R002,Email,2024-09-17,90,Neutral,Decision deferred
A000575,D00930,R003,Proposal Sent,2023-06-08,45,Negative,Awaiting legal review
A000576,D00520,R004,Proposal Sent,2024-06-17,45,Positive,Awaiting legal review
A000577,D01165,R004,Call,2024-04-29,120,Negative,Decision deferred
A000578,D00362,R001,Meeting,2023-12-02,15,Negative,Stakeholder meeting set
A000579,D00008,R005,Proposal Sent,2023-05-18,60,Negative,Budget approved
A000580,D00478,R002,Meeting,2024-04-16,60,Negative,Budget approved
A000581,D00495,R004,Proposal Sent,2024-08-18,30,Positive,
A000582,D00833,R005,Follow-up,2024-10-03,15,Positive,Decision deferred
A000583,D01063,R001,Proposal Sent,2024-10-13,30,Neutral,Sent pricing deck
A000584,D00593,R001,Email,2023-06-10,90,No Response,Sent pricing deck
A000585,D00187,R003,Proposal Sent,2023-08-29,90,Positive,Decision deferred
A000586,D00754,R002,Meeting,2023-04-25,45,Negative,Budget approved
A000587,D00093,R005,Proposal Sent,2024-03-18,90,Neutral,Follow up scheduled
A000588,D00086,R005,Meeting,2024-01-28,30,Positive,
A000589,D01068,R003,Call,2024-10-30,120,Neutral,
A000590,D00137,R002,Proposal Sent,2023-03-21,90,Positive,Decision deferred
A000591,D00421,R005,Call,2024-05-30,30,Neutral,Follow up scheduled
A000592,D00074,R005,Follow-up,2023-11-29,60,Positive,Budget approved
A000593,D01180,R004,Follow-up,2023-09-20,90,Neutral,
A000594,D00171,R002,Follow-up,2023-01-15,90,Positive,
A000595,D00170,R003,Proposal Sent,2024-12-28,45,Negative,Sent pricing deck
A000596,D00872,R004,Meeting,2023-12-25,60,Neutral,Stakeholder meeting set
A000597,D00322,R004,Proposal Sent,2023-05-20,90,Positive,Follow up scheduled
A000598,D00456,R003,Follow-up,2024-12-16,30,Neutral,Sent pricing deck
A000599,D00944,R003,Proposal Sent,2024-12-13,15,Positive,Follow up scheduled
A000600,D00790,R003,Proposal Sent,2023-08-10,45,Positive,Awaiting legal review
A000601,D00613,R005,Meeting,2024-11-06,90,Positive,Budget approved
A000602,D01179,R005,Proposal Sent,2024-11-12,60,Neutral,Follow up scheduled
A000603,D00889,R003,Call,2024-06-13,15,Neutral,Awaiting legal review
A000604,D00349,R004,Call,2023-04-12,30,Neutral,Sent pricing deck
A000605,D01197,R001,Email,2023-05-13,120,Negative,Follow up scheduled
A000606,D00010,R004,Demo,2023-03-23,120,Positive,Sent pricing deck
A000607,D00740,R002,Proposal Sent,2023-12-28,120,Negative,Awaiting legal review
A000608,D00667,R001,Follow-up,2024-04-29,15,Neutral,Decision deferred
A000609,D00546,R002,Email,2024-03-10,120,Negative,Follow up scheduled
A000610,D00129,R005,Meeting,2023-12-07,60,Negative,Follow up scheduled
A000611,D00601,R004,Email,2024-12-06,60,Neutral,Champion confirmed
A000612,D00605,R002,Call,2024-08-02,90,Neutral,Awaiting legal review
A000613,D00327,R005,Proposal Sent,2023-12-30,30,Positive,Awaiting legal review
A000614,D00980,R001,Demo,2023-03-29,90,No Response,Follow up scheduled
A000615,D00404,R002,Follow-up,2024-04-16,45,Positive,
A000616,D00629,R002,Meeting,2024-09-01,90,Neutral,Champion confirmed
A000617,D00718,R003,Demo,2024-12-25,45,Neutral,Follow up scheduled
A000618,D01041,R003,Meeting,2023-09-03,60,Positive,Sent pricing deck
A000619,D00274,R002,Call,2023-06-02,120,No Response,Champion confirmed
A000620,D00685,R002,Demo,2023-01-15,45,Positive,Follow up scheduled
A000621,D00116,R005,Demo,2024-05-15,60,Neutral,Follow up scheduled
A000622,D00861,R002,Call,2024-11-30,120,Positive,
A000623,D00693,R003,Proposal Sent,2023-03-27,120,No Response,Champion confirmed
A000624,D01115,R003,Demo,2024-08-13,120,Negative,Budget approved
A000625,D01106,R005,Demo,2024-03-02,45,No Response,Champion confirmed
A000626,D00324,R005,Email,2023-05-16,45,Positive,
A000627,D00961,R001,Follow-up,2023-10-13,120,Positive,Decision deferred
A000628,D00114,R002,Follow-up,2024-11-15,45,No Response,Champion confirmed
A000629,D01082,R001,Proposal Sent,2024-12-10,60,Positive,Awaiting legal review
A000630,D00154,R002,Proposal Sent,2023-05-18,90,Positive,Follow up scheduled
A000631,D00315,R002,Follow-up,2023-08-07,60,No Response,
A000632,D01065,R002,Proposal Sent,2024-12-24,15,No Response,Decision deferred
A000633,D00105,R003,Follow-up,2023-08-08,45,Negative,Budget approved
A000634,D00354,R005,Meeting,2024-06-13,90,Positive,Awaiting legal review
A000635,D01016,R001,Proposal Sent,2023-10-14,45,Positive,Champion confirmed
A000636,D00733,R005,Meeting,2024-04-16,120,No Response,Budget approved
A000637,D00709,R002,Email,2023-12-28,15,Neutral,Decision deferred
A000638,D00651,R002,Demo,2023-09-07,60,Positive,
A000639,D00824,R001,Follow-up,2023-04-12,30,No Response,Stakeholder meeting set
A000640,D00947,R005,Meeting,2024-10-30,45,Neutral,Decision deferred
A000641,D00661,R003,Follow-up,2024-02-18,120,Positive,
A000642,D00099,R005,Email,2024-01-18,90,Positive,Champion confirmed
A000643,D00588,R004,Email,2024-09-11,30,Neutral,Sent pricing deck
A000644,D00282,R001,Proposal Sent,2023-05-08,45,No Response,Budget approved
A000645,D00403,R004,Call,2024-11-21,30,Positive,Budget approved
A000646,D01133,R002,Meeting,2024-02-16,120,Positive,Stakeholder meeting set
A000647,D00700,R002,Follow-up,2024-10-23,45,Neutral,Awaiting legal review
A000648,D00199,R002,Meeting,2023-10-24,15,No Response,Champion confirmed
A000649,D00327,R005,Demo,2023-11-28,60,Negative,Budget approved
A000650,D00154,R002,Call,2023-03-24,120,Positive,Stakeholder meeting set
A000651,D00552,R005,Demo,2023-06-04,120,Positive,
A000652,D00405,R001,Follow-up,2023-07-16,90,Positive,Sent pricing deck
A000653,D00462,R005,Email,2024-06-14,45,Positive,Decision deferred
A000654,D00132,R005,Call,2023-06-01,15,Neutral,Sent pricing deck
A000655,D00791,R003,Proposal Sent,2024-11-26,90,Positive,Budget approved
A000656,D00874,R004,Email,2024-03-03,30,Negative,Budget approved
A000657,D00084,R004,Demo,2023-11-13,120,Neutral,Follow up scheduled
A000658,D00754,R002,Proposal Sent,2023-04-02,45,Negative,Champion confirmed
A000659,D00628,R003,Meeting,2024-12-23,45,Positive,Decision deferred
A000660,D01133,R002,Follow-up,2024-04-20,30,Neutral,Budget approved
A000661,D00221,R002,Follow-up,2024-08-12,30,No Response,Follow up scheduled
A000662,D00553,R005,Call,2024-09-11,60,No Response,Stakeholder meeting set
A000663,D01171,R005,Follow-up,2023-07-23,15,Neutral,Awaiting legal review
A000664,D00112,R004,Call,2023-09-07,15,Neutral,Champion confirmed
A000665,D00615,R005,Meeting,2023-07-03,60,Neutral,Awaiting legal review
A000666,D00924,R004,Meeting,2023-05-03,60,No Response,Follow up scheduled
A000667,D00475,R004,Demo,2024-06-05,120,Positive,Champion confirmed
A000668,D00836,R004,Call,2023-03-23,15,Positive,Decision deferred
A000669,D00271,R001,Follow-up,2023-08-06,120,No Response,Budget approved
A000670,D00421,R005,Proposal Sent,2024-04-25,90,Positive,Champion confirmed
A000671,D00707,R003,Meeting,2023-09-05,60,Neutral,Awaiting legal review
A000672,D00040,R005,Demo,2024-07-18,90,Negative,Sent pricing deck
A000673,D00189,R003,Meeting,2023-08-22,90,Positive,Decision deferred
A000674,D01188,R004,Demo,2023-06-02,45,Negative,Sent pricing deck
A000675,D00994,R003,Demo,2024-09-22,15,Neutral,Champion confirmed
A000676,D00536,R001,Demo,2024-05-03,15,Neutral,Awaiting legal review
A000677,D01028,R004,Demo,2024-11-19,60,No Response,Decision deferred
A000678,D00290,R001,Meeting,2024-12-29,15,Positive,Awaiting legal review
A000679,D00433,R002,Meeting,2023-03-21,30,Positive,Sent pricing deck
A000680,D00471,R002,Proposal Sent,2024-05-08,45,Negative,Awaiting legal review
A000681,D00628,R003,Demo,2024-12-03,90,Negative,Decision deferred
A000682,D00279,R004,Follow-up,2023-05-16,60,Positive,Budget approved
A000683,D00877,R001,Email,2024-01-02,45,Neutral,Follow up scheduled
A000684,D00581,R005,Proposal Sent,2023-05-04,45,Positive,Decision deferred
A000685,D00863,R004,Demo,2023-05-13,45,Positive,Champion confirmed
A000686,D00254,R005,Demo,2024-07-20,45,No Response,Budget approved
A000687,D00181,R003,Proposal Sent,2024-02-24,60,Neutral,Decision deferred
A000688,D00681,R005,Proposal Sent,2024-04-25,30,Neutral,Budget approved
A000689,D00825,R002,Call,2023-05-08,30,Positive,Stakeholder meeting set
A000690,D00700,R002,Meeting,2024-09-08,120,Negative,Sent pricing deck
A000691,D00566,R001,Follow-up,2024-07-07,60,Positive,Champion confirmed
A000692,D00680,R005,Demo,2024-11-29,15,Positive,
A000693,D00391,R002,Proposal Sent,2023-06-21,60,Neutral,Stakeholder meeting set
A000694,D01109,R003,Email,2023-05-22,30,No Response,Follow up scheduled
A000695,D00212,R001,Email,2023-10-02,90,Positive,Champion confirmed
A000696,D00384,R003,Meeting,2024-03-17,120,Neutral,Sent pricing deck
A000697,D00342,R005,Call,2024-08-29,15,Neutral,Stakeholder meeting set
A000698,D00844,R001,Email,2024-11-17,15,Positive,
A000699,D01062,R001,Email,2023-03-22,45,Positive,Sent pricing deck
A000700,D00420,R005,Email,2023-08-10,15,Positive,Awaiting legal review
A000701,D00751,R002,Proposal Sent,2024-04-10,60,Positive,Sent pricing deck
A000702,D01193,R004,Email,2023-07-10,60,Negative,Sent pricing deck
A000703,D00306,R003,Meeting,2024-01-03,15,Positive,Awaiting legal review
A000704,D00702,R001,Proposal Sent,2024-05-18,45,Neutral,Decision deferred
A000705,D00869,R004,Meeting,2024-01-14,15,Neutral,Follow up scheduled
A000706,D00537,R001,Meeting,2023-02-08,90,Neutral,Champion confirmed
A000707,D01136,R005,Follow-up,2023-05-11,15,Positive,Budget approved
A000708,D00206,R004,Follow-up,2023-11-19,120,Positive,Awaiting legal review
A000709,D00496,R001,Email,2023-05-03,30,Positive,Decision deferred
A000710,D01071,R001,Meeting,2023-07-24,45,No Response,Stakeholder meeting set
A000711,D00504,R002,Follow-up,2023-05-14,15,Neutral,Decision deferred
A000712,D01046,R003,Demo,2023-05-16,120,Positive,Budget approved
A000713,D00213,R005,Call,2023-07-01,15,Neutral,
A000714,D00310,R002,Email,2023-04-26,45,Positive,Stakeholder meeting set
A000715,D00661,R003,Proposal Sent,2024-03-07,90,Positive,Sent pricing deck
A000716,D00753,R002,Meeting,2023-07-09,60,No Response,Champion confirmed
A000717,D00272,R001,Follow-up,2024-12-04,90,Positive,Decision deferred
A000718,D00938,R001,Call,2024-07-28,45,Positive,Stakeholder meeting set
A000719,D00032,R004,Proposal Sent,2024-08-03,30,Positive,Decision deferred
A000720,D00443,R003,Demo,2024-07-30,60,Positive,Follow up scheduled
A000721,D00162,R004,Follow-up,2024-03-16,120,Neutral,Follow up scheduled
A000722,D00767,R002,Email,2023-09-04,15,Negative,Budget approved
A000723,D00254,R005,Demo,2024-06-12,30,Positive,Sent pricing deck
A000724,D00521,R005,Call,2023-05-30,120,Positive,Decision deferred
A000725,D00977,R002,Meeting,2023-06-29,15,Negative,Decision deferred
A000726,D00010,R004,Follow-up,2023-02-02,90,Positive,Awaiting legal review
A000727,D00726,R001,Demo,2024-06-23,45,Positive,Budget approved
A000728,D00505,R003,Proposal Sent,2024-02-17,60,Positive,Budget approved
A000729,D00785,R005,Meeting,2024-04-26,60,Negative,Decision deferred
A000730,D00436,R002,Proposal Sent,2024-02-12,90,Neutral,Champion confirmed
A000731,D01135,R003,Call,2023-03-06,120,Positive,Stakeholder meeting set
A000732,D00153,R004,Meeting,2023-05-06,60,Neutral,
A000733,D00917,R001,Call,2023-10-28,45,Neutral,Stakeholder meeting set
A000734,D00869,R004,Proposal Sent,2023-12-25,60,Negative,Stakeholder meeting set
A000735,D01126,R005,Email,2024-09-14,45,Neutral,Awaiting legal review
A000736,D00753,R002,Demo,2023-05-11,45,Neutral,Sent pricing deck
A000737,D00563,R002,Meeting,2024-05-23,60,No Response,Stakeholder meeting set
A000738,D01105,R005,Call,2024-11-23,120,Neutral,Awaiting legal review
A000739,D00489,R005,Demo,2023-05-29,15,Positive,Stakeholder meeting set
A000740,D00895,R002,Call,2023-11-18,60,Negative,Stakeholder meeting set
A000741,D01112,R001,Demo,2023-05-09,60,Negative,Budget approved
A000742,D00104,R001,Meeting,2024-10-17,60,Negative,Champion confirmed
A000743,D01120,R001,Call,2024-11-22,90,Neutral,Awaiting legal review
A000744,D01025,R001,Follow-up,2023-02-17,90,Neutral,Stakeholder meeting set
A000745,D01007,R004,Call,2023-12-23,30,Positive,Awaiting legal review
A000746,D00407,R003,Proposal Sent,2024-08-05,30,Positive,Stakeholder meeting set
A000747,D00167,R002,Email,2024-06-28,30,Neutral,Awaiting legal review
A000748,D00509,R002,Follow-up,2023-08-31,120,Neutral,Champion confirmed
A000749,D00313,R002,Demo,2023-09-08,30,No Response,Budget approved
A000750,D00763,R005,Proposal Sent,2024-03-12,45,Neutral,Awaiting legal review
A000751,D00681,R005,Follow-up,2024-03-19,90,Positive,Sent pricing deck
A000752,D00477,R002,Follow-up,2024-05-22,90,Positive,
A000753,D00073,R002,Follow-up,2024-12-23,30,Neutral,Sent pricing deck
A000754,D01165,R004,Email,2024-06-01,45,No Response,Sent pricing deck
A000755,D00582,R003,Meeting,2023-11-18,90,Neutral,
A000756,D00262,R001,Email,2024-11-13,30,Positive,Champion confirmed
A000757,D00245,R005,Call,2024-05-04,60,Positive,Decision deferred
A000758,D00561,R001,Email,2024-10-25,45,Neutral,Awaiting legal review
A000759,D01100,R001,Proposal Sent,2024-11-30,120,Positive,Decision deferred
A000760,D00175,R005,Follow-up,2023-09-13,45,Neutral,Sent pricing deck
A000761,D00109,R005,Email,2023-05-24,45,Positive,Champion confirmed
A000762,D00183,R004,Demo,2023-11-16,60,Positive,Stakeholder meeting set
A000763,D00192,R001,Demo,2023-03-27,30,Negative,Decision deferred
A000764,D00065,R003,Follow-up,2024-06-08,45,Positive,Awaiting legal review
A000765,D00963,R003,Call,2024-07-03,90,Positive,Decision deferred
A000766,D01124,R005,Email,2024-11-27,30,Positive,Budget approved
A000767,D00864,R004,Follow-up,2024-07-20,15,No Response,Sent pricing deck
A000768,D01152,R004,Follow-up,2024-12-22,60,Negative,Awaiting legal review
A000769,D00369,R003,Demo,2023-04-28,90,Neutral,Awaiting legal review
A000770,D00851,R003,Follow-up,2023-07-29,15,Neutral,Champion confirmed
A000771,D00043,R002,Demo,2024-02-17,30,Neutral,Follow up scheduled
A000772,D00488,R001,Meeting,2024-04-29,15,Positive,Follow up scheduled
A000773,D00078,R003,Meeting,2023-05-22,120,Positive,Budget approved
A000774,D00826,R002,Proposal Sent,2023-08-04,15,Negative,Sent pricing deck
A000775,D00674,R002,Call,2023-02-16,30,Positive,Budget approved
A000776,D00701,R004,Meeting,2024-01-15,120,Neutral,
A000777,D00759,R002,Call,2024-09-24,120,Positive,Sent pricing deck
A000778,D00728,R001,Email,2023-03-27,90,Neutral,Budget approved
A000779,D00925,R001,Follow-up,2023-04-15,15,No Response,Awaiting legal review
A000780,D00902,R005,Proposal Sent,2024-11-18,30,Positive,Budget approved
A000781,D00889,R003,Proposal Sent,2024-06-19,15,Positive,Follow up scheduled
A000782,D00993,R001,Proposal Sent,2024-03-27,120,Negative,Sent pricing deck
A000783,D01192,R001,Email,2023-07-09,15,Negative,Decision deferred
A000784,D00339,R004,Email,2024-07-02,30,Neutral,Awaiting legal review
A000785,D00193,R004,Meeting,2024-03-30,15,Neutral,Follow up scheduled
A000786,D00283,R001,Email,2024-12-28,90,Neutral,Champion confirmed
A000787,D00390,R002,Call,2024-11-22,15,No Response,Champion confirmed
A000788,D01000,R005,Proposal Sent,2024-03-02,120,No Response,Budget approved
A000789,D00525,R001,Demo,2024-02-25,30,No Response,Champion confirmed
A000790,D00659,R005,Call,2023-12-30,15,Neutral,
A000791,D00716,R005,Follow-up,2023-06-26,15,Neutral,Sent pricing deck
A000792,D00891,R002,Proposal Sent,2024-10-07,60,Positive,Stakeholder meeting set
A000793,D01113,R001,Meeting,2023-11-04,15,No Response,Sent pricing deck
A000794,D01119,R002,Meeting,2024-04-03,15,Positive,Decision deferred
A000795,D00452,R001,Follow-up,2024-09-26,15,Neutral,Budget approved
A000796,D00428,R003,Email,2023-08-11,30,Positive,
A000797,D01175,R001,Email,2024-12-21,30,No Response,Sent pricing deck
A000798,D01046,R003,Email,2023-06-01,15,Positive,
A000799,D00883,R002,Follow-up,2024-06-28,45,Positive,
A000800,D00313,R002,Follow-up,2023-11-25,15,Negative,Champion confirmed
A000801,D00840,R002,Meeting,2024-12-30,90,Positive,Awaiting legal review
A000802,D00519,R002,Meeting,2023-10-22,30,Neutral,Champion confirmed
A000803,D00375,R002,Email,2024-04-27,15,No Response,
A000804,D00451,R001,Proposal Sent,2024-01-07,15,Neutral,Awaiting legal review
A000805,D01015,R001,Proposal Sent,2024-07-26,45,Positive,Decision deferred
A000806,D00595,R001,Demo,2024-01-10,45,No Response,Sent pricing deck
A000807,D00500,R002,Call,2024-07-10,15,No Response,Champion confirmed
A000808,D00464,R003,Email,2024-06-17,60,Neutral,Awaiting legal review
A000809,D01148,R004,Call,2024-05-17,60,Positive,Budget approved
A000810,D00113,R003,Demo,2024-07-31,45,Positive,Stakeholder meeting set
A000811,D01036,R002,Follow-up,2024-12-21,60,Negative,Sent pricing deck
A000812,D01150,R005,Call,2023-12-26,120,Positive,
A000813,D00331,R001,Follow-up,2024-12-15,60,Neutral,Budget approved
A000814,D00140,R004,Proposal Sent,2023-11-27,45,Neutral,Budget approved
A000815,D00902,R005,Proposal Sent,2024-11-19,90,Positive,Follow up scheduled
A000816,D01121,R003,Demo,2024-04-09,15,Neutral,Stakeholder meeting set
A000817,D00517,R004,Meeting,2024-03-08,45,No Response,Awaiting legal review
A000818,D00569,R001,Demo,2024-10-07,45,Negative,Budget approved
A000819,D00846,R003,Call,2024-06-11,30,Neutral,Sent pricing deck
A000820,D01093,R003,Call,2024-06-03,60,Neutral,Stakeholder meeting set
A000821,D00118,R005,Demo,2024-07-16,15,Positive,Follow up scheduled
A000822,D00888,R005,Email,2023-11-05,120,Positive,Budget approved
A000823,D01083,R001,Follow-up,2023-08-22,45,Positive,Champion confirmed
A000824,D01057,R002,Meeting,2023-10-27,90,Neutral,Awaiting legal review
A000825,D00050,R001,Call,2023-05-15,45,Positive,
A000826,D00019,R005,Email,2023-08-30,15,Positive,Awaiting legal review
A000827,D00726,R001,Proposal Sent,2024-05-20,90,Positive,Budget approved
A000828,D00197,R005,Email,2023-10-28,60,Positive,Decision deferred
A000829,D00559,R001,Meeting,2023-09-23,60,Positive,Sent pricing deck
A000830,D00452,R001,Demo,2024-07-03,120,Positive,Champion confirmed
A000831,D00289,R004,Proposal Sent,2023-03-01,30,Positive,Decision deferred
A000832,D01165,R004,Email,2024-05-15,90,Positive,Stakeholder meeting set
A000833,D01108,R005,Call,2024-01-30,90,Positive,Budget approved
A000834,D00391,R002,Email,2023-04-19,45,Positive,Budget approved
A000835,D00215,R004,Proposal Sent,2023-06-02,15,Positive,Sent pricing deck
A000836,D00215,R004,Email,2023-07-05,30,Positive,Follow up scheduled
A000837,D00128,R001,Demo,2023-07-28,30,Positive,
A000838,D00760,R003,Call,2024-12-01,30,Negative,Decision deferred
A000839,D00404,R002,Email,2024-07-12,60,Positive,Stakeholder meeting set
A000840,D01053,R001,Proposal Sent,2023-12-21,15,Neutral,
A000841,D00338,R001,Call,2024-05-22,15,Positive,Follow up scheduled
A000842,D00831,R005,Email,2024-04-13,15,No Response,Sent pricing deck
A000843,D00714,R001,Demo,2024-11-18,120,No Response,Champion confirmed
A000844,D00361,R003,Email,2023-05-14,90,Positive,Decision deferred
A000845,D00569,R001,Proposal Sent,2024-12-20,15,No Response,Budget approved
A000846,D00218,R002,Meeting,2023-04-30,90,Neutral,
A000847,D00202,R005,Follow-up,2024-02-04,120,Positive,Follow up scheduled
A000848,D00017,R005,Email,2024-12-08,120,Neutral,Champion confirmed
A000849,D00322,R004,Meeting,2023-04-27,30,Negative,
A000850,D00518,R005,Follow-up,2024-12-29,120,No Response,Champion confirmed
A000851,D00681,R005,Proposal Sent,2024-04-16,90,Negative,Decision deferred
A000852,D01106,R005,Call,2024-03-09,120,Neutral,
A000853,D00425,R001,Call,2024-12-09,120,Neutral,Follow up scheduled
A000854,D01019,R004,Demo,2023-10-10,90,Positive,Stakeholder meeting set
A000855,D00387,R001,Meeting,2024-07-12,45,Neutral,Budget approved
A000856,D00778,R005,Email,2023-06-30,90,Negative,Decision deferred
A000857,D00098,R005,Follow-up,2023-11-19,15,Negative,Awaiting legal review
A000858,D00208,R004,Follow-up,2023-05-29,15,Neutral,Stakeholder meeting set
A000859,D00586,R005,Proposal Sent,2024-10-26,90,Negative,Awaiting legal review
A000860,D00166,R001,Meeting,2024-10-22,15,Negative,Awaiting legal review
A000861,D00022,R004,Meeting,2023-06-11,60,Positive,
A000862,D00154,R002,Demo,2023-05-10,45,Neutral,Follow up scheduled
A000863,D00219,R001,Meeting,2024-10-17,45,Positive,Awaiting legal review
A000864,D00669,R004,Call,2023-06-24,60,Neutral,Sent pricing deck
A000865,D00230,R001,Proposal Sent,2024-02-20,90,Positive,Stakeholder meeting set
A000866,D00020,R001,Follow-up,2024-06-25,15,Neutral,Champion confirmed
A000867,D00553,R005,Follow-up,2024-07-31,60,Neutral,Decision deferred
A000868,D00950,R002,Proposal Sent,2024-05-02,60,Positive,Budget approved
A000869,D00148,R003,Meeting,2023-04-27,30,Positive,Follow up scheduled
A000870,D01132,R002,Demo,2023-05-06,120,Positive,Decision deferred
A000871,D00403,R004,Demo,2024-12-24,30,Positive,Follow up scheduled
A000872,D00596,R001,Email,2023-11-27,45,Positive,Decision deferred
A000873,D00367,R004,Email,2024-10-15,120,Positive,Champion confirmed
A000874,D00802,R002,Meeting,2024-07-21,90,Positive,Stakeholder meeting set
A000875,D00918,R003,Meeting,2024-04-03,45,Negative,Follow up scheduled
A000876,D01158,R005,Call,2023-09-13,60,Neutral,Awaiting legal review
A000877,D00073,R002,Call,2024-12-05,45,Positive,
A000878,D00481,R002,Call,2023-06-09,30,Positive,Decision deferred
A000879,D00560,R001,Demo,2023-09-21,120,Neutral,Stakeholder meeting set
A000880,D00745,R001,Call,2024-08-31,15,Positive,Decision deferred
A000881,D00100,R004,Meeting,2023-06-08,30,Positive,Follow up scheduled
A000882,D01083,R001,Call,2023-08-29,90,Neutral,Decision deferred
A000883,D00508,R004,Follow-up,2024-04-27,90,Neutral,
A000884,D00258,R005,Email,2024-09-08,60,Positive,Decision deferred
A000885,D00413,R005,Call,2023-05-22,30,Positive,Sent pricing deck
A000886,D01089,R005,Meeting,2024-07-14,90,No Response,Decision deferred
A000887,D00595,R001,Email,2024-04-19,45,Neutral,Decision deferred
A000888,D01178,R003,Meeting,2024-06-21,60,Neutral,
A000889,D00266,R002,Email,2024-06-18,60,Positive,Decision deferred
A000890,D00821,R003,Demo,2024-06-04,15,No Response,Sent pricing deck
A000891,D01103,R002,Call,2023-04-26,90,Positive,Follow up scheduled
A000892,D00662,R001,Proposal Sent,2024-12-15,45,Positive,Decision deferred
A000893,D00947,R005,Meeting,2024-08-22,15,Neutral,Follow up scheduled
A000894,D00560,R001,Proposal Sent,2023-07-17,30,Neutral,Champion confirmed
A000895,D00917,R001,Proposal Sent,2023-09-25,30,Neutral,
A000896,D00891,R002,Proposal Sent,2024-09-21,15,Positive,Follow up scheduled
A000897,D00868,R005,Follow-up,2024-12-21,90,Neutral,Awaiting legal review
A000898,D00610,R004,Meeting,2024-03-26,30,Positive,Stakeholder meeting set
A000899,D00414,R004,Follow-up,2024-08-25,120,Neutral,
A000900,D00025,R002,Proposal Sent,2023-01-09,120,Positive,Budget approved
A000901,D00284,R003,Follow-up,2023-02-28,60,Neutral,Decision deferred
A000902,D00881,R002,Email,2023-03-21,45,Negative,Stakeholder meeting set
A000903,D00301,R001,Call,2023-08-26,30,Negative,Sent pricing deck
A000904,D01092,R003,Follow-up,2024-08-29,120,Neutral,Sent pricing deck
A000905,D01031,R002,Demo,2023-06-13,60,Positive,Budget approved
A000906,D00817,R004,Call,2024-01-08,60,Positive,Sent pricing deck
A000907,D01161,R003,Demo,2023-12-25,45,Positive,Sent pricing deck
A000908,D01188,R004,Email,2023-07-08,120,Neutral,
A000909,D00083,R001,Meeting,2024-09-07,120,Neutral,Follow up scheduled
A000910,D01097,R002,Call,2024-05-26,120,Neutral,Awaiting legal review
A000911,D00046,R001,Call,2024-04-01,15,Negative,Decision deferred
A000912,D00618,R002,Email,2023-05-05,120,Neutral,
A000913,D00928,R001,Email,2024-07-11,60,Neutral,Follow up scheduled
A000914,D00262,R001,Call,2024-11-17,30,Positive,Sent pricing deck
A000915,D00176,R005,Meeting,2023-11-27,120,Neutral,
A000916,D01190,R004,Meeting,2024-09-11,120,Negative,Awaiting legal review
A000917,D00657,R001,Demo,2024-09-21,30,Positive,Champion confirmed
A000918,D00842,R004,Meeting,2023-10-20,15,Neutral,Decision deferred
A000919,D00370,R003,Call,2023-04-02,60,Negative,Budget approved
A000920,D00054,R001,Proposal Sent,2023-07-17,45,Neutral,
A000921,D00690,R001,Email,2023-04-12,45,Negative,Budget approved
A000922,D01151,R001,Email,2023-12-18,15,Positive,Champion confirmed
A000923,D00367,R004,Demo,2024-11-03,30,Neutral,Decision deferred
A000924,D00644,R004,Call,2023-08-07,120,Neutral,Champion confirmed
A000925,D00379,R002,Demo,2023-08-14,60,Positive,Awaiting legal review
A000926,D00073,R002,Proposal Sent,2024-12-17,30,Positive,
A000927,D00915,R003,Proposal Sent,2023-09-17,120,Positive,
A000928,D00860,R002,Proposal Sent,2024-12-25,30,Negative,
A000929,D00043,R002,Demo,2024-03-13,90,Positive,Stakeholder meeting set
A000930,D00377,R001,Call,2023-10-06,90,Positive,Sent pricing deck
A000931,D01065,R002,Demo,2024-11-09,120,No Response,Awaiting legal review
A000932,D00170,R003,Demo,2024-12-31,30,Negative,Awaiting legal review
A000933,D00212,R001,Call,2023-10-02,60,Neutral,Champion confirmed
A000934,D00039,R005,Demo,2024-05-23,15,Negative,
A000935,D00369,R003,Demo,2023-02-19,45,No Response,Champion confirmed
A000936,D00757,R003,Call,2024-10-02,60,No Response,Stakeholder meeting set
A000937,D00151,R002,Meeting,2024-12-12,45,No Response,Awaiting legal review
A000938,D01135,R003,Meeting,2023-04-19,60,Positive,
A000939,D01071,R001,Demo,2023-07-25,90,Neutral,Decision deferred
A000940,D01024,R005,Proposal Sent,2024-06-10,45,Negative,Sent pricing deck
A000941,D00737,R001,Demo,2024-12-13,60,Neutral,Stakeholder meeting set
A000942,D00069,R005,Meeting,2024-06-13,90,Positive,Awaiting legal review
A000943,D00299,R002,Meeting,2024-08-24,90,No Response,Sent pricing deck
A000944,D00944,R003,Follow-up,2024-12-06,15,No Response,Decision deferred
A000945,D00802,R002,Meeting,2024-06-27,60,Negative,Decision deferred
A000946,D00296,R001,Call,2024-12-16,120,Positive,Follow up scheduled
A000947,D00203,R001,Meeting,2024-02-05,90,Negative,Budget approved
A000948,D00061,R003,Demo,2024-05-02,30,Positive,Sent pricing deck
A000949,D00946,R003,Meeting,2024-05-06,120,Positive,Follow up scheduled
A000950,D00963,R003,Call,2024-06-30,30,Positive,
A000951,D01185,R003,Proposal Sent,2024-12-12,120,No Response,Follow up scheduled
A000952,D00331,R001,Demo,2024-12-22,60,Negative,
A000953,D00338,R001,Call,2024-07-03,45,Positive,Budget approved
A000954,D00639,R005,Follow-up,2023-07-18,15,Neutral,Champion confirmed
A000955,D00275,R002,Follow-up,2023-03-22,90,Neutral,Sent pricing deck
A000956,D01188,R004,Meeting,2023-04-19,90,Neutral,Decision deferred
A000957,D00319,R001,Call,2024-12-26,30,Neutral,Decision deferred
A000958,D00589,R004,Email,2024-12-30,90,Neutral,Budget approved
A000959,D00504,R002,Email,2023-02-27,120,No Response,
A000960,D00387,R001,Follow-up,2024-05-07,60,Positive,Champion confirmed
A000961,D00870,R005,Follow-up,2024-12-05,30,Neutral,Awaiting legal review
A000962,D00833,R005,Email,2024-10-04,15,Positive,Decision deferred
A000963,D01015,R001,Call,2024-11-01,15,Negative,Follow up scheduled
A000964,D00603,R001,Follow-up,2024-03-08,120,Neutral,Budget approved
A000965,D00691,R002,Meeting,2023-06-30,45,Negative,Champion confirmed
A000966,D00494,R002,Call,2023-07-07,60,Negative,Awaiting legal review
A000967,D00490,R005,Proposal Sent,2023-12-25,30,No Response,Awaiting legal review
A000968,D00721,R001,Follow-up,2024-12-14,120,Neutral,Champion confirmed
A000969,D01097,R002,Email,2024-05-30,45,Neutral,Budget approved
A000970,D00509,R002,Demo,2023-10-22,60,No Response,Decision deferred
A000971,D00390,R002,Proposal Sent,2024-10-19,45,No Response,Budget approved
A000972,D00295,R004,Follow-up,2024-11-19,15,Positive,Champion confirmed
A000973,D00796,R003,Demo,2024-05-04,90,Positive,Sent pricing deck
A000974,D00865,R002,Proposal Sent,2023-09-09,30,Positive,Follow up scheduled
A000975,D00549,R002,Email,2023-02-05,45,Positive,Sent pricing deck
A000976,D00649,R004,Demo,2023-04-01,90,Negative,Follow up scheduled
A000977,D00568,R004,Email,2024-10-25,30,No Response,Follow up scheduled
A000978,D00853,R002,Demo,2024-09-12,120,Positive,Budget approved
A000979,D00770,R001,Demo,2024-11-23,30,Positive,Awaiting legal review
A000980,D00445,R002,Proposal Sent,2024-07-07,45,Positive,Champion confirmed
A000981,D00363,R002,Demo,2023-10-28,30,Neutral,Sent pricing deck
A000982,D00123,R004,Proposal Sent,2024-05-27,120,Positive,Budget approved
A000983,D00742,R004,Demo,2023-09-04,45,Neutral,Champion confirmed
A000984,D00680,R005,Proposal Sent,2024-11-22,120,Positive,Awaiting legal review
A000985,D00420,R005,Demo,2023-09-04,60,Positive,Sent pricing deck
A000986,D00092,R001,Meeting,2024-04-25,90,Positive,Sent pricing deck
A000987,D00063,R003,Proposal Sent,2024-09-19,15,Positive,
A000988,D00512,R005,Follow-up,2023-06-13,15,Neutral,Champion confirmed
A000989,D01163,R002,Follow-up,2023-03-17,15,Neutral,Sent pricing deck
A000990,D00772,R002,Proposal Sent,2023-06-29,60,Neutral,Awaiting legal review
A000991,D00256,R001,Email,2024-05-16,90,Neutral,Awaiting legal review
A000992,D00135,R004,Demo,2023-10-09,90,Negative,Champion confirmed
A000993,D00875,R003,Call,2024-11-01,30,Neutral,
A000994,D00822,R001,Follow-up,2024-10-28,45,No Response,Stakeholder meeting set
A000995,D00088,R002,Call,2023-06-11,45,Positive,Stakeholder meeting set
A000996,D00988,R004,Proposal Sent,2023-09-21,15,Neutral,Awaiting legal review
A000997,D01153,R003,Meeting,2024-06-15,120,Positive,Stakeholder meeting set
A000998,D00823,R004,Demo,2024-08-03,30,No Response,Decision deferred
A000999,D01027,R002,Call,2024-10-13,60,Neutral,Decision deferred
A001000,D00974,R005,Meeting,2024-08-16,120,Neutral,Follow up scheduled
A001001,D00934,R002,Follow-up,2023-09-19,45,Neutral,Budget approved
A001002,D00121,R002,Meeting,2024-08-01,60,Neutral,Champion confirmed
A001003,D01062,R001,Call,2023-02-19,15,Positive,Stakeholder meeting set
A001004,D01008,R004,Call,2023-11-05,60,Positive,Awaiting legal review
A001005,D00925,R001,Proposal Sent,2023-05-29,90,Negative,Champion confirmed
A001006,D00645,R002,Demo,2023-03-11,15,Neutral,Follow up scheduled
A001007,D00714,R001,Demo,2024-09-21,30,No Response,Stakeholder meeting set
A001008,D00860,R002,Meeting,2024-12-02,15,No Response,Follow up scheduled
A001009,D00021,R005,Meeting,2024-12-15,30,No Response,Follow up scheduled
A001010,D00242,R002,Proposal Sent,2023-12-24,60,Positive,Follow up scheduled
A001011,D00455,R002,Meeting,2024-05-29,30,Neutral,Decision deferred
A001012,D00963,R003,Meeting,2024-08-07,60,Neutral,Sent pricing deck
A001013,D00621,R003,Proposal Sent,2023-10-14,45,Positive,Decision deferred
A001014,D00303,R002,Follow-up,2023-04-20,60,Neutral,Awaiting legal review
A001015,D00803,R004,Email,2024-09-25,90,Positive,
A001016,D00964,R004,Email,2024-11-03,30,Positive,Decision deferred
A001017,D00069,R005,Demo,2024-09-12,30,Positive,Budget approved
A001018,D01153,R003,Call,2024-07-06,120,No Response,Stakeholder meeting set
A001019,D00196,R001,Follow-up,2023-06-08,60,Negative,
A001020,D00140,R004,Email,2023-11-21,90,Negative,Awaiting legal review
A001021,D00283,R001,Follow-up,2024-12-08,90,Neutral,
A001022,D00312,R003,Meeting,2023-02-21,45,Negative,Awaiting legal review
A001023,D00746,R002,Meeting,2023-02-19,60,Negative,Awaiting legal review
A001024,D00277,R003,Email,2024-08-22,90,Neutral,Awaiting legal review
A001025,D00061,R003,Call,2024-04-12,30,Positive,Budget approved
A001026,D00052,R002,Email,2024-08-21,90,Negative,Decision deferred
A001027,D00153,R004,Demo,2023-04-25,30,No Response,Awaiting legal review
A001028,D00544,R003,Follow-up,2023-07-11,45,Positive,
A001029,D00567,R005,Call,2024-10-12,120,Positive,Sent pricing deck
A001030,D00622,R002,Email,2024-08-12,45,Positive,Follow up scheduled
A001031,D00314,R002,Email,2024-08-19,45,Neutral,
A001032,D00807,R003,Call,2024-11-05,60,Positive,Sent pricing deck
A001033,D00848,R004,Meeting,2023-10-20,120,Neutral,Sent pricing deck
A001034,D00097,R002,Demo,2024-02-18,15,Negative,Sent pricing deck
A001035,D00881,R002,Email,2023-02-25,60,Negative,Decision deferred
A001036,D00829,R002,Email,2024-08-06,15,Neutral,Decision deferred
A001037,D00137,R002,Demo,2023-02-21,90,Neutral,Champion confirmed
A001038,D01030,R004,Demo,2024-07-28,60,No Response,
A001039,D01011,R005,Proposal Sent,2023-08-08,30,Positive,Budget approved
A001040,D00109,R005,Proposal Sent,2023-07-11,120,Positive,
A001041,D00547,R005,Email,2024-12-24,90,Positive,Budget approved
A001042,D01063,R001,Meeting,2024-09-09,60,Neutral,Budget approved
A001043,D00662,R001,Call,2024-12-18,120,Neutral,Awaiting legal review
A001044,D00425,R001,Meeting,2024-12-21,45,Neutral,Champion confirmed
A001045,D00630,R004,Call,2024-04-10,15,No Response,Sent pricing deck
A001046,D00261,R001,Meeting,2023-10-31,120,Positive,Awaiting legal review
A001047,D00087,R003,Demo,2023-10-07,30,Negative,Decision deferred
A001048,D00465,R003,Meeting,2024-06-18,90,Positive,Decision deferred
A001049,D00076,R002,Follow-up,2024-12-27,30,Positive,Follow up scheduled
A001050,D00471,R002,Email,2024-06-08,120,No Response,Decision deferred
A001051,D00414,R004,Proposal Sent,2024-07-10,60,Neutral,Sent pricing deck
A001052,D00825,R002,Follow-up,2023-04-16,120,Positive,Follow up scheduled
A001053,D00895,R002,Email,2023-11-30,90,Positive,Stakeholder meeting set
A001054,D00726,R001,Call,2024-05-03,30,Neutral,Sent pricing deck
A001055,D00457,R005,Follow-up,2024-12-27,30,Negative,Champion confirmed
A001056,D00653,R004,Demo,2024-02-23,60,Negative,Champion confirmed
A001057,D00672,R003,Proposal Sent,2023-03-21,120,Negative,Champion confirmed
A001058,D00495,R004,Email,2024-08-03,15,No Response,Follow up scheduled
A001059,D01069,R005,Email,2023-07-25,90,Positive,Champion confirmed
A001060,D00597,R003,Proposal Sent,2023-09-20,60,Neutral,Follow up scheduled
A001061,D00450,R002,Demo,2024-12-04,90,No Response,Decision deferred
A001062,D00485,R003,Follow-up,2024-12-17,30,Positive,Budget approved
A001063,D00646,R004,Demo,2024-12-28,90,No Response,Decision deferred
A001064,D00620,R005,Follow-up,2023-05-09,15,Neutral,Champion confirmed
A001065,D01042,R004,Demo,2024-01-19,120,Positive,
A001066,D00662,R001,Meeting,2024-12-19,15,Positive,Awaiting legal review
A001067,D00758,R003,Call,2024-09-21,90,No Response,Follow up scheduled
A001068,D00289,R004,Email,2023-04-17,30,No Response,Awaiting legal review
A001069,D00721,R001,Email,2024-12-16,45,No Response,Budget approved
A001070,D00638,R005,Meeting,2024-04-14,120,No Response,
A001071,D00235,R002,Email,2024-02-03,45,No Response,Champion confirmed
A001072,D00416,R001,Email,2024-10-29,15,No Response,Champion confirmed
A001073,D00938,R001,Follow-up,2024-07-05,30,Positive,Awaiting legal review
A001074,D00499,R003,Call,2024-10-10,90,Neutral,Budget approved
A001075,D00974,R005,Email,2024-08-21,90,Neutral,Sent pricing deck
A001076,D00634,R003,Demo,2023-04-18,30,Neutral,Champion confirmed
A001077,D01020,R001,Meeting,2023-03-02,120,No Response,Follow up scheduled
A001078,D00115,R001,Follow-up,2024-01-26,15,Neutral,
A001079,D00932,R001,Meeting,2023-08-27,120,No Response,
A001080,D00674,R002,Meeting,2023-03-25,30,Neutral,Champion confirmed
A001081,D01035,R004,Call,2023-05-16,60,Neutral,Stakeholder meeting set
A001082,D00206,R004,Email,2023-10-31,120,Neutral,Decision deferred
A001083,D00247,R005,Meeting,2024-09-28,30,Neutral,Decision deferred
A001084,D00758,R003,Meeting,2024-09-25,60,Neutral,Follow up scheduled
A001085,D01151,R001,Follow-up,2024-02-04,120,Positive,Awaiting legal review
A001086,D00147,R001,Meeting,2023-09-16,45,Positive,Follow up scheduled
A001087,D00118,R005,Demo,2024-07-24,90,Neutral,Stakeholder meeting set
A001088,D00412,R002,Proposal Sent,2023-04-09,15,Positive,Stakeholder meeting set
A001089,D00363,R002,Meeting,2023-10-01,60,Neutral,Awaiting legal review
A001090,D00137,R002,Proposal Sent,2023-02-11,60,Positive,Follow up scheduled
A001091,D01199,R004,Call,2023-06-05,90,Positive,Follow up scheduled
A001092,D00958,R003,Email,2024-12-01,15,No Response,Budget approved
A001093,D00019,R005,Meeting,2023-06-07,15,No Response,Awaiting legal review
A001094,D00195,R002,Meeting,2024-08-23,90,Neutral,Sent pricing deck
A001095,D00330,R004,Call,2024-01-22,90,No Response,Stakeholder meeting set
A001096,D00175,R005,Meeting,2023-11-14,45,Negative,
A001097,D01002,R005,Follow-up,2023-06-26,15,Negative,Budget approved
A001098,D00449,R002,Meeting,2023-03-15,15,Positive,Stakeholder meeting set
A001099,D00946,R003,Email,2024-07-06,15,Negative,Decision deferred
A001100,D00141,R005,Demo,2023-07-12,90,Negative,Decision deferred
A001101,D00758,R003,Meeting,2024-10-07,90,Negative,
A001102,D00930,R003,Follow-up,2023-04-06,60,No Response,Champion confirmed
A001103,D00093,R005,Email,2024-04-16,30,Neutral,Follow up scheduled
A001104,D00239,R004,Email,2024-02-13,120,No Response,Stakeholder meeting set
A001105,D00205,R003,Email,2023-07-23,15,Neutral,Awaiting legal review
A001106,D00560,R001,Follow-up,2023-10-18,15,Neutral,Decision deferred
A001107,D00245,R005,Email,2024-05-17,60,Neutral,Stakeholder meeting set
A001108,D00832,R002,Call,2024-11-05,30,Positive,Champion confirmed
A001109,D00925,R001,Proposal Sent,2023-05-26,30,Negative,Follow up scheduled
A001110,D00295,R004,Call,2024-10-27,15,Positive,
A001111,D00640,R003,Call,2023-11-24,15,No Response,Budget approved
A001112,D00856,R003,Call,2023-06-23,60,Neutral,Awaiting legal review
A001113,D00017,R005,Demo,2024-12-05,120,Negative,
A001114,D00071,R003,Call,2023-12-26,60,No Response,Budget approved
A001115,D00305,R004,Follow-up,2023-02-14,45,Neutral,Sent pricing deck
A001116,D01031,R002,Follow-up,2023-08-19,45,Positive,Stakeholder meeting set
A001117,D00817,R004,Meeting,2024-01-16,120,Negative,
A001118,D01127,R005,Email,2024-03-24,120,Positive,
A001119,D00821,R003,Call,2024-05-31,45,Neutral,Budget approved
A001120,D00193,R004,Demo,2024-04-10,30,Positive,Sent pricing deck
A001121,D00529,R004,Meeting,2023-08-10,120,Neutral,Awaiting legal review
A001122,D00171,R002,Proposal Sent,2023-02-22,30,Neutral,Budget approved
A001123,D00251,R002,Call,2024-06-26,45,Neutral,Champion confirmed
A001124,D00541,R005,Demo,2024-01-24,120,Neutral,Awaiting legal review
A001125,D00416,R001,Meeting,2024-11-09,60,Positive,Awaiting legal review
A001126,D00794,R002,Demo,2024-02-29,90,Positive,Decision deferred
A001127,D01168,R002,Follow-up,2023-09-01,60,Neutral,
A001128,D00025,R002,Proposal Sent,2023-01-01,90,Positive,Decision deferred
A001129,D00668,R003,Follow-up,2024-10-27,60,Negative,Champion confirmed
A001130,D01097,R002,Follow-up,2024-07-05,45,Positive,Awaiting legal review
A001131,D00632,R002,Follow-up,2023-04-20,45,No Response,Follow up scheduled
A001132,D01117,R005,Email,2023-02-27,120,Negative,Stakeholder meeting set
A001133,D00505,R003,Email,2024-05-06,45,No Response,Follow up scheduled
A001134,D00336,R001,Call,2023-04-14,90,Positive,
A001135,D00425,R001,Follow-up,2024-12-06,15,Positive,Champion confirmed
A001136,D00499,R003,Call,2024-09-12,90,Negative,Follow up scheduled
A001137,D00947,R005,Meeting,2024-11-14,60,Positive,
A001138,D00630,R004,Call,2024-04-23,90,Positive,Stakeholder meeting set
A001139,D00718,R003,Call,2024-12-22,90,No Response,Sent pricing deck
A001140,D00339,R004,Call,2024-05-02,45,Neutral,Stakeholder meeting set
A001141,D00659,R005,Demo,2023-12-04,15,Neutral,Follow up scheduled
A001142,D00962,R001,Demo,2023-08-08,15,Neutral,Sent pricing deck
A001143,D00429,R003,Call,2024-02-18,45,Positive,Sent pricing deck
A001144,D00899,R001,Meeting,2023-08-14,90,Positive,Champion confirmed
A001145,D00139,R001,Meeting,2024-11-30,90,No Response,Stakeholder meeting set
A001146,D00942,R004,Email,2023-10-12,120,Negative,Sent pricing deck
A001147,D00542,R004,Call,2024-09-26,30,Neutral,Follow up scheduled
A001148,D00057,R005,Call,2023-04-18,60,Positive,
A001149,D00658,R005,Call,2024-11-20,90,Neutral,Awaiting legal review
A001150,D00435,R004,Call,2023-08-14,120,Positive,Follow up scheduled
A001151,D00384,R003,Demo,2024-03-28,60,Positive,Champion confirmed
A001152,D00560,R001,Follow-up,2023-09-12,120,Positive,Budget approved
A001153,D00194,R005,Email,2023-11-24,45,Neutral,Awaiting legal review
A001154,D00534,R004,Proposal Sent,2023-01-25,120,Positive,Champion confirmed
A001155,D00518,R005,Email,2024-12-14,15,Neutral,Budget approved
A001156,D00716,R005,Demo,2023-05-29,45,Negative,Champion confirmed
A001157,D00751,R002,Meeting,2024-05-07,120,Positive,Awaiting legal review
A001158,D00185,R003,Meeting,2024-09-23,30,Neutral,Sent pricing deck
A001159,D00292,R001,Meeting,2023-10-22,30,Positive,Budget approved
A001160,D00732,R002,Email,2024-11-24,30,Negative,Stakeholder meeting set
A001161,D00116,R005,Meeting,2024-06-03,45,No Response,Decision deferred
A001162,D00825,R002,Meeting,2023-06-14,45,No Response,Decision deferred
A001163,D01073,R003,Meeting,2024-03-08,15,Neutral,Sent pricing deck
A001164,D00685,R002,Follow-up,2023-03-09,60,Positive,Follow up scheduled
A001165,D00082,R002,Proposal Sent,2023-07-20,15,Neutral,Champion confirmed
A001166,D00834,R002,Proposal Sent,2024-01-08,60,Positive,Champion confirmed
A001167,D00333,R004,Proposal Sent,2024-07-17,90,Positive,Sent pricing deck
A001168,D00557,R003,Follow-up,2024-08-12,60,No Response,Budget approved
A001169,D00335,R001,Email,2024-07-28,120,Positive,Decision deferred
A001170,D00532,R004,Call,2024-01-13,120,Negative,Awaiting legal review
A001171,D00221,R002,Call,2024-07-14,120,Negative,Decision deferred
A001172,D00635,R005,Call,2023-06-17,45,Negative,Follow up scheduled
A001173,D00323,R004,Proposal Sent,2024-01-16,45,No Response,Sent pricing deck
A001174,D00003,R002,Demo,2023-07-27,120,Positive,Decision deferred
A001175,D00206,R004,Proposal Sent,2023-12-14,30,Neutral,Stakeholder meeting set
A001176,D00040,R005,Follow-up,2024-05-22,30,Neutral,Champion confirmed
A001177,D00059,R004,Call,2024-10-15,45,Positive,Stakeholder meeting set
A001178,D00951,R005,Demo,2024-02-27,60,Positive,Decision deferred
A001179,D00574,R005,Proposal Sent,2024-10-26,15,Positive,Stakeholder meeting set
A001180,D00644,R004,Proposal Sent,2023-05-25,15,Negative,Budget approved
A001181,D00843,R002,Email,2024-12-14,90,No Response,Champion confirmed
A001182,D01146,R004,Demo,2024-07-21,30,Neutral,Stakeholder meeting set
A001183,D00619,R004,Email,2024-01-14,15,Neutral,Decision deferred
A001184,D00096,R004,Proposal Sent,2023-09-15,60,Neutral,Sent pricing deck
A001185,D00898,R005,Email,2023-04-07,60,Positive,Sent pricing deck
A001186,D01086,R005,Meeting,2024-02-26,90,Positive,Stakeholder meeting set
A001187,D00561,R001,Meeting,2024-11-02,30,No Response,Sent pricing deck
A001188,D00905,R002,Meeting,2023-10-30,30,Neutral,Sent pricing deck
A001189,D00348,R003,Email,2024-10-22,120,Neutral,Champion confirmed
A001190,D00671,R004,Proposal Sent,2024-10-07,30,Positive,Champion confirmed
A001191,D01148,R004,Proposal Sent,2024-04-13,15,Negative,
A001192,D00317,R001,Follow-up,2024-11-04,60,Neutral,
A001193,D00719,R002,Email,2024-10-25,45,Positive,
A001194,D01072,R004,Email,2023-05-26,60,Neutral,Stakeholder meeting set
A001195,D01160,R001,Proposal Sent,2024-09-16,120,Neutral,Sent pricing deck
A001196,D00250,R001,Call,2023-06-02,15,Positive,Stakeholder meeting set
A001197,D00314,R002,Email,2024-06-28,30,Positive,Awaiting legal review
A001198,D00807,R003,Proposal Sent,2024-11-15,30,Neutral,Follow up scheduled
A001199,D00485,R003,Follow-up,2024-11-27,45,Neutral,Follow up scheduled
A001200,D00044,R005,Proposal Sent,2024-06-10,45,Neutral,
A001201,D00571,R003,Meeting,2024-07-14,15,Positive,Follow up scheduled
A001202,D00583,R003,Email,2024-11-30,90,Negative,Champion confirmed
A001203,D01116,R004,Meeting,2024-05-09,120,Neutral,Stakeholder meeting set
A001204,D00895,R002,Follow-up,2023-11-28,15,Neutral,Decision deferred
A001205,D00220,R005,Meeting,2023-10-02,90,Neutral,Follow up scheduled
A001206,D00925,R001,Call,2023-04-13,90,Neutral,
A001207,D00401,R004,Email,2023-05-10,15,No Response,Stakeholder meeting set
A001208,D00727,R003,Call,2024-12-26,30,Positive,Follow up scheduled
A001209,D00991,R002,Proposal Sent,2024-01-05,45,Positive,Follow up scheduled
A001210,D00899,R001,Call,2023-08-09,90,Neutral,Decision deferred
A001211,D00858,R002,Call,2024-10-13,30,Positive,Champion confirmed
A001212,D00804,R002,Follow-up,2023-06-17,15,No Response,Awaiting legal review
A001213,D00490,R005,Email,2024-02-27,120,Negative,Awaiting legal review
A001214,D00938,R001,Meeting,2024-05-08,15,Positive,Sent pricing deck
A001215,D00844,R001,Follow-up,2024-12-06,60,No Response,Awaiting legal review
A001216,D00267,R005,Meeting,2024-12-31,120,Neutral,Budget approved
A001217,D00054,R001,Meeting,2023-07-17,60,Neutral,Follow up scheduled
A001218,D00528,R002,Email,2024-02-20,45,Positive,Budget approved
A001219,D00616,R003,Follow-up,2024-06-27,15,Negative,
A001220,D01083,R001,Email,2023-08-29,60,Positive,Champion confirmed
A001221,D01064,R001,Proposal Sent,2024-08-10,45,No Response,Follow up scheduled
A001222,D00955,R003,Follow-up,2023-08-09,120,Neutral,Stakeholder meeting set
A001223,D00386,R005,Call,2023-12-10,30,Neutral,Stakeholder meeting set
A001224,D00734,R003,Email,2023-06-10,90,Negative,Budget approved
A001225,D00716,R005,Follow-up,2023-07-26,45,Positive,Stakeholder meeting set
A001226,D00650,R002,Proposal Sent,2024-08-05,60,Positive,Awaiting legal review
A001227,D00300,R002,Demo,2024-08-08,60,Negative,Decision deferred
A001228,D00395,R003,Meeting,2023-10-20,60,Positive,
A001229,D00593,R001,Follow-up,2023-06-20,120,Negative,Awaiting legal review
A001230,D00514,R001,Call,2024-03-22,60,Positive,Stakeholder meeting set
A001231,D00396,R005,Email,2024-08-31,30,Negative,Awaiting legal review
A001232,D00371,R001,Meeting,2024-08-05,90,Positive,Follow up scheduled
A001233,D00858,R002,Demo,2024-10-14,60,Positive,Sent pricing deck
A001234,D00791,R003,Proposal Sent,2024-11-13,90,Neutral,Budget approved
A001235,D00658,R005,Call,2024-10-23,120,Positive,Budget approved
A001236,D00736,R005,Meeting,2023-05-26,15,Positive,Awaiting legal review
A001237,D00384,R003,Meeting,2024-05-13,30,Neutral,Champion confirmed
A001238,D00062,R005,Call,2024-09-06,15,Positive,Sent pricing deck
A001239,D00505,R003,Meeting,2024-02-03,60,Negative,Budget approved
A001240,D00239,R004,Follow-up,2024-02-20,120,Positive,Decision deferred
A001241,D00195,R002,Proposal Sent,2024-08-18,30,Positive,Awaiting legal review
A001242,D00678,R005,Follow-up,2024-01-25,60,Positive,Awaiting legal review
A001243,D00061,R003,Meeting,2024-03-09,15,Negative,Awaiting legal review
A001244,D01153,R003,Meeting,2024-06-14,90,No Response,Awaiting legal review
A001245,D00990,R002,Proposal Sent,2023-11-03,60,No Response,Champion confirmed
A001246,D00685,R002,Proposal Sent,2023-02-20,90,Negative,Champion confirmed
A001247,D00156,R001,Email,2023-02-09,45,Neutral,
A001248,D00923,R001,Proposal Sent,2023-11-05,120,Positive,Champion confirmed
A001249,D00868,R005,Demo,2024-12-18,90,No Response,Decision deferred
A001250,D00903,R003,Follow-up,2023-10-20,90,Positive,Decision deferred
A001251,D00999,R002,Email,2024-12-26,60,Positive,Champion confirmed
A001252,D00975,R004,Email,2023-07-12,15,No Response,Follow up scheduled
A001253,D00388,R003,Follow-up,2023-06-02,120,Positive,Sent pricing deck
A001254,D00887,R003,Proposal Sent,2024-09-28,60,Positive,Decision deferred
A001255,D00838,R004,Meeting,2023-06-12,15,Neutral,Follow up scheduled
A001256,D00340,R003,Proposal Sent,2023-11-05,15,Neutral,Awaiting legal review
A001257,D00204,R005,Email,2023-07-22,60,Positive,
A001258,D00161,R004,Proposal Sent,2024-06-14,120,Negative,Budget approved
A001259,D00392,R002,Proposal Sent,2024-11-23,60,No Response,
A001260,D00769,R001,Proposal Sent,2023-05-27,15,Positive,Decision deferred
A001261,D00575,R002,Meeting,2024-10-03,15,Positive,Awaiting legal review
A001262,D00534,R004,Demo,2023-05-01,60,Positive,Sent pricing deck
A001263,D01094,R004,Proposal Sent,2023-11-12,90,Neutral,Follow up scheduled
A001264,D00893,R001,Email,2024-10-01,60,Positive,Stakeholder meeting set
A001265,D00405,R001,Call,2023-08-03,15,No Response,Champion confirmed
A001266,D00608,R003,Email,2024-12-25,30,Neutral,Stakeholder meeting set
A001267,D00828,R002,Demo,2023-05-22,60,Negative,Awaiting legal review
A001268,D01144,R004,Meeting,2023-01-29,90,Positive,Awaiting legal review
A001269,D00690,R001,Meeting,2023-04-29,90,Neutral,Sent pricing deck
A001270,D00902,R005,Call,2024-11-28,90,No Response,Follow up scheduled
A001271,D00056,R004,Proposal Sent,2024-06-23,30,Neutral,Sent pricing deck
A001272,D00366,R002,Call,2024-08-09,120,Negative,
A001273,D00455,R002,Meeting,2024-03-18,60,Positive,Decision deferred
A001274,D00104,R001,Meeting,2024-07-05,30,Negative,Champion confirmed
A001275,D00077,R003,Email,2024-09-26,30,Positive,Stakeholder meeting set
A001276,D00230,R001,Proposal Sent,2024-02-16,15,Negative,Follow up scheduled
A001277,D00331,R001,Follow-up,2024-12-22,90,Negative,Champion confirmed
A001278,D00893,R001,Follow-up,2024-10-06,30,Neutral,Budget approved
A001279,D00688,R002,Proposal Sent,2023-07-06,45,Neutral,Stakeholder meeting set
A001280,D00027,R001,Meeting,2023-10-11,30,Neutral,Sent pricing deck
A001281,D00299,R002,Meeting,2024-08-02,45,No Response,Champion confirmed
A001282,D00957,R004,Follow-up,2024-12-23,30,Positive,Stakeholder meeting set
A001283,D00799,R004,Demo,2023-05-08,15,Neutral,Budget approved
A001284,D01115,R003,Proposal Sent,2024-06-16,120,Negative,Stakeholder meeting set
A001285,D00480,R003,Email,2023-08-01,120,Negative,Budget approved
A001286,D00573,R005,Meeting,2023-12-21,60,No Response,Sent pricing deck
A001287,D00458,R001,Follow-up,2024-10-04,30,Negative,Awaiting legal review
A001288,D00365,R005,Email,2024-02-26,15,Neutral,Awaiting legal review
A001289,D00859,R001,Proposal Sent,2024-06-01,90,Positive,Budget approved
A001290,D00351,R001,Call,2024-06-08,120,Negative,Budget approved
A001291,D00253,R001,Call,2023-10-30,15,Positive,Champion confirmed
A001292,D00781,R003,Email,2023-06-17,90,Positive,
A001293,D00803,R004,Meeting,2024-11-15,90,Neutral,Stakeholder meeting set
A001294,D01012,R003,Proposal Sent,2023-04-20,15,Neutral,Awaiting legal review
A001295,D00459,R002,Follow-up,2023-10-11,45,Positive,
A001296,D00917,R001,Follow-up,2023-08-26,45,No Response,Follow up scheduled
A001297,D00499,R003,Follow-up,2024-10-18,90,Neutral,Decision deferred
A001298,D00950,R002,Email,2024-05-10,60,Neutral,Champion confirmed
A001299,D00508,R004,Follow-up,2024-02-14,15,Neutral,Sent pricing deck
A001300,D00501,R001,Call,2023-06-11,30,No Response,
A001301,D00803,R004,Meeting,2024-09-24,60,Positive,Decision deferred
A001302,D00598,R005,Meeting,2023-10-09,120,Positive,Budget approved
A001303,D00166,R001,Follow-up,2024-10-22,30,Positive,Decision deferred
A001304,D00462,R005,Call,2024-07-10,120,No Response,Budget approved
A001305,D00920,R004,Follow-up,2024-09-28,90,Neutral,Champion confirmed
A001306,D00114,R002,Meeting,2024-10-24,120,No Response,Decision deferred
A001307,D00992,R001,Call,2024-09-26,60,Positive,Follow up scheduled
A001308,D00207,R002,Proposal Sent,2024-12-16,15,Neutral,Budget approved
A001309,D00515,R001,Demo,2023-09-22,30,Positive,Budget approved
A001310,D00709,R002,Follow-up,2023-10-04,120,Positive,Budget approved
A001311,D01149,R001,Demo,2024-12-09,15,Neutral,Budget approved
A001312,D00138,R001,Meeting,2023-10-08,45,Negative,Sent pricing deck
A001313,D00339,R004,Follow-up,2024-03-25,120,Neutral,Sent pricing deck
A001314,D00537,R001,Meeting,2023-03-05,45,Positive,Budget approved
A001315,D00068,R005,Demo,2023-06-03,60,Positive,Sent pricing deck
A001316,D00383,R005,Meeting,2024-11-28,15,Positive,Decision deferred
A001317,D00019,R005,Demo,2023-06-30,15,Neutral,Follow up scheduled
A001318,D00683,R003,Call,2024-03-16,60,No Response,Sent pricing deck
A001319,D00074,R005,Follow-up,2023-11-28,30,Positive,Stakeholder meeting set
A001320,D00573,R005,Demo,2023-11-23,30,Negative,Decision deferred
A001321,D00939,R002,Follow-up,2024-09-08,30,Positive,Awaiting legal review
A001322,D01072,R004,Meeting,2023-06-24,60,Neutral,Awaiting legal review
A001323,D00211,R003,Call,2024-02-22,30,Neutral,Champion confirmed
A001324,D00855,R002,Proposal Sent,2024-11-01,60,Positive,Budget approved
A001325,D00651,R002,Email,2023-07-02,120,Negative,Champion confirmed
A001326,D00994,R003,Follow-up,2024-11-03,15,Negative,Champion confirmed
A001327,D00695,R001,Demo,2024-12-23,30,Positive,Decision deferred
A001328,D00540,R003,Email,2023-08-02,60,Neutral,Decision deferred
A001329,D00901,R004,Follow-up,2023-03-09,30,Positive,Champion confirmed
A001330,D00780,R002,Demo,2023-05-28,120,Neutral,Champion confirmed
A001331,D01137,R002,Demo,2023-03-07,30,Neutral,Sent pricing deck
A001332,D00170,R003,Proposal Sent,2024-12-30,60,Neutral,Budget approved
A001333,D01038,R002,Proposal Sent,2024-10-14,60,Negative,Stakeholder meeting set
A001334,D00288,R002,Demo,2023-10-10,30,Positive,Decision deferred
A001335,D00189,R003,Proposal Sent,2023-08-11,30,Neutral,Stakeholder meeting set
A001336,D00914,R005,Meeting,2024-09-18,45,Positive,Follow up scheduled
A001337,D01179,R005,Demo,2024-11-15,30,No Response,Stakeholder meeting set
A001338,D00694,R001,Demo,2023-06-20,60,Negative,Follow up scheduled
A001339,D00888,R005,Proposal Sent,2023-10-07,60,Negative,Awaiting legal review
A001340,D00471,R002,Demo,2024-04-02,30,Positive,Sent pricing deck
A001341,D01099,R004,Meeting,2024-01-04,60,Positive,Budget approved
A001342,D00277,R003,Email,2024-09-12,90,Neutral,Follow up scheduled
A001343,D00940,R003,Proposal Sent,2024-12-13,90,Positive,Decision deferred
A001344,D00571,R003,Proposal Sent,2024-06-17,60,Positive,Budget approved
A001345,D00857,R001,Follow-up,2024-09-11,120,Neutral,Awaiting legal review
A001346,D01001,R001,Meeting,2023-08-15,90,No Response,Awaiting legal review
A001347,D00458,R001,Proposal Sent,2024-08-18,90,Neutral,Budget approved
A001348,D00918,R003,Email,2024-04-21,60,Negative,
A001349,D00833,R005,Follow-up,2024-12-07,15,No Response,Awaiting legal review
A001350,D01088,R002,Email,2024-04-29,15,Negative,
A001351,D00839,R005,Email,2023-12-10,15,Positive,Champion confirmed
A001352,D00193,R004,Proposal Sent,2024-03-23,45,Negative,
A001353,D00616,R003,Demo,2024-04-12,60,Neutral,Stakeholder meeting set
A001354,D00406,R005,Meeting,2024-12-22,120,Positive,Stakeholder meeting set
A001355,D00943,R003,Proposal Sent,2023-11-02,120,Neutral,Follow up scheduled
A001356,D00721,R001,Email,2024-12-26,60,Neutral,Budget approved
A001357,D00093,R005,Proposal Sent,2024-02-27,120,Neutral,Champion confirmed
A001358,D00430,R004,Follow-up,2024-08-31,30,No Response,Stakeholder meeting set
A001359,D00654,R005,Proposal Sent,2024-12-20,90,Positive,Budget approved
A001360,D00434,R001,Email,2023-05-10,120,Positive,Awaiting legal review
A001361,D01136,R005,Follow-up,2023-03-06,90,Negative,Champion confirmed
A001362,D00375,R002,Demo,2024-04-19,45,Positive,Budget approved
A001363,D01083,R001,Call,2023-08-28,90,Neutral,
A001364,D01067,R003,Follow-up,2024-07-08,90,Neutral,Stakeholder meeting set
A001365,D00207,R002,Email,2024-12-27,45,No Response,Decision deferred
A001366,D00780,R002,Email,2023-06-14,120,No Response,Stakeholder meeting set
A001367,D01142,R004,Follow-up,2023-04-28,60,Neutral,Decision deferred
A001368,D00532,R004,Meeting,2023-12-23,45,Neutral,Sent pricing deck
A001369,D00166,R001,Call,2024-12-12,90,Neutral,Champion confirmed
A001370,D00643,R005,Follow-up,2023-06-09,60,No Response,Follow up scheduled
A001371,D01180,R004,Meeting,2023-08-25,30,Positive,Stakeholder meeting set
A001372,D00090,R002,Email,2023-07-25,120,Negative,Follow up scheduled
A001373,D01118,R005,Call,2024-10-24,60,Neutral,Awaiting legal review
A001374,D00013,R005,Demo,2023-08-14,15,No Response,Champion confirmed
A001375,D00973,R005,Demo,2023-09-17,120,No Response,Stakeholder meeting set
A001376,D00805,R001,Follow-up,2024-08-27,60,Neutral,Awaiting legal review
A001377,D00945,R002,Meeting,2023-04-09,15,No Response,Awaiting legal review
A001378,D00742,R004,Meeting,2023-08-18,30,Positive,Champion confirmed
A001379,D00876,R001,Meeting,2024-06-08,30,Positive,Budget approved
A001380,D01174,R002,Follow-up,2024-04-28,90,Positive,Awaiting legal review
A001381,D00660,R001,Follow-up,2024-07-17,120,Positive,Sent pricing deck
A001382,D01032,R003,Email,2024-06-02,120,No Response,Champion confirmed
A001383,D01053,R001,Demo,2023-11-17,60,Neutral,Sent pricing deck
A001384,D00296,R001,Follow-up,2024-12-01,120,No Response,
A001385,D00986,R002,Call,2023-11-28,15,No Response,Budget approved
A001386,D00926,R002,Demo,2023-12-01,60,Neutral,Awaiting legal review
A001387,D00640,R003,Follow-up,2023-09-26,60,No Response,Awaiting legal review
A001388,D00340,R003,Meeting,2023-11-25,60,Neutral,Follow up scheduled
A001389,D00628,R003,Proposal Sent,2024-12-26,90,No Response,
A001390,D00439,R001,Meeting,2024-01-30,45,Negative,Stakeholder meeting set
A001391,D01168,R002,Demo,2023-11-15,120,Positive,Champion confirmed
A001392,D00942,R004,Demo,2024-01-16,90,Negative,Decision deferred
A001393,D00830,R005,Demo,2024-12-22,30,Neutral,
A001394,D00519,R002,Demo,2023-12-24,15,No Response,Champion confirmed
A001395,D00976,R005,Meeting,2023-12-11,60,Neutral,
A001396,D01069,R005,Email,2023-05-30,45,No Response,Follow up scheduled
A001397,D00955,R003,Meeting,2023-08-18,60,Neutral,Sent pricing deck
A001398,D00952,R003,Proposal Sent,2023-08-02,60,Positive,Budget approved
A001399,D00944,R003,Email,2024-12-04,45,Negative,Champion confirmed
A001400,D00155,R003,Call,2024-12-24,15,Neutral,Follow up scheduled
A001401,D00088,R002,Email,2023-07-13,120,Negative,Budget approved
A001402,D01097,R002,Email,2024-07-15,60,Positive,Stakeholder meeting set
A001403,D00931,R004,Proposal Sent,2023-09-07,30,Positive,Budget approved
A001404,D00179,R004,Demo,2024-11-26,45,Positive,Stakeholder meeting set
A001405,D00212,R001,Follow-up,2023-11-17,60,Positive,Stakeholder meeting set
A001406,D00465,R003,Call,2024-06-02,120,Positive,Awaiting legal review
A001407,D00631,R005,Email,2024-03-27,120,Neutral,Follow up scheduled
A001408,D00825,R002,Email,2023-06-27,45,Neutral,Sent pricing deck
A001409,D00607,R002,Email,2024-03-12,120,Positive,Budget approved
A001410,D00885,R003,Follow-up,2023-12-29,45,Negative,Sent pricing deck
A001411,D00366,R002,Proposal Sent,2024-05-14,120,Negative,Awaiting legal review
A001412,D00276,R005,Demo,2024-11-02,15,Positive,Sent pricing deck
A001413,D00380,R002,Demo,2023-10-22,90,Positive,
A001414,D00945,R002,Demo,2023-04-12,60,Neutral,Budget approved
A001415,D01088,R002,Demo,2024-05-18,60,Neutral,Sent pricing deck
A001416,D00810,R001,Follow-up,2024-12-16,120,Neutral,
A001417,D00925,R001,Email,2023-06-28,45,Negative,Awaiting legal review
A001418,D00494,R002,Follow-up,2023-08-01,120,No Response,Awaiting legal review
A001419,D01122,R001,Call,2023-05-08,120,Neutral,Stakeholder meeting set
A001420,D01095,R001,Call,2023-07-14,45,Neutral,Stakeholder meeting set
A001421,D00364,R001,Proposal Sent,2023-09-17,120,Neutral,Budget approved
A001422,D00570,R004,Call,2024-10-12,120,Positive,Champion confirmed
A001423,D00763,R005,Follow-up,2024-01-20,30,Neutral,Decision deferred
A001424,D00276,R005,Meeting,2024-09-20,45,No Response,Stakeholder meeting set
A001425,D00050,R001,Meeting,2023-03-01,120,Positive,Awaiting legal review
A001426,D00728,R001,Call,2023-03-13,15,Positive,Stakeholder meeting set
A001427,D00906,R002,Call,2023-07-27,15,Neutral,Awaiting legal review
A001428,D00928,R001,Demo,2024-05-06,60,Positive,Champion confirmed
A001429,D00564,R004,Proposal Sent,2024-11-24,90,Negative,Budget approved
A001430,D00783,R005,Follow-up,2024-03-11,120,Neutral,Decision deferred
A001431,D00485,R003,Meeting,2024-11-30,45,No Response,Decision deferred
A001432,D01108,R005,Call,2023-10-12,45,Neutral,Budget approved
A001433,D00584,R005,Email,2024-03-15,120,No Response,Decision deferred
A001434,D00236,R005,Follow-up,2023-07-03,30,Negative,
A001435,D00056,R004,Call,2024-07-25,45,No Response,Awaiting legal review
A001436,D00360,R005,Demo,2023-07-22,60,Neutral,Sent pricing deck
A001437,D00110,R002,Email,2023-10-05,30,No Response,Sent pricing deck
A001438,D00192,R001,Follow-up,2023-03-09,30,Positive,Stakeholder meeting set
A001439,D00904,R001,Demo,2023-10-21,30,Positive,Awaiting legal review
A001440,D01117,R005,Demo,2023-04-21,90,Negative,Stakeholder meeting set
A001441,D00862,R002,Proposal Sent,2024-04-11,90,Negative,Stakeholder meeting set
A001442,D00568,R004,Call,2024-11-06,120,Positive,Stakeholder meeting set
A001443,D01084,R005,Proposal Sent,2023-06-21,90,Positive,Budget approved
A001444,D00650,R002,Follow-up,2024-09-11,15,No Response,Awaiting legal review
A001445,D00039,R005,Demo,2024-03-15,90,Negative,Sent pricing deck
A001446,D01073,R003,Meeting,2024-01-20,45,Negative,Decision deferred
A001447,D00637,R003,Proposal Sent,2023-10-22,30,No Response,Sent pricing deck
A001448,D01037,R002,Call,2023-06-18,45,Neutral,Sent pricing deck
A001449,D00036,R001,Follow-up,2024-02-05,15,Negative,Champion confirmed
A001450,D00101,R003,Email,2024-07-12,45,No Response,Champion confirmed
A001451,D01110,R005,Call,2024-05-12,120,Neutral,Decision deferred
A001452,D00166,R001,Call,2024-11-29,15,Neutral,Stakeholder meeting set
A001453,D00383,R005,Meeting,2024-12-22,120,Negative,Follow up scheduled
A001454,D00790,R003,Proposal Sent,2023-09-15,120,No Response,Decision deferred
A001455,D00031,R004,Proposal Sent,2023-02-10,45,Positive,Champion confirmed
A001456,D00011,R004,Email,2023-10-02,15,Positive,Awaiting legal review
A001457,D00096,R004,Call,2023-07-03,30,Positive,Stakeholder meeting set
A001458,D00453,R001,Call,2023-12-03,15,No Response,Stakeholder meeting set
A001459,D00192,R001,Email,2023-02-01,30,Positive,Budget approved
A001460,D00486,R001,Email,2023-03-20,60,Neutral,Sent pricing deck
A001461,D01152,R004,Follow-up,2024-12-30,15,No Response,Awaiting legal review
A001462,D00238,R004,Proposal Sent,2023-09-29,90,Positive,Stakeholder meeting set
A001463,D01136,R005,Meeting,2023-02-22,60,Negative,Awaiting legal review
A001464,D01169,R005,Follow-up,2024-12-05,45,Positive,Budget approved
A001465,D01089,R005,Proposal Sent,2024-06-07,120,No Response,Sent pricing deck
A001466,D00735,R004,Meeting,2024-08-24,90,No Response,Budget approved
A001467,D00991,R002,Call,2024-02-05,15,Neutral,Sent pricing deck
A001468,D00825,R002,Proposal Sent,2023-07-06,120,Negative,Follow up scheduled
A001469,D00106,R001,Email,2024-11-19,120,Negative,Awaiting legal review
A001470,D00181,R003,Proposal Sent,2024-01-31,15,Positive,Decision deferred
A001471,D00184,R003,Follow-up,2024-07-22,45,Positive,Sent pricing deck
A001472,D00226,R005,Proposal Sent,2023-06-23,30,Neutral,Decision deferred
A001473,D00777,R005,Follow-up,2024-07-23,15,Neutral,
A001474,D00790,R003,Follow-up,2023-07-15,60,Positive,Awaiting legal review
A001475,D01113,R001,Proposal Sent,2023-11-10,90,Negative,Decision deferred
A001476,D00688,R002,Proposal Sent,2023-05-23,30,Neutral,
A001477,D00530,R004,Follow-up,2024-11-14,15,Negative,Follow up scheduled
A001478,D00972,R002,Proposal Sent,2023-08-20,30,Positive,Stakeholder meeting set
A001479,D00936,R005,Call,2024-06-15,30,Neutral,
A001480,D00106,R001,Follow-up,2024-10-03,30,Positive,Follow up scheduled
A001481,D00831,R005,Follow-up,2024-01-01,120,Neutral,Budget approved
A001482,D00679,R002,Demo,2024-07-24,90,Neutral,Decision deferred
A001483,D00849,R004,Call,2024-12-09,90,Neutral,Sent pricing deck
A001484,D01056,R001,Proposal Sent,2023-05-02,45,Positive,Stakeholder meeting set
A001485,D00393,R004,Follow-up,2023-09-20,15,Positive,Follow up scheduled
A001486,D00040,R005,Call,2024-08-15,120,No Response,Awaiting legal review
A001487,D00660,R001,Meeting,2024-04-15,15,Positive,Follow up scheduled
A001488,D00981,R002,Call,2024-07-18,45,Positive,Stakeholder meeting set
A001489,D01106,R005,Demo,2024-06-13,60,Positive,Awaiting legal review
A001490,D00845,R005,Proposal Sent,2023-09-03,45,Positive,Follow up scheduled
A001491,D00201,R003,Email,2024-11-20,120,Neutral,Stakeholder meeting set
A001492,D00447,R003,Meeting,2024-12-31,120,Positive,Follow up scheduled
A001493,D01062,R001,Meeting,2023-03-03,45,Neutral,Stakeholder meeting set
A001494,D00444,R005,Call,2024-07-27,30,Neutral,
A001495,D00761,R004,Proposal Sent,2024-09-28,90,Neutral,Awaiting legal review
A001496,D00227,R002,Meeting,2023-04-02,120,No Response,Champion confirmed
A001497,D00048,R005,Call,2024-12-20,60,Neutral,Follow up scheduled
A001498,D01042,R004,Follow-up,2024-03-06,30,No Response,Decision deferred
A001499,D00912,R004,Proposal Sent,2024-01-12,15,No Response,Sent pricing deck
A001500,D00187,R003,Follow-up,2023-10-11,30,Neutral,Follow up scheduled
A001501,D00345,R001,Demo,2024-02-19,60,Negative,Budget approved
A001502,D00224,R004,Meeting,2023-12-13,15,Negative,Follow up scheduled
A001503,D00830,R005,Proposal Sent,2024-11-04,15,Positive,Sent pricing deck
A001504,D00488,R001,Follow-up,2024-07-22,120,Positive,Stakeholder meeting set
A001505,D00877,R001,Call,2023-12-23,90,Positive,Budget approved
A001506,D00849,R004,Email,2024-12-10,90,Negative,Sent pricing deck
A001507,D00979,R003,Meeting,2023-08-23,90,Negative,Stakeholder meeting set
A001508,D01017,R001,Demo,2024-01-02,60,Positive,Champion confirmed
A001509,D00188,R003,Email,2024-12-08,120,Neutral,Champion confirmed
A001510,D00270,R004,Email,2024-01-02,90,Positive,Champion confirmed
A001511,D00310,R002,Follow-up,2023-05-08,120,Positive,Follow up scheduled
A001512,D01156,R005,Proposal Sent,2023-07-13,45,No Response,Awaiting legal review
A001513,D01096,R001,Follow-up,2024-12-28,90,Negative,Awaiting legal review
A001514,D00845,R005,Demo,2023-09-21,60,Neutral,Decision deferred
A001515,D00486,R001,Call,2023-04-27,45,Negative,Decision deferred
A001516,D00120,R001,Call,2024-03-09,90,No Response,Follow up scheduled
A001517,D00220,R005,Email,2023-12-08,90,Positive,Champion confirmed
A001518,D00053,R003,Call,2023-07-03,15,Neutral,Stakeholder meeting set
A001519,D00758,R003,Proposal Sent,2024-09-25,120,Positive,Awaiting legal review
A001520,D00738,R002,Meeting,2024-12-10,120,Neutral,Follow up scheduled
A001521,D00720,R003,Meeting,2023-12-19,45,Positive,Champion confirmed
A001522,D00406,R005,Demo,2024-12-24,120,Positive,Stakeholder meeting set
A001523,D00608,R003,Proposal Sent,2024-12-25,60,Positive,Sent pricing deck
A001524,D01021,R004,Demo,2023-05-14,120,Positive,
A001525,D00422,R005,Demo,2023-12-09,120,Negative,Stakeholder meeting set
A001526,D00712,R003,Follow-up,2024-12-31,30,No Response,
A001527,D00247,R005,Proposal Sent,2024-09-05,120,Neutral,Budget approved
A001528,D00072,R003,Follow-up,2024-09-15,15,Negative,Budget approved
A001529,D00185,R003,Meeting,2024-11-12,120,No Response,Decision deferred
A001530,D00006,R001,Meeting,2024-12-22,45,Negative,Sent pricing deck
A001531,D00906,R002,Proposal Sent,2023-10-28,90,Neutral,Budget approved
A001532,D00387,R001,Call,2024-04-28,45,Neutral,Stakeholder meeting set
A001533,D00699,R005,Demo,2024-11-18,15,Negative,Awaiting legal review
A001534,D01100,R001,Email,2024-11-08,90,Neutral,Awaiting legal review
A001535,D00827,R001,Follow-up,2023-09-10,15,No Response,Follow up scheduled
A001536,D00349,R004,Call,2023-06-13,45,Negative,Decision deferred
A001537,D00308,R001,Email,2024-11-18,60,Negative,Follow up scheduled
A001538,D01151,R001,Follow-up,2023-12-04,45,Neutral,Decision deferred
A001539,D00287,R005,Demo,2024-07-28,30,Positive,Budget approved
A001540,D00766,R005,Proposal Sent,2023-11-12,120,Positive,Decision deferred
A001541,D00725,R005,Meeting,2024-02-13,60,Neutral,Budget approved
A001542,D00762,R003,Follow-up,2023-10-25,120,Positive,Sent pricing deck
A001543,D00383,R005,Proposal Sent,2024-12-26,15,Positive,Champion confirmed
A001544,D00388,R003,Demo,2023-05-10,90,Positive,Stakeholder meeting set
A001545,D00525,R001,Call,2024-04-06,60,Negative,Stakeholder meeting set
A001546,D00639,R005,Proposal Sent,2023-07-30,60,Neutral,
A001547,D00938,R001,Demo,2024-04-23,45,Positive,Awaiting legal review
A001548,D00276,R005,Email,2024-11-08,45,Positive,Decision deferred
A001549,D00500,R002,Meeting,2024-08-03,15,Neutral,Awaiting legal review
A001550,D00717,R005,Demo,2024-04-04,120,Negative,Awaiting legal review
A001551,D00337,R002,Follow-up,2023-07-03,30,Neutral,Follow up scheduled
A001552,D00932,R001,Demo,2023-09-22,120,Positive,Budget approved
A001553,D00481,R002,Proposal Sent,2023-08-20,15,Positive,Decision deferred
A001554,D00911,R001,Demo,2024-12-30,60,Neutral,Decision deferred
A001555,D01082,R001,Demo,2024-12-17,120,Positive,Sent pricing deck
A001556,D00109,R005,Demo,2023-08-28,45,Negative,Champion confirmed
A001557,D00328,R004,Call,2024-02-27,15,Neutral,
A001558,D00315,R002,Demo,2023-07-07,90,Positive,Decision deferred
A001559,D01135,R003,Call,2023-03-21,60,Positive,Stakeholder meeting set
A001560,D00699,R005,Meeting,2024-09-29,120,Neutral,Budget approved
A001561,D00781,R003,Meeting,2023-06-13,15,Neutral,Follow up scheduled
A001562,D00156,R001,Meeting,2023-05-26,45,Positive,Sent pricing deck
A001563,D00887,R003,Proposal Sent,2024-12-04,15,Neutral,Stakeholder meeting set
A001564,D01026,R001,Email,2023-04-06,30,Neutral,Budget approved
A001565,D00758,R003,Email,2024-09-09,45,Neutral,Decision deferred
A001566,D00722,R003,Call,2023-04-14,120,Positive,Budget approved
A001567,D00913,R002,Proposal Sent,2023-11-09,30,Neutral,Champion confirmed
A001568,D00871,R001,Follow-up,2024-10-28,45,Neutral,
A001569,D00013,R005,Meeting,2023-07-03,60,Neutral,Awaiting legal review
A001570,D00608,R003,Demo,2024-12-18,90,No Response,
A001571,D00498,R005,Demo,2024-03-26,45,Positive,Budget approved
A001572,D00238,R004,Follow-up,2023-11-05,30,Neutral,Budget approved
A001573,D01118,R005,Meeting,2024-11-11,90,Neutral,
A001574,D00781,R003,Demo,2023-03-23,60,Negative,Decision deferred
A001575,D01195,R002,Follow-up,2023-10-10,15,Negative,Budget approved
A001576,D00606,R003,Proposal Sent,2023-12-29,15,Neutral,Champion confirmed
A001577,D00661,R003,Email,2024-01-11,45,Positive,
A001578,D00849,R004,Email,2024-12-15,15,Neutral,Sent pricing deck
A001579,D00936,R005,Demo,2024-04-28,120,Positive,
A001580,D00628,R003,Demo,2024-11-20,90,No Response,Champion confirmed
A001581,D00143,R005,Email,2024-01-27,120,Positive,
A001582,D00714,R001,Call,2024-09-17,45,No Response,
A001583,D00479,R005,Demo,2024-06-27,60,Positive,Champion confirmed
A001584,D00565,R001,Demo,2023-11-04,120,No Response,
A001585,D00471,R002,Email,2024-04-05,60,Neutral,Stakeholder meeting set
A001586,D00384,R003,Call,2024-03-20,90,Neutral,Decision deferred
A001587,D00926,R002,Call,2023-11-26,90,Positive,Stakeholder meeting set
A001588,D00417,R002,Proposal Sent,2024-12-21,15,Negative,Stakeholder meeting set
A001589,D00308,R001,Follow-up,2024-12-16,90,Positive,
A001590,D00649,R004,Proposal Sent,2023-03-18,15,Neutral,Awaiting legal review
A001591,D01025,R001,Call,2023-02-06,90,Negative,Budget approved
A001592,D01068,R003,Follow-up,2024-12-31,15,Negative,Awaiting legal review
A001593,D00739,R003,Call,2023-09-09,30,Negative,Budget approved
A001594,D01122,R001,Email,2023-04-24,45,Positive,Sent pricing deck
A001595,D00140,R004,Meeting,2023-10-24,90,No Response,
A001596,D00974,R005,Follow-up,2024-10-24,15,Positive,
A001597,D01017,R001,Proposal Sent,2024-02-27,60,Negative,Champion confirmed
A001598,D00953,R001,Email,2024-03-21,90,Positive,Stakeholder meeting set
A001599,D00904,R001,Demo,2023-10-29,15,Neutral,Champion confirmed
A001600,D00072,R003,Demo,2024-11-06,45,Negative,Awaiting legal review
A001601,D00107,R002,Email,2023-10-27,60,Positive,Awaiting legal review
A001602,D01066,R005,Email,2023-11-13,15,Neutral,Follow up scheduled
A001603,D00883,R002,Email,2024-06-04,15,Neutral,Follow up scheduled
A001604,D00139,R001,Meeting,2024-12-10,90,Negative,Budget approved
A001605,D00615,R005,Email,2023-07-23,60,Neutral,Decision deferred
A001606,D00863,R004,Proposal Sent,2023-06-07,45,Positive,Sent pricing deck
A001607,D00273,R005,Follow-up,2023-06-15,30,Positive,Stakeholder meeting set
A001608,D00416,R001,Follow-up,2024-11-19,90,Negative,Awaiting legal review
A001609,D00506,R002,Meeting,2024-12-11,120,Positive,Champion confirmed
A001610,D00733,R005,Meeting,2024-04-13,60,No Response,Stakeholder meeting set
A001611,D00424,R002,Follow-up,2024-11-02,45,Negative,Awaiting legal review
A001612,D00390,R002,Meeting,2024-10-21,15,Neutral,Decision deferred
A001613,D00342,R005,Proposal Sent,2024-09-01,30,Positive,Sent pricing deck
A001614,D00946,R003,Call,2024-04-25,45,Negative,Champion confirmed
A001615,D00614,R001,Email,2023-07-08,15,Positive,Follow up scheduled
A001616,D00493,R001,Meeting,2023-08-14,45,Positive,Budget approved
A001617,D00192,R001,Call,2023-03-23,60,Neutral,Champion confirmed
A001618,D00499,R003,Meeting,2024-09-17,120,Negative,Awaiting legal review
A001619,D00822,R001,Email,2024-12-18,120,Positive,Follow up scheduled
A001620,D00227,R002,Follow-up,2023-03-14,120,Positive,Follow up scheduled
A001621,D00139,R001,Follow-up,2024-12-15,120,Positive,Stakeholder meeting set
A001622,D00856,R003,Follow-up,2023-06-22,60,Negative,Decision deferred
A001623,D00817,R004,Email,2023-11-11,90,Positive,Stakeholder meeting set
A001624,D01173,R005,Follow-up,2023-11-03,60,Positive,
A001625,D01139,R004,Proposal Sent,2024-09-02,45,Negative,Sent pricing deck
A001626,D01087,R001,Proposal Sent,2023-11-05,90,Positive,Sent pricing deck
A001627,D00104,R001,Call,2024-07-02,120,Positive,Champion confirmed
A001628,D00871,R001,Call,2024-12-02,15,Positive,Decision deferred
A001629,D00668,R003,Call,2024-08-31,60,Positive,Sent pricing deck
A001630,D00273,R005,Meeting,2023-07-09,120,Neutral,Decision deferred
A001631,D01030,R004,Demo,2024-08-19,90,No Response,Awaiting legal review
A001632,D01171,R005,Demo,2023-07-01,60,No Response,Budget approved
A001633,D00184,R003,Demo,2024-08-19,120,Positive,Stakeholder meeting set
A001634,D01052,R005,Demo,2023-06-06,45,Positive,Sent pricing deck
A001635,D01143,R002,Proposal Sent,2023-09-02,15,Negative,Stakeholder meeting set
A001636,D00293,R003,Call,2024-11-13,60,No Response,Champion confirmed
A001637,D00177,R005,Email,2023-09-24,120,Positive,Follow up scheduled
A001638,D00058,R001,Proposal Sent,2024-05-30,120,Neutral,Sent pricing deck
A001639,D00308,R001,Proposal Sent,2024-12-29,30,Neutral,Awaiting legal review
A001640,D00977,R002,Demo,2023-06-28,15,Neutral,Budget approved
A001641,D01129,R002,Meeting,2023-10-14,15,Positive,Decision deferred
A001642,D00700,R002,Email,2024-08-25,15,Positive,Champion confirmed
A001643,D00083,R001,Call,2024-08-09,45,Positive,Follow up scheduled
A001644,D00252,R005,Email,2024-07-20,15,Positive,Decision deferred
A001645,D00796,R003,Call,2024-06-24,60,Positive,Follow up scheduled
A001646,D00897,R005,Meeting,2024-05-23,60,No Response,
A001647,D00210,R002,Meeting,2024-10-15,15,Negative,Follow up scheduled
A001648,D00816,R003,Follow-up,2024-11-30,120,Neutral,Sent pricing deck
A001649,D00609,R004,Call,2023-08-22,60,Positive,Stakeholder meeting set
A001650,D00447,R003,Meeting,2024-12-30,60,Neutral,Sent pricing deck
A001651,D00460,R001,Meeting,2024-12-23,30,No Response,
A001652,D00968,R005,Email,2024-05-24,45,Neutral,Awaiting legal review
A001653,D00472,R005,Email,2023-05-29,120,Positive,Awaiting legal review
A001654,D00370,R003,Proposal Sent,2023-07-06,30,Positive,Decision deferred
A001655,D00900,R005,Demo,2024-03-26,120,Positive,Awaiting legal review
A001656,D00923,R001,Proposal Sent,2023-09-11,60,Neutral,Sent pricing deck
A001657,D00137,R002,Proposal Sent,2023-03-17,15,Neutral,Stakeholder meeting set
A001658,D00367,R004,Follow-up,2024-12-06,30,Neutral,Follow up scheduled
A001659,D00912,R004,Demo,2023-11-15,90,Positive,
A001660,D00184,R003,Email,2024-09-22,30,Positive,Stakeholder meeting set
A001661,D00472,R005,Follow-up,2023-07-01,15,Negative,
A001662,D00654,R005,Email,2024-11-26,90,Positive,Stakeholder meeting set
A001663,D00749,R004,Proposal Sent,2024-02-18,15,Positive,Decision deferred
A001664,D00537,R001,Meeting,2023-04-05,60,No Response,
A001665,D00802,R002,Call,2024-04-27,15,No Response,Champion confirmed
A001666,D00920,R004,Proposal Sent,2024-09-24,30,Neutral,Awaiting legal review
A001667,D00510,R001,Call,2023-08-26,45,No Response,Awaiting legal review
A001668,D00630,R004,Email,2024-04-08,30,Positive,Awaiting legal review
A001669,D01002,R005,Follow-up,2023-08-28,15,Neutral,
A001670,D01097,R002,Demo,2024-05-28,90,Positive,Champion confirmed
A001671,D00916,R002,Demo,2023-02-04,90,Positive,Budget approved
A001672,D01034,R004,Follow-up,2023-12-25,90,Neutral,Follow up scheduled
A001673,D00152,R001,Demo,2023-06-05,60,Positive,Stakeholder meeting set
A001674,D01029,R004,Email,2023-09-11,60,Positive,Budget approved
A001675,D00464,R003,Proposal Sent,2024-06-23,30,Negative,Stakeholder meeting set
A001676,D01137,R002,Email,2023-02-20,30,Negative,Budget approved
A001677,D00271,R001,Email,2023-07-26,30,No Response,Champion confirmed
A001678,D01187,R005,Email,2023-06-16,90,Positive,
A001679,D00460,R001,Proposal Sent,2024-12-14,15,No Response,Stakeholder meeting set
A001680,D00105,R003,Proposal Sent,2023-10-21,60,Positive,
A001681,D00162,R004,Meeting,2024-03-14,120,Positive,Follow up scheduled
A001682,D00351,R001,Meeting,2024-07-10,90,Neutral,Follow up scheduled
A001683,D00434,R001,Proposal Sent,2023-07-22,45,Positive,Budget approved
A001684,D00852,R002,Follow-up,2024-06-10,60,Positive,Sent pricing deck
A001685,D00140,R004,Demo,2023-11-11,90,Negative,Stakeholder meeting set
A001686,D01156,R005,Call,2023-04-27,60,Positive,Budget approved
A001687,D00087,R003,Proposal Sent,2023-08-28,60,Negative,Awaiting legal review
A001688,D00183,R004,Meeting,2023-10-30,120,Neutral,Follow up scheduled
A001689,D00368,R004,Meeting,2024-05-31,45,Positive,Stakeholder meeting set
A001690,D00129,R005,Follow-up,2023-12-10,120,No Response,
A001691,D00670,R005,Follow-up,2024-06-13,120,Negative,Sent pricing deck
A001692,D00149,R001,Meeting,2024-02-27,30,Positive,Champion confirmed
A001693,D00985,R002,Demo,2024-06-19,90,Negative,
A001694,D00852,R002,Meeting,2024-03-28,45,No Response,Stakeholder meeting set
A001695,D00628,R003,Email,2024-11-05,45,Neutral,Follow up scheduled
A001696,D00446,R003,Demo,2024-09-21,120,No Response,
A001697,D00884,R005,Call,2024-12-28,15,Neutral,Stakeholder meeting set
A001698,D00294,R001,Email,2024-09-06,45,Negative,Decision deferred
A001699,D01167,R001,Email,2023-03-26,60,Neutral,Stakeholder meeting set
A001700,D00250,R001,Proposal Sent,2023-07-29,120,No Response,
A001701,D00878,R002,Email,2024-06-17,15,Positive,
A001702,D00948,R001,Meeting,2024-04-01,60,Positive,
A001703,D00975,R004,Demo,2023-07-23,120,Negative,Awaiting legal review
A001704,D01049,R001,Meeting,2024-08-08,30,Neutral,
A001705,D00789,R002,Call,2023-07-11,60,Neutral,Champion confirmed
A001706,D00984,R004,Proposal Sent,2024-04-28,45,Positive,Follow up scheduled
A001707,D00889,R003,Call,2024-05-31,90,Positive,Budget approved
A001708,D00890,R005,Meeting,2023-09-20,90,No Response,Awaiting legal review
A001709,D00070,R003,Meeting,2024-09-01,60,Negative,Decision deferred
A001710,D00625,R001,Follow-up,2023-08-21,120,No Response,Sent pricing deck
A001711,D00875,R003,Proposal Sent,2024-09-05,30,No Response,
A001712,D01136,R005,Proposal Sent,2023-01-17,60,No Response,
A001713,D00471,R002,Proposal Sent,2024-04-22,45,Neutral,Champion confirmed
A001714,D00091,R004,Proposal Sent,2024-10-27,60,Positive,Champion confirmed
A001715,D00530,R004,Meeting,2024-11-04,90,Positive,
A001716,D00661,R003,Follow-up,2023-12-12,15,Positive,
A001717,D00739,R003,Call,2023-11-24,45,Positive,Awaiting legal review
A001718,D00726,R001,Call,2024-04-20,120,Negative,Awaiting legal review
A001719,D00872,R004,Follow-up,2023-12-14,30,Positive,Decision deferred
A001720,D00192,R001,Call,2023-02-02,120,No Response,Champion confirmed
A001721,D00138,R001,Call,2023-08-19,30,Neutral,Champion confirmed
A001722,D00345,R001,Demo,2023-11-25,60,Positive,Awaiting legal review
A001723,D01009,R005,Follow-up,2024-02-18,15,Negative,Awaiting legal review
A001724,D00503,R001,Demo,2024-10-24,120,Positive,Follow up scheduled
A001725,D00203,R001,Proposal Sent,2024-01-09,45,Neutral,Champion confirmed
A001726,D00573,R005,Meeting,2023-10-19,90,No Response,Stakeholder meeting set
A001727,D00192,R001,Call,2023-04-13,90,Positive,Decision deferred
A001728,D00005,R005,Demo,2024-12-28,30,Neutral,Follow up scheduled
A001729,D00311,R003,Meeting,2023-12-10,45,Positive,Stakeholder meeting set
A001730,D00549,R002,Proposal Sent,2023-03-04,60,Negative,Stakeholder meeting set
A001731,D00056,R004,Email,2024-06-04,15,No Response,Follow up scheduled
A001732,D00443,R003,Call,2024-08-25,45,Positive,Budget approved
A001733,D00870,R005,Proposal Sent,2024-11-01,15,Positive,
A001734,D00585,R001,Demo,2024-08-03,30,Positive,Follow up scheduled
A001735,D00752,R002,Proposal Sent,2023-03-11,60,Neutral,
A001736,D00360,R005,Meeting,2023-08-08,15,Neutral,Follow up scheduled
A001737,D00819,R001,Follow-up,2024-12-16,90,No Response,Decision deferred
A001738,D00030,R003,Call,2024-03-29,15,No Response,Follow up scheduled
A001739,D00108,R002,Proposal Sent,2024-09-20,120,No Response,Awaiting legal review
A001740,D00844,R001,Call,2024-11-06,90,Negative,Decision deferred
A001741,D00717,R005,Meeting,2024-04-11,90,Neutral,
A001742,D00891,R002,Proposal Sent,2024-10-01,60,Positive,Sent pricing deck
A001743,D00960,R002,Call,2023-08-30,45,Neutral,Awaiting legal review
A001744,D00893,R001,Proposal Sent,2024-08-29,15,Neutral,Awaiting legal review
A001745,D00732,R002,Demo,2024-11-19,15,Neutral,Champion confirmed
A001746,D00606,R003,Call,2023-10-16,90,Neutral,Follow up scheduled
A001747,D00457,R005,Email,2024-12-28,15,Positive,Follow up scheduled
A001748,D00615,R005,Proposal Sent,2023-06-02,60,Positive,Sent pricing deck
A001749,D00698,R001,Email,2023-01-24,30,Neutral,Follow up scheduled
A001750,D00674,R002,Follow-up,2023-02-02,60,Positive,Stakeholder meeting set
A001751,D00543,R005,Email,2024-04-28,60,Positive,
A001752,D00857,R001,Call,2024-10-24,120,No Response,Sent pricing deck
A001753,D00897,R005,Demo,2024-03-26,60,Neutral,
A001754,D00278,R002,Follow-up,2023-07-03,120,Positive,Sent pricing deck
A001755,D00552,R005,Call,2023-05-11,60,Neutral,
A001756,D00111,R001,Demo,2024-06-28,30,Negative,Champion confirmed
A001757,D00385,R005,Follow-up,2024-02-19,60,Positive,Stakeholder meeting set
A001758,D00761,R004,Follow-up,2024-08-29,90,No Response,Champion confirmed
A001759,D00694,R001,Email,2023-04-29,90,No Response,
A001760,D00405,R001,Call,2023-06-30,120,Neutral,Awaiting legal review
A001761,D00022,R004,Follow-up,2023-07-07,120,Positive,Follow up scheduled
A001762,D00678,R005,Email,2024-02-27,45,Positive,Decision deferred
A001763,D00611,R003,Call,2024-10-18,60,Neutral,Budget approved
A001764,D00008,R005,Follow-up,2023-05-20,90,Positive,Sent pricing deck
A001765,D00702,R001,Follow-up,2024-05-17,60,Positive,Stakeholder meeting set
A001766,D00529,R004,Follow-up,2023-07-11,15,Neutral,
A001767,D00602,R004,Meeting,2024-08-09,120,Positive,Decision deferred
A001768,D00657,R001,Email,2024-10-09,90,Positive,Sent pricing deck
A001769,D00166,R001,Call,2024-12-31,90,Negative,Stakeholder meeting set
A001770,D00849,R004,Call,2024-12-05,30,Negative,
A001771,D00496,R001,Email,2023-08-14,45,Neutral,Champion confirmed
A001772,D00590,R005,Meeting,2024-12-29,90,Positive,Decision deferred
A001773,D00429,R003,Email,2024-03-25,45,Neutral,Stakeholder meeting set
A001774,D00774,R002,Demo,2024-09-24,15,Positive,Champion confirmed
A001775,D00163,R004,Proposal Sent,2023-09-12,120,Neutral,Budget approved
A001776,D00366,R002,Call,2024-07-19,15,No Response,
A001777,D00072,R003,Meeting,2024-10-16,45,Neutral,Sent pricing deck
A001778,D00655,R003,Demo,2023-10-22,30,Positive,
A001779,D00269,R005,Call,2024-12-29,90,Neutral,Awaiting legal review
A001780,D00415,R004,Demo,2023-06-23,90,Positive,Champion confirmed
A001781,D01016,R001,Email,2023-11-11,30,Positive,
A001782,D00675,R003,Meeting,2024-07-12,30,Negative,Awaiting legal review
A001783,D01084,R005,Meeting,2023-08-07,60,Positive,Budget approved
A001784,D00006,R001,Call,2024-12-18,120,Positive,Stakeholder meeting set
A001785,D00982,R002,Demo,2024-06-21,90,No Response,
A001786,D00570,R004,Proposal Sent,2024-08-03,60,Positive,Sent pricing deck
A001787,D00407,R003,Meeting,2024-07-16,120,No Response,Champion confirmed
A001788,D00026,R003,Proposal Sent,2023-12-28,120,Neutral,Decision deferred
A001789,D01029,R004,Proposal Sent,2023-08-12,15,Negative,Champion confirmed
A001790,D00986,R002,Proposal Sent,2023-09-11,120,Positive,Budget approved
A001791,D00390,R002,Demo,2024-11-01,60,Neutral,Awaiting legal review
A001792,D00710,R002,Follow-up,2023-11-28,15,Negative,Budget approved
A001793,D00571,R003,Proposal Sent,2024-04-09,15,Neutral,Stakeholder meeting set
A001794,D00754,R002,Call,2023-03-04,60,Neutral,Budget approved
A001795,D00146,R005,Call,2024-04-28,60,Positive,Decision deferred
A001796,D00785,R005,Demo,2024-02-24,45,Neutral,Follow up scheduled
A001797,D00526,R004,Meeting,2023-05-13,90,Positive,Sent pricing deck
A001798,D00013,R005,Demo,2023-08-29,120,No Response,Sent pricing deck
A001799,D00903,R003,Demo,2023-10-07,30,Neutral,Sent pricing deck
A001800,D00384,R003,Follow-up,2024-05-20,15,Negative,Decision deferred
A001801,D00556,R003,Call,2024-10-13,60,Positive,Sent pricing deck
A001802,D00887,R003,Meeting,2024-10-21,45,Neutral,Follow up scheduled
A001803,D00019,R005,Email,2023-09-12,120,Positive,Budget approved
A001804,D00575,R002,Proposal Sent,2024-10-06,30,Positive,Stakeholder meeting set
A001805,D00751,R002,Proposal Sent,2024-04-27,120,Positive,Budget approved
A001806,D01004,R004,Call,2023-10-22,90,Neutral,Champion confirmed
A001807,D00419,R004,Follow-up,2024-11-19,45,Neutral,Awaiting legal review
A001808,D00419,R004,Follow-up,2024-11-29,60,Negative,Sent pricing deck
A001809,D00122,R004,Call,2023-10-23,90,Positive,Decision deferred
A001810,D00432,R005,Meeting,2024-09-03,30,Negative,
A001811,D00044,R005,Call,2024-08-21,60,Positive,Follow up scheduled
A001812,D00381,R001,Call,2024-07-21,30,Neutral,Follow up scheduled
A001813,D00145,R002,Email,2023-11-24,120,No Response,Follow up scheduled
A001814,D00363,R002,Demo,2023-09-07,60,Neutral,Budget approved
A001815,D01074,R004,Call,2023-07-21,60,Neutral,Champion confirmed
A001816,D01089,R005,Follow-up,2024-09-07,120,Positive,Budget approved
A001817,D00355,R001,Follow-up,2024-10-25,45,Positive,Champion confirmed
A001818,D00800,R004,Meeting,2024-12-10,90,Neutral,Decision deferred
A001819,D01188,R004,Follow-up,2023-06-13,120,Positive,Awaiting legal review
A001820,D01165,R004,Demo,2024-06-04,45,No Response,Champion confirmed
A001821,D00826,R002,Call,2023-07-21,45,No Response,Awaiting legal review
A001822,D01152,R004,Email,2024-12-29,45,Positive,Champion confirmed
A001823,D00398,R002,Follow-up,2023-04-20,90,No Response,Stakeholder meeting set
A001824,D00880,R005,Proposal Sent,2024-11-18,60,Neutral,Champion confirmed
A001825,D00463,R005,Meeting,2024-12-29,30,Positive,Sent pricing deck
A001826,D00808,R002,Call,2023-05-08,30,Positive,
A001827,D00187,R003,Demo,2023-07-30,45,Positive,Champion confirmed
A001828,D00732,R002,Call,2024-11-03,30,Neutral,Sent pricing deck
A001829,D00429,R003,Call,2024-04-27,30,Positive,
A001830,D00858,R002,Demo,2024-12-25,15,Neutral,Stakeholder meeting set
A001831,D00237,R002,Follow-up,2024-12-11,60,Positive,Champion confirmed
A001832,D00771,R002,Demo,2023-03-22,15,Positive,Sent pricing deck
A001833,D00758,R003,Email,2024-09-22,30,Positive,Decision deferred
A001834,D00136,R004,Email,2024-09-15,15,Neutral,Sent pricing deck
A001835,D00792,R005,Demo,2024-07-25,45,Neutral,
A001836,D00171,R002,Proposal Sent,2023-01-14,45,Neutral,Follow up scheduled
A001837,D00159,R005,Call,2023-10-28,30,No Response,Budget approved
A001838,D00201,R003,Meeting,2024-12-01,45,Positive,Decision deferred
A001839,D00962,R001,Demo,2023-08-17,15,Positive,Champion confirmed
A001840,D00583,R003,Email,2024-12-31,60,Negative,Sent pricing deck
A001841,D00876,R001,Email,2024-05-19,30,Negative,Stakeholder meeting set
A001842,D00371,R001,Email,2024-08-02,45,Negative,Champion confirmed
A001843,D00103,R002,Follow-up,2023-07-05,45,Neutral,Budget approved
A001844,D01002,R005,Email,2023-10-13,90,Negative,
A001845,D01149,R001,Demo,2024-12-01,120,Neutral,Stakeholder meeting set
A001846,D00976,R005,Meeting,2023-11-26,15,No Response,Awaiting legal review
A001847,D00798,R002,Call,2023-05-15,30,No Response,Decision deferred
A001848,D00658,R005,Meeting,2024-11-22,30,Positive,Awaiting legal review
A001849,D00882,R003,Follow-up,2024-01-09,60,Positive,Sent pricing deck
A001850,D00733,R005,Follow-up,2024-03-28,90,Neutral,Awaiting legal review
A001851,D00423,R005,Demo,2024-09-11,30,Positive,Follow up scheduled
A001852,D00572,R005,Meeting,2024-02-09,15,Positive,Budget approved
A001853,D00171,R002,Email,2023-01-27,45,Neutral,Awaiting legal review
A001854,D00173,R003,Demo,2023-09-29,120,Neutral,
A001855,D00663,R004,Email,2023-11-30,45,Positive,Champion confirmed
A001856,D00453,R001,Meeting,2024-01-14,15,No Response,Follow up scheduled
A001857,D00350,R004,Email,2024-12-28,15,Positive,Budget approved
A001858,D00494,R002,Meeting,2023-09-16,120,Positive,Follow up scheduled
A001859,D00620,R005,Call,2023-05-23,90,Positive,Sent pricing deck
A001860,D01028,R004,Proposal Sent,2024-10-02,30,Positive,Awaiting legal review
A001861,D01117,R005,Email,2023-04-07,60,No Response,Sent pricing deck
A001862,D00919,R004,Proposal Sent,2024-06-03,60,Negative,Stakeholder meeting set
A001863,D00006,R001,Proposal Sent,2024-12-11,120,Positive,Awaiting legal review
A001864,D00288,R002,Proposal Sent,2023-10-26,15,No Response,Follow up scheduled
A001865,D01170,R005,Proposal Sent,2023-05-10,60,Positive,Awaiting legal review
A001866,D00608,R003,Proposal Sent,2024-12-16,90,Negative,Awaiting legal review
A001867,D00457,R005,Call,2024-12-28,90,Positive,
A001868,D01030,R004,Follow-up,2024-05-23,60,Positive,Follow up scheduled
A001869,D00624,R003,Follow-up,2024-11-12,120,No Response,Budget approved
A001870,D00376,R005,Call,2023-06-01,120,Positive,Champion confirmed
A001871,D00447,R003,Meeting,2024-12-31,45,Positive,Champion confirmed
A001872,D00835,R003,Follow-up,2023-05-09,120,Negative,Champion confirmed
A001873,D01130,R001,Meeting,2023-07-23,90,Neutral,Stakeholder meeting set
A001874,D00811,R002,Follow-up,2024-03-14,45,Positive,Budget approved
A001875,D01120,R001,Proposal Sent,2024-12-09,30,Neutral,Sent pricing deck
A001876,D00959,R003,Meeting,2024-11-02,60,Positive,Follow up scheduled
A001877,D00849,R004,Meeting,2024-12-31,60,Neutral,Awaiting legal review
A001878,D00809,R005,Demo,2023-06-28,15,No Response,Stakeholder meeting set
A001879,D00979,R003,Meeting,2023-10-26,15,Positive,Budget approved
A001880,D00416,R001,Meeting,2024-12-04,15,Positive,Stakeholder meeting set
A001881,D00726,R001,Meeting,2024-07-12,30,No Response,Champion confirmed
A001882,D00454,R005,Email,2024-12-31,90,Positive,
A001883,D00150,R004,Proposal Sent,2024-03-07,30,Positive,Follow up scheduled
A001884,D00759,R002,Demo,2024-07-19,90,Negative,Stakeholder meeting set
A001885,D00779,R003,Demo,2024-03-17,30,Positive,
A001886,D00973,R005,Meeting,2023-12-16,60,Negative,Follow up scheduled
A001887,D00763,R005,Call,2024-04-15,15,Positive,
A001888,D01002,R005,Proposal Sent,2023-06-29,30,Negative,Sent pricing deck
A001889,D00076,R002,Demo,2024-12-11,90,Neutral,Decision deferred
A001890,D00599,R001,Email,2023-01-27,30,Positive,Follow up scheduled
A001891,D00225,R005,Demo,2023-08-01,45,Positive,Follow up scheduled
A001892,D00113,R003,Email,2024-07-11,45,Positive,Follow up scheduled
A001893,D00251,R002,Follow-up,2024-06-26,120,Positive,Champion confirmed
A001894,D00841,R004,Meeting,2024-12-29,60,Neutral,Champion confirmed
A001895,D00714,R001,Proposal Sent,2024-11-05,60,Positive,Awaiting legal review
A001896,D01107,R005,Meeting,2024-10-15,30,Positive,Budget approved
A001897,D00125,R001,Proposal Sent,2024-01-25,30,Negative,Follow up scheduled
A001898,D01199,R004,Email,2023-03-30,90,Positive,Champion confirmed
A001899,D01093,R003,Call,2024-05-16,90,Positive,Champion confirmed
A001900,D01071,R001,Meeting,2023-05-23,120,No Response,Budget approved
A001901,D00884,R005,Meeting,2024-10-10,90,Neutral,Awaiting legal review
A001902,D00030,R003,Demo,2024-04-23,60,Negative,Decision deferred
A001903,D00281,R001,Proposal Sent,2023-03-18,60,Neutral,Stakeholder meeting set
A001904,D00924,R004,Proposal Sent,2023-03-23,90,Negative,Decision deferred
A001905,D00368,R004,Demo,2024-06-17,30,Neutral,Stakeholder meeting set
A001906,D00495,R004,Meeting,2024-07-11,15,Positive,Decision deferred
A001907,D01049,R001,Email,2024-07-27,30,Positive,Budget approved
A001908,D00718,R003,Demo,2024-12-22,60,Negative,
A001909,D01017,R001,Email,2024-03-22,30,Positive,Stakeholder meeting set
A001910,D00606,R003,Proposal Sent,2023-11-27,120,Positive,Budget approved
A001911,D00375,R002,Proposal Sent,2024-03-01,120,Positive,Follow up scheduled
A001912,D00639,R005,Email,2023-06-02,60,Neutral,Follow up scheduled
A001913,D01049,R001,Proposal Sent,2024-09-24,15,Negative,Champion confirmed
A001914,D00116,R005,Call,2024-05-02,60,Neutral,Budget approved
A001915,D00048,R005,Demo,2024-12-31,60,Neutral,Follow up scheduled
A001916,D00099,R005,Proposal Sent,2024-03-03,60,Negative,Awaiting legal review
A001917,D00405,R001,Demo,2023-06-22,30,Neutral,Stakeholder meeting set
A001918,D00685,R002,Proposal Sent,2023-04-19,45,Positive,Decision deferred
A001919,D00903,R003,Call,2023-07-14,30,Negative,Budget approved
A001920,D00503,R001,Proposal Sent,2024-11-09,30,Positive,Awaiting legal review
A001921,D00894,R004,Follow-up,2023-03-10,15,Positive,
A001922,D00258,R005,Meeting,2024-09-18,15,Positive,Follow up scheduled
A001923,D00844,R001,Email,2024-10-12,15,No Response,Follow up scheduled
A001924,D00121,R002,Call,2024-07-03,60,Neutral,Sent pricing deck
A001925,D00810,R001,Email,2024-11-30,90,Negative,Awaiting legal review
A001926,D00978,R004,Meeting,2023-01-22,15,Positive,
A001927,D00054,R001,Email,2023-08-23,90,Neutral,Sent pricing deck
A001928,D01019,R004,Email,2023-12-15,90,Negative,Decision deferred
A001929,D00784,R001,Demo,2024-04-30,60,No Response,Decision deferred
A001930,D00241,R005,Demo,2024-03-06,120,Neutral,Champion confirmed
A001931,D00483,R003,Email,2024-08-27,15,Positive,Sent pricing deck
A001932,D01013,R001,Email,2024-01-05,30,Negative,Sent pricing deck
A001933,D00187,R003,Proposal Sent,2023-07-15,120,Positive,Follow up scheduled
A001934,D00656,R002,Email,2024-09-01,120,Negative,Decision deferred
A001935,D00262,R001,Follow-up,2024-11-28,15,Neutral,Follow up scheduled
A001936,D00953,R001,Demo,2024-03-23,60,Positive,Stakeholder meeting set
A001937,D00491,R005,Email,2023-09-08,90,Negative,Follow up scheduled
A001938,D00431,R003,Meeting,2024-01-06,60,Positive,
A001939,D00239,R004,Call,2024-04-05,15,Positive,Sent pricing deck
A001940,D00304,R005,Demo,2024-04-19,60,Positive,
A001941,D00298,R005,Call,2024-07-11,60,Positive,
A001942,D00076,R002,Email,2024-11-28,60,Negative,Follow up scheduled
A001943,D00999,R002,Call,2024-12-22,60,Positive,
A001944,D00642,R005,Proposal Sent,2024-08-16,30,Positive,Sent pricing deck
A001945,D00827,R001,Call,2023-11-09,60,Negative,Budget approved
A001946,D00283,R001,Call,2024-12-07,120,Neutral,Budget approved
A001947,D00591,R004,Email,2023-11-25,60,Positive,Decision deferred
A001948,D00072,R003,Meeting,2024-10-28,45,Positive,Sent pricing deck
A001949,D00703,R002,Follow-up,2024-07-28,90,Positive,
A001950,D00575,R002,Call,2024-11-09,15,Neutral,Follow up scheduled
A001951,D01000,R005,Email,2024-02-08,90,Neutral,Stakeholder meeting set
A001952,D00892,R005,Meeting,2024-11-25,15,Positive,Champion confirmed
A001953,D00012,R004,Email,2024-08-30,60,No Response,Follow up scheduled
A001954,D00141,R005,Demo,2023-06-16,60,Positive,Awaiting legal review
A001955,D00017,R005,Proposal Sent,2024-12-26,45,No Response,Awaiting legal review
A001956,D01087,R001,Follow-up,2024-01-25,120,Neutral,Budget approved
A001957,D00253,R001,Demo,2023-11-24,90,Positive,Follow up scheduled
A001958,D00465,R003,Follow-up,2024-09-01,30,Neutral,Sent pricing deck
A001959,D00376,R005,Email,2023-04-08,60,Negative,Follow up scheduled
A001960,D00981,R002,Email,2024-09-30,60,Neutral,Champion confirmed
A001961,D00520,R004,Meeting,2024-06-11,45,Neutral,Budget approved
A001962,D00090,R002,Call,2023-09-11,30,Negative,Follow up scheduled
A001963,D00720,R003,Proposal Sent,2023-11-27,15,Positive,Sent pricing deck
A001964,D00804,R002,Email,2023-05-17,90,Negative,Awaiting legal review
A001965,D00796,R003,Email,2024-07-31,15,Positive,Follow up scheduled
A001966,D00630,R004,Email,2024-01-19,45,Positive,Sent pricing deck
A001967,D01199,R004,Demo,2023-07-25,45,Negative,Awaiting legal review
A001968,D00076,R002,Demo,2024-12-21,30,Positive,Budget approved
A001969,D00926,R002,Proposal Sent,2024-01-19,120,Neutral,Stakeholder meeting set
A001970,D00400,R004,Call,2024-12-19,30,Neutral,Sent pricing deck
A001971,D00970,R001,Follow-up,2024-11-02,15,Negative,Champion confirmed
A001972,D01095,R001,Call,2023-05-30,15,No Response,Follow up scheduled
A001973,D01148,R004,Proposal Sent,2024-04-02,120,Negative,Decision deferred
A001974,D00797,R002,Follow-up,2023-10-07,60,No Response,Champion confirmed
A001975,D00195,R002,Meeting,2024-10-12,120,Positive,
A001976,D00228,R001,Meeting,2024-11-01,30,Positive,
A001977,D00461,R001,Proposal Sent,2024-07-13,45,Negative,Decision deferred
A001978,D00618,R002,Proposal Sent,2023-03-30,60,Negative,Decision deferred
A001979,D01045,R002,Call,2024-04-28,120,Negative,Stakeholder meeting set
A001980,D00064,R001,Meeting,2024-12-30,45,No Response,Champion confirmed
A001981,D00165,R003,Proposal Sent,2024-12-31,30,No Response,Awaiting legal review
A001982,D00027,R001,Meeting,2023-09-23,120,Positive,Sent pricing deck
A001983,D01012,R003,Call,2023-05-09,45,Neutral,Sent pricing deck
A001984,D00285,R002,Meeting,2024-04-20,90,Positive,Follow up scheduled
A001985,D00281,R001,Email,2023-03-08,45,Positive,Sent pricing deck
A001986,D00838,R004,Call,2023-07-08,45,Neutral,Decision deferred
A001987,D00831,R005,Follow-up,2024-01-11,15,Positive,Stakeholder meeting set
A001988,D01188,R004,Meeting,2023-03-16,120,Negative,Champion confirmed
A001989,D00918,R003,Demo,2024-06-21,45,Positive,Awaiting legal review
A001990,D00224,R004,Proposal Sent,2023-10-15,90,Neutral,
A001991,D00784,R001,Email,2024-01-29,45,Neutral,Stakeholder meeting set
A001992,D01170,R005,Meeting,2023-04-02,15,Negative,Champion confirmed
A001993,D00965,R001,Follow-up,2023-07-02,30,Positive,Decision deferred
A001994,D00950,R002,Follow-up,2024-04-11,15,Negative,Awaiting legal review
A001995,D01054,R002,Follow-up,2023-06-25,90,No Response,Stakeholder meeting set
A001996,D00045,R001,Call,2023-05-25,90,Negative,Follow up scheduled
A001997,D00471,R002,Email,2024-04-08,90,No Response,Awaiting legal review
A001998,D00034,R003,Email,2024-07-16,15,Neutral,Sent pricing deck
A001999,D00653,R004,Follow-up,2024-04-18,15,Positive,Stakeholder meeting set
A002000,D00830,R005,Email,2024-12-01,60,Positive,
A002001,D00221,R002,Proposal Sent,2024-06-12,45,Negative,Sent pricing deck
A002002,D00534,R004,Email,2023-02-06,30,Positive,Decision deferred
A002003,D00692,R004,Call,2023-06-07,90,No Response,Awaiting legal review
A002004,D00932,R001,Proposal Sent,2023-10-18,90,Positive,Awaiting legal review
A002005,D00841,R004,Call,2024-12-28,30,Neutral,Champion confirmed
A002006,D01011,R005,Email,2023-04-29,45,Neutral,Sent pricing deck
A002007,D00582,R003,Follow-up,2024-01-08,60,No Response,Champion confirmed
A002008,D01140,R003,Demo,2024-12-30,45,Negative,Sent pricing deck
A002009,D00239,R004,Call,2024-04-15,30,No Response,Decision deferred
A002010,D00441,R002,Call,2024-08-24,15,Neutral,Sent pricing deck
A002011,D00148,R003,Follow-up,2023-05-06,60,Negative,Sent pricing deck
A002012,D01033,R003,Meeting,2024-09-07,15,Neutral,Champion confirmed
A002013,D00388,R003,Email,2023-07-30,30,Positive,Budget approved
A002014,D01074,R004,Email,2023-09-18,120,Neutral,Champion confirmed
A002015,D00916,R002,Proposal Sent,2023-03-05,30,Positive,Sent pricing deck
A002016,D00638,R005,Meeting,2024-02-27,60,Positive,Champion confirmed
A002017,D00278,R002,Call,2023-06-11,90,Neutral,Champion confirmed
A002018,D00989,R001,Call,2023-03-26,45,Positive,Decision deferred
A002019,D00589,R004,Meeting,2024-12-23,60,No Response,Decision deferred
A002020,D00649,R004,Proposal Sent,2023-03-20,30,Neutral,Budget approved
A002021,D00618,R002,Proposal Sent,2023-05-12,90,Positive,Decision deferred
A002022,D00135,R004,Call,2023-12-11,45,Positive,Awaiting legal review
A002023,D00580,R001,Demo,2024-03-22,45,Positive,Budget approved
A002024,D01171,R005,Call,2023-07-01,120,Neutral,Awaiting legal review
A002025,D00490,R005,Email,2024-02-25,15,Positive,Champion confirmed
A002026,D00478,R002,Email,2024-04-23,60,Positive,Follow up scheduled
A002027,D01183,R001,Proposal Sent,2023-07-13,60,Neutral,Stakeholder meeting set
A002028,D00384,R003,Follow-up,2024-03-01,45,Neutral,Follow up scheduled
A002029,D00163,R004,Follow-up,2023-09-08,60,Neutral,Decision deferred
A002030,D00441,R002,Meeting,2024-08-11,90,Neutral,Follow up scheduled
A002031,D00415,R004,Demo,2023-06-28,90,Positive,Decision deferred
A002032,D00288,R002,Follow-up,2023-07-01,120,Positive,Awaiting legal review
A002033,D00187,R003,Meeting,2023-07-31,30,Positive,Decision deferred
A002034,D01162,R001,Follow-up,2023-10-11,60,Positive,Follow up scheduled
A002035,D00130,R005,Call,2024-05-13,30,Positive,Budget approved
A002036,D00194,R005,Proposal Sent,2023-10-21,15,Positive,Stakeholder meeting set
A002037,D00316,R004,Follow-up,2023-06-20,90,Neutral,
A002038,D00144,R005,Call,2024-01-02,120,Neutral,Champion confirmed
A002039,D00016,R003,Demo,2023-08-06,60,No Response,Stakeholder meeting set
A002040,D00423,R005,Demo,2024-11-17,15,Neutral,Decision deferred
A002041,D00245,R005,Follow-up,2024-04-06,60,Positive,Sent pricing deck
A002042,D00927,R004,Email,2023-10-02,60,Neutral,Awaiting legal review
A002043,D01131,R002,Meeting,2023-06-19,15,Positive,Awaiting legal review
A002044,D01112,R001,Demo,2023-05-07,60,No Response,
A002045,D00129,R005,Meeting,2023-11-30,15,Positive,Stakeholder meeting set
A002046,D00907,R001,Demo,2023-04-01,120,No Response,Champion confirmed
A002047,D00887,R003,Email,2024-10-14,15,Neutral,Stakeholder meeting set
A002048,D00341,R005,Call,2024-05-23,15,Negative,Decision deferred
A002049,D00004,R004,Call,2023-09-09,120,Positive,Decision deferred
A002050,D00306,R003,Meeting,2023-12-29,30,No Response,Decision deferred
A002051,D00908,R005,Email,2024-12-13,60,Neutral,Champion confirmed
A002052,D00607,R002,Call,2024-03-14,120,Neutral,Awaiting legal review
A002053,D00992,R001,Demo,2024-08-09,90,Positive,Decision deferred
A002054,D00321,R002,Meeting,2023-08-02,30,Positive,
A002055,D00559,R001,Email,2024-01-09,90,Positive,
A002056,D00618,R002,Follow-up,2023-03-28,15,Neutral,Decision deferred
A002057,D00711,R002,Proposal Sent,2024-09-07,120,Neutral,Champion confirmed
A002058,D01132,R002,Meeting,2023-05-18,45,Positive,Stakeholder meeting set
A002059,D00531,R003,Demo,2023-09-06,15,Neutral,Follow up scheduled
A002060,D00410,R001,Demo,2024-12-12,15,Positive,Sent pricing deck
A002061,D00818,R001,Demo,2023-07-14,120,Neutral,Budget approved
A002062,D01195,R002,Call,2023-12-21,30,Neutral,Decision deferred
A002063,D00493,R001,Follow-up,2023-06-24,15,Positive,Awaiting legal review
A002064,D00012,R004,Meeting,2024-07-12,30,Positive,Stakeholder meeting set
A002065,D00195,R002,Call,2024-07-16,120,Neutral,Champion confirmed
A002066,D00490,R005,Follow-up,2023-12-23,30,Neutral,Decision deferred
A002067,D00795,R002,Follow-up,2023-11-14,45,Positive,
A002068,D00881,R002,Call,2023-04-03,90,Positive,Awaiting legal review
A002069,D00182,R005,Proposal Sent,2023-12-25,30,Negative,Follow up scheduled
A002070,D00962,R001,Proposal Sent,2023-10-19,15,No Response,Awaiting legal review
A002071,D00656,R002,Email,2024-08-17,60,Negative,Awaiting legal review
A002072,D00694,R001,Meeting,2023-06-21,90,Neutral,Budget approved
A002073,D00030,R003,Call,2024-03-15,30,No Response,Budget approved
A002074,D01120,R001,Demo,2024-11-24,45,Positive,Follow up scheduled
A002075,D00778,R005,Email,2023-05-21,60,Positive,
A002076,D00444,R005,Email,2024-06-02,120,Neutral,Budget approved
A002077,D00298,R005,Follow-up,2024-10-03,45,Neutral,Sent pricing deck
A002078,D00808,R002,Follow-up,2023-02-25,120,Positive,Awaiting legal review
A002079,D00845,R005,Call,2023-07-15,90,No Response,Decision deferred
A002080,D01016,R001,Email,2023-10-20,90,Positive,Sent pricing deck
A002081,D00554,R004,Demo,2023-02-07,15,Positive,Follow up scheduled
A002082,D00303,R002,Proposal Sent,2023-04-15,60,Neutral,Awaiting legal review
A002083,D00421,R005,Follow-up,2024-02-19,120,Negative,Sent pricing deck
A002084,D00185,R003,Call,2024-10-18,120,Positive,Decision deferred
A002085,D00468,R004,Call,2023-08-01,120,Positive,Follow up scheduled
A002086,D00754,R002,Proposal Sent,2023-02-12,90,Positive,
A002087,D00363,R002,Meeting,2023-10-04,120,Positive,Stakeholder meeting set
A002088,D00336,R001,Demo,2023-05-25,120,Positive,Budget approved
A002089,D00162,R004,Meeting,2024-05-06,30,No Response,Champion confirmed
A002090,D01184,R001,Demo,2024-08-07,15,Negative,Sent pricing deck
A002091,D00012,R004,Demo,2024-07-25,30,Negative,Stakeholder meeting set
A002092,D01097,R002,Follow-up,2024-06-15,60,Negative,
A002093,D00588,R004,Follow-up,2024-08-09,90,Neutral,Decision deferred
A002094,D00201,R003,Email,2024-12-09,30,Positive,
A002095,D00522,R004,Proposal Sent,2024-08-25,90,Positive,Champion confirmed
A002096,D00505,R003,Demo,2024-01-27,45,Negative,Follow up scheduled
A002097,D00788,R003,Proposal Sent,2023-04-09,60,Positive,Awaiting legal review
A002098,D01063,R001,Demo,2024-07-06,30,Positive,Champion confirmed
A002099,D00060,R004,Follow-up,2023-04-01,45,No Response,Budget approved
A002100,D00578,R005,Follow-up,2023-12-05,45,Neutral,Decision deferred
A002101,D00321,R002,Demo,2023-08-07,120,Negative,Awaiting legal review
A002102,D00923,R001,Demo,2023-10-05,60,Neutral,Sent pricing deck
A002103,D00569,R001,Follow-up,2024-09-24,30,Negative,Champion confirmed
A002104,D01102,R001,Follow-up,2023-02-10,45,Negative,
A002105,D00527,R001,Call,2023-12-13,60,No Response,Stakeholder meeting set
A002106,D00524,R001,Email,2024-12-30,15,No Response,Follow up scheduled
A002107,D00613,R005,Proposal Sent,2024-12-25,45,No Response,
A002108,D01180,R004,Email,2023-09-25,15,No Response,Decision deferred
A002109,D00125,R001,Email,2024-01-17,30,Positive,Awaiting legal review
A002110,D00871,R001,Email,2024-08-30,90,Positive,
A002111,D00280,R003,Follow-up,2024-06-10,120,Positive,Champion confirmed
A002112,D00917,R001,Follow-up,2023-08-09,60,Positive,Sent pricing deck
A002113,D00622,R002,Email,2024-09-01,120,Positive,
A002114,D00846,R003,Proposal Sent,2024-05-02,30,Neutral,Stakeholder meeting set
A002115,D00674,R002,Meeting,2023-04-22,15,No Response,Champion confirmed
A002116,D01152,R004,Proposal Sent,2024-12-23,120,Neutral,Stakeholder meeting set
A002117,D00314,R002,Call,2024-10-12,90,Positive,Awaiting legal review
A002118,D00332,R001,Follow-up,2024-03-16,15,Neutral,Budget approved
A002119,D01174,R002,Call,2024-07-09,90,Neutral,Champion confirmed
A002120,D00036,R001,Follow-up,2023-12-03,90,Positive,Follow up scheduled
A002121,D01046,R003,Call,2023-06-24,60,Neutral,Budget approved
A002122,D00206,R004,Demo,2024-02-05,45,Neutral,Budget approved
A002123,D00639,R005,Demo,2023-08-09,45,Positive,Follow up scheduled
A002124,D00848,R004,Meeting,2023-11-04,90,No Response,Decision deferred
A002125,D00440,R005,Meeting,2023-08-08,30,Positive,Stakeholder meeting set
A002126,D00729,R003,Follow-up,2023-02-18,30,Positive,
A002127,D01120,R001,Demo,2024-12-24,90,Positive,Awaiting legal review
A002128,D00941,R001,Follow-up,2024-05-23,45,Positive,Champion confirmed
A002129,D00164,R002,Proposal Sent,2023-08-16,90,Positive,Follow up scheduled
A002130,D00148,R003,Proposal Sent,2023-04-28,120,Negative,Awaiting legal review
A002131,D00294,R001,Proposal Sent,2024-09-03,45,Neutral,Champion confirmed
A002132,D00195,R002,Follow-up,2024-11-07,60,Positive,Sent pricing deck
A002133,D00663,R004,Meeting,2023-11-20,90,Positive,Champion confirmed
A002134,D00480,R003,Follow-up,2023-06-30,15,Neutral,Champion confirmed
A002135,D00123,R004,Meeting,2024-04-29,120,Neutral,
A002136,D00699,R005,Meeting,2024-10-08,15,No Response,Champion confirmed
A002137,D00965,R001,Follow-up,2023-05-27,15,Neutral,Follow up scheduled
A002138,D00661,R003,Proposal Sent,2024-02-04,90,Positive,Decision deferred
A002139,D01128,R003,Call,2023-06-16,30,Negative,Stakeholder meeting set
A002140,D00710,R002,Email,2023-12-28,30,No Response,Awaiting legal review
A002141,D00396,R005,Proposal Sent,2024-09-23,90,Positive,Stakeholder meeting set
A002142,D00912,R004,Email,2023-12-23,120,Positive,Sent pricing deck
A002143,D01005,R005,Call,2024-02-13,120,Negative,Stakeholder meeting set
A002144,D01166,R005,Call,2024-09-02,60,Positive,Stakeholder meeting set
A002145,D00317,R001,Demo,2024-10-23,90,Neutral,Budget approved
A002146,D00681,R005,Follow-up,2024-05-03,15,Positive,Decision deferred
A002147,D00495,R004,Demo,2024-05-23,60,Neutral,Budget approved
A002148,D00556,R003,Proposal Sent,2024-08-24,45,No Response,Champion confirmed
A002149,D00610,R004,Demo,2024-06-12,45,Positive,
A002150,D00109,R005,Call,2023-05-13,15,Positive,Sent pricing deck
A002151,D00372,R005,Demo,2024-05-28,15,Positive,Budget approved
A002152,D00855,R002,Demo,2024-11-05,90,Positive,
A002153,D00616,R003,Meeting,2024-07-10,15,Negative,Sent pricing deck
A002154,D00768,R003,Proposal Sent,2024-12-06,30,No Response,Sent pricing deck
A002155,D00206,R004,Call,2024-01-17,60,Neutral,Follow up scheduled
A002156,D00847,R003,Meeting,2023-11-20,45,Positive,Awaiting legal review
A002157,D00043,R002,Call,2024-02-03,30,No Response,Champion confirmed
A002158,D00865,R002,Follow-up,2023-08-07,120,Positive,Awaiting legal review
A002159,D00785,R005,Demo,2024-03-16,60,Neutral,Stakeholder meeting set
A002160,D00476,R005,Follow-up,2024-01-07,15,No Response,Stakeholder meeting set
A002161,D00083,R001,Demo,2024-08-31,45,Neutral,Follow up scheduled
A002162,D01134,R004,Meeting,2024-07-26,30,Negative,Awaiting legal review
A002163,D00190,R004,Meeting,2023-07-28,60,Neutral,Budget approved
A002164,D00800,R004,Call,2024-12-13,120,Positive,Awaiting legal review
A002165,D00936,R005,Call,2024-07-31,90,Negative,Follow up scheduled
A002166,D00251,R002,Follow-up,2024-05-26,60,Positive,Decision deferred
A002167,D00291,R001,Follow-up,2024-04-03,30,Neutral,Awaiting legal review
A002168,D00326,R003,Follow-up,2024-12-11,30,No Response,Awaiting legal review
A002169,D00837,R001,Proposal Sent,2024-09-22,15,Positive,Decision deferred
A002170,D00508,R004,Email,2024-01-22,90,Neutral,Stakeholder meeting set
A002171,D00731,R003,Email,2023-06-01,60,Positive,Follow up scheduled
A002172,D00072,R003,Follow-up,2024-10-29,60,Positive,Sent pricing deck
A002173,D00641,R005,Follow-up,2024-07-21,15,Positive,Follow up scheduled
A002174,D00940,R003,Proposal Sent,2024-12-18,30,Positive,Follow up scheduled
A002175,D00608,R003,Meeting,2024-11-07,90,Neutral,Decision deferred
A002176,D00566,R001,Email,2024-09-14,60,Positive,Sent pricing deck
A002177,D00054,R001,Follow-up,2023-07-05,30,Neutral,Champion confirmed
A002178,D00528,R002,Follow-up,2024-04-30,120,No Response,Sent pricing deck
A002179,D00611,R003,Proposal Sent,2024-12-22,30,Neutral,Awaiting legal review
A002180,D00193,R004,Follow-up,2024-03-21,90,Positive,Follow up scheduled
A002181,D00058,R001,Demo,2024-08-20,30,Positive,Sent pricing deck
A002182,D01135,R003,Call,2023-02-20,60,Positive,Follow up scheduled
A002183,D00129,R005,Proposal Sent,2023-12-04,30,No Response,Champion confirmed
A002184,D00706,R002,Meeting,2024-03-27,60,Negative,Decision deferred
A002185,D00852,R002,Email,2024-04-13,45,Positive,Stakeholder meeting set
A002186,D00008,R005,Follow-up,2023-04-18,90,Neutral,
A002187,D00029,R004,Call,2023-04-22,90,No Response,Follow up scheduled
A002188,D01136,R005,Call,2023-03-05,30,Positive,Follow up scheduled
A002189,D00947,R005,Call,2024-08-27,60,No Response,Follow up scheduled
A002190,D00131,R005,Demo,2024-12-15,45,Neutral,Awaiting legal review
A002191,D00188,R003,Proposal Sent,2024-12-09,90,Positive,Budget approved
A002192,D00709,R002,Meeting,2023-11-16,15,Negative,Awaiting legal review
A002193,D00212,R001,Follow-up,2023-12-08,15,Neutral,Budget approved
A002194,D00276,R005,Call,2024-09-13,120,Neutral,Stakeholder meeting set
A002195,D01097,R002,Demo,2024-05-04,60,Positive,
A002196,D00243,R005,Demo,2024-12-17,60,Neutral,Budget approved
A002197,D01126,R005,Meeting,2024-07-26,15,Negative,Budget approved
A002198,D00987,R003,Demo,2024-12-04,60,Neutral,Follow up scheduled
A002199,D00685,R002,Email,2023-02-27,30,No Response,
A002200,D00171,R002,Call,2023-05-05,90,Positive,Awaiting legal review
A002201,D00653,R004,Email,2024-03-30,90,Positive,Decision deferred
A002202,D00188,R003,Follow-up,2024-12-14,120,Positive,Awaiting legal review
A002203,D01110,R005,Email,2024-05-11,60,Positive,Stakeholder meeting set
A002204,D00052,R002,Meeting,2024-09-13,15,Neutral,Awaiting legal review
A002205,D00111,R001,Demo,2024-05-31,60,Negative,Awaiting legal review
A002206,D00877,R001,Proposal Sent,2023-11-29,15,Negative,Sent pricing deck
A002207,D01067,R003,Follow-up,2024-06-20,60,Positive,
A002208,D00211,R003,Proposal Sent,2024-03-28,45,Neutral,Decision deferred
A002209,D00858,R002,Proposal Sent,2024-10-26,90,Positive,Sent pricing deck
A002210,D00627,R005,Call,2023-07-18,45,Positive,Stakeholder meeting set
A002211,D01050,R002,Demo,2023-10-03,120,Neutral,Sent pricing deck
A002212,D00299,R002,Meeting,2024-10-29,15,Positive,Sent pricing deck
A002213,D01101,R005,Proposal Sent,2024-12-29,120,Positive,Follow up scheduled
A002214,D00924,R004,Meeting,2023-05-16,15,No Response,Sent pricing deck
A002215,D00137,R002,Email,2023-03-02,120,Neutral,Awaiting legal review
A002216,D01044,R004,Email,2024-06-11,45,Positive,
A002217,D00440,R005,Follow-up,2023-07-03,15,Negative,Follow up scheduled
A002218,D00211,R003,Demo,2024-02-06,15,Positive,Champion confirmed
A002219,D00752,R002,Proposal Sent,2023-03-04,90,Positive,
A002220,D00435,R004,Meeting,2023-07-06,60,Neutral,Budget approved
A002221,D00780,R002,Email,2023-06-24,120,Positive,Sent pricing deck
A002222,D00439,R001,Email,2023-10-29,90,No Response,Follow up scheduled
A002223,D00666,R005,Meeting,2024-11-22,15,Negative,
A002224,D01066,R005,Follow-up,2024-01-11,45,Positive,Decision deferred
A002225,D00411,R005,Demo,2024-02-17,15,Positive,Budget approved
A002226,D00806,R001,Meeting,2024-02-26,30,Neutral,Champion confirmed
A002227,D00610,R004,Follow-up,2024-06-12,90,Positive,Sent pricing deck
A002228,D00427,R005,Follow-up,2023-08-16,30,Neutral,
A002229,D00902,R005,Proposal Sent,2024-11-01,90,Neutral,
A002230,D00942,R004,Follow-up,2023-12-13,120,Neutral,Stakeholder meeting set
A002231,D00742,R004,Call,2023-09-27,90,Neutral,
A002232,D00328,R004,Demo,2024-03-22,45,Negative,Decision deferred
A002233,D00052,R002,Call,2024-10-02,60,Neutral,Budget approved
A002234,D00376,R005,Follow-up,2023-06-29,30,Positive,Sent pricing deck
A002235,D00263,R002,Demo,2024-03-02,15,Positive,Champion confirmed
A002236,D00267,R005,Demo,2024-12-31,15,No Response,Stakeholder meeting set
A002237,D00359,R001,Call,2023-06-06,30,Neutral,Champion confirmed
A002238,D00652,R002,Meeting,2023-10-18,60,Negative,Awaiting legal review
A002239,D00046,R001,Proposal Sent,2024-06-26,120,Neutral,Awaiting legal review
A002240,D00600,R003,Email,2024-09-03,120,Neutral,Awaiting legal review
A002241,D00720,R003,Email,2024-01-08,90,Positive,
A002242,D00601,R004,Meeting,2024-12-04,45,Neutral,Follow up scheduled
A002243,D00381,R001,Demo,2024-07-31,90,Positive,Awaiting legal review
A002244,D00118,R005,Proposal Sent,2024-07-31,15,Positive,Follow up scheduled
A002245,D00116,R005,Email,2024-04-23,30,No Response,Stakeholder meeting set
A002246,D00260,R005,Meeting,2023-03-27,30,Positive,Follow up scheduled
A002247,D01099,R004,Demo,2023-12-14,60,Positive,Stakeholder meeting set
A002248,D00305,R004,Proposal Sent,2023-02-14,90,Neutral,Awaiting legal review
A002249,D00007,R001,Call,2024-06-19,45,Positive,Champion confirmed
A002250,D00366,R002,Call,2024-06-13,60,Negative,Sent pricing deck
A002251,D00523,R001,Email,2024-05-27,15,Neutral,Follow up scheduled
A002252,D00429,R003,Follow-up,2024-05-05,90,Positive,Sent pricing deck
A002253,D00791,R003,Demo,2024-12-05,60,Neutral,Stakeholder meeting set
A002254,D00747,R003,Call,2023-11-21,30,Positive,Stakeholder meeting set
A002255,D00367,R004,Proposal Sent,2024-12-20,60,Positive,Champion confirmed
A002256,D00313,R002,Follow-up,2023-08-04,60,Negative,Champion confirmed
A002257,D00538,R005,Demo,2023-06-02,120,No Response,Follow up scheduled
A002258,D00921,R002,Email,2024-02-01,30,Positive,Awaiting legal review
A002259,D01078,R005,Call,2024-11-19,45,Neutral,
A002260,D00865,R002,Call,2023-08-08,15,Positive,Stakeholder meeting set
A002261,D01188,R004,Proposal Sent,2023-04-19,30,Negative,
A002262,D00782,R002,Proposal Sent,2023-08-27,15,Negative,Decision deferred
A002263,D00334,R002,Demo,2024-03-20,60,No Response,Budget approved
A002264,D00798,R002,Follow-up,2023-06-06,90,Positive,Budget approved
A002265,D00348,R003,Email,2024-09-06,45,Positive,Champion confirmed
A002266,D00273,R005,Meeting,2023-08-23,15,Neutral,Budget approved
A002267,D00963,R003,Meeting,2024-09-02,30,Positive,Awaiting legal review
A002268,D00720,R003,Meeting,2023-10-12,30,Neutral,Follow up scheduled
A002269,D00500,R002,Demo,2024-07-23,45,Negative,Decision deferred
A002270,D01117,R005,Meeting,2023-03-08,60,Neutral,
A002271,D00685,R002,Proposal Sent,2023-03-19,90,Neutral,
A002272,D00079,R002,Demo,2023-10-30,45,Positive,Budget approved
A002273,D00622,R002,Meeting,2024-09-20,45,No Response,Champion confirmed
A002274,D00947,R005,Email,2024-09-21,15,No Response,Decision deferred
A002275,D00358,R001,Proposal Sent,2024-01-19,120,No Response,Awaiting legal review
A002276,D00618,R002,Email,2023-06-17,120,Positive,Awaiting legal review
A002277,D00507,R004,Follow-up,2023-02-10,60,Positive,Sent pricing deck
A002278,D00576,R004,Proposal Sent,2023-09-01,30,Positive,Champion confirmed
A002279,D00244,R005,Proposal Sent,2023-03-11,15,Positive,Budget approved
A002280,D00506,R002,Demo,2024-12-16,45,Neutral,Champion confirmed
A002281,D00422,R005,Follow-up,2023-12-22,120,Positive,Sent pricing deck
A002282,D01111,R002,Email,2023-05-19,45,Neutral,Awaiting legal review
A002283,D00217,R004,Follow-up,2024-07-25,30,Negative,Champion confirmed
A002284,D01009,R005,Email,2024-02-25,60,Positive,Awaiting legal review
A002285,D01193,R004,Proposal Sent,2023-04-23,45,Neutral,Stakeholder meeting set
A002286,D00330,R004,Email,2023-11-07,60,Positive,Decision deferred
A002287,D00650,R002,Follow-up,2024-08-09,45,Positive,Follow up scheduled
A002288,D00391,R002,Meeting,2023-05-12,120,Positive,
A002289,D00381,R001,Proposal Sent,2024-04-28,60,Neutral,Decision deferred
A002290,D00742,R004,Demo,2023-08-13,60,No Response,Stakeholder meeting set
A002291,D00820,R002,Call,2024-05-23,15,Negative,Sent pricing deck
A002292,D00673,R001,Follow-up,2024-08-22,15,Positive,Follow up scheduled
A002293,D00513,R005,Proposal Sent,2023-03-26,30,Neutral,
A002294,D00949,R001,Email,2024-11-26,60,Neutral,Stakeholder meeting set
A002295,D00930,R003,Demo,2023-05-21,45,Neutral,Stakeholder meeting set
A002296,D00913,R002,Meeting,2023-10-26,60,Positive,Awaiting legal review
A002297,D00644,R004,Follow-up,2023-05-29,45,Positive,Follow up scheduled
A002298,D00427,R005,Follow-up,2023-09-05,90,Neutral,Decision deferred
A002299,D00502,R005,Call,2024-12-21,15,No Response,Awaiting legal review
A002300,D00730,R002,Proposal Sent,2023-03-29,15,No Response,Stakeholder meeting set
A002301,D00071,R003,Proposal Sent,2024-02-24,45,Positive,Budget approved
A002302,D00478,R002,Proposal Sent,2024-04-17,90,No Response,Budget approved
A002303,D00457,R005,Email,2024-12-28,45,Positive,Champion confirmed
A002304,D00189,R003,Follow-up,2023-07-03,30,Negative,Decision deferred
A002305,D00291,R001,Proposal Sent,2024-04-19,90,Neutral,
A002306,D00920,R004,Follow-up,2024-09-27,30,Positive,Decision deferred
A002307,D00292,R001,Email,2023-12-25,30,No Response,Awaiting legal review
A002308,D00756,R002,Meeting,2023-06-17,45,Positive,
A002309,D00377,R001,Follow-up,2023-10-10,60,Neutral,Decision deferred
A002310,D01180,R004,Proposal Sent,2023-07-25,120,Neutral,Stakeholder meeting set
A002311,D00508,R004,Meeting,2024-01-26,30,Neutral,Awaiting legal review
A002312,D00528,R002,Follow-up,2024-02-18,30,Positive,
A002313,D00559,R001,Proposal Sent,2023-11-19,30,Negative,
A002314,D01055,R002,Follow-up,2023-12-12,15,Neutral,Champion confirmed
A002315,D00260,R005,Call,2023-05-07,45,Neutral,Stakeholder meeting set
A002316,D00421,R005,Follow-up,2024-05-21,120,Positive,Champion confirmed
A002317,D00304,R005,Meeting,2024-04-29,30,Positive,Decision deferred
A002318,D00942,R004,Meeting,2024-01-05,60,Neutral,Follow up scheduled
A002319,D01063,R001,Demo,2024-07-05,45,Positive,Stakeholder meeting set
A002320,D00542,R004,Proposal Sent,2024-12-11,60,Positive,Decision deferred
A002321,D01090,R002,Meeting,2024-12-31,30,Negative,Decision deferred
A002322,D00108,R002,Proposal Sent,2024-09-30,45,Negative,
A002323,D00268,R005,Email,2024-12-18,45,Negative,Budget approved
A002324,D00222,R004,Follow-up,2023-07-22,30,Positive,Stakeholder meeting set
A002325,D01114,R001,Meeting,2024-07-10,90,Neutral,Champion confirmed
A002326,D00693,R003,Meeting,2023-03-22,60,Neutral,Budget approved
A002327,D00255,R001,Email,2023-09-27,60,Neutral,Sent pricing deck
A002328,D00253,R001,Proposal Sent,2023-11-05,60,Neutral,Budget approved
A002329,D00257,R001,Follow-up,2024-07-06,60,Positive,Awaiting legal review
A002330,D00383,R005,Meeting,2024-12-07,90,Positive,Budget approved
A002331,D00442,R005,Follow-up,2024-09-28,45,Negative,Awaiting legal review
A002332,D00599,R001,Follow-up,2023-03-30,30,Positive,Decision deferred
A002333,D01114,R001,Email,2024-08-21,120,Positive,Stakeholder meeting set
A002334,D00390,R002,Proposal Sent,2024-11-30,60,No Response,
A002335,D00582,R003,Email,2023-11-09,120,Negative,Decision deferred
A002336,D01068,R003,Follow-up,2024-11-11,90,Positive,Stakeholder meeting set
A002337,D00598,R005,Proposal Sent,2023-12-07,120,Negative,Decision deferred
A002338,D00019,R005,Demo,2023-07-15,15,Neutral,Follow up scheduled
A002339,D01125,R001,Proposal Sent,2024-12-31,90,Positive,Follow up scheduled
A002340,D00607,R002,Call,2024-03-14,120,Positive,Champion confirmed
A002341,D00033,R004,Proposal Sent,2023-04-11,15,Neutral,Champion confirmed
A002342,D00862,R002,Proposal Sent,2024-06-16,60,Positive,Awaiting legal review
A002343,D00155,R003,Proposal Sent,2024-11-22,30,Positive,Awaiting legal review
A002344,D00905,R002,Proposal Sent,2023-09-23,15,Positive,Sent pricing deck
A002345,D00405,R001,Proposal Sent,2023-06-16,120,Positive,Sent pricing deck
A002346,D00844,R001,Call,2024-10-30,30,Neutral,Champion confirmed
A002347,D01185,R003,Meeting,2024-11-24,60,Positive,
A002348,D00747,R003,Call,2023-11-07,90,Negative,Sent pricing deck
A002349,D01141,R004,Meeting,2023-06-03,45,Neutral,Stakeholder meeting set
A002350,D00271,R001,Follow-up,2023-09-17,90,Neutral,Budget approved
A002351,D00770,R001,Meeting,2024-12-12,45,Neutral,Stakeholder meeting set
A002352,D00172,R003,Email,2023-07-18,45,Positive,Champion confirmed
A002353,D00274,R002,Follow-up,2023-05-23,60,Positive,Sent pricing deck
A002354,D00259,R003,Email,2024-02-26,45,Neutral,Budget approved
A002355,D01159,R003,Email,2023-12-16,90,Positive,Stakeholder meeting set
A002356,D00422,R005,Call,2024-02-26,120,Positive,Stakeholder meeting set
A002357,D00364,R001,Email,2023-10-03,60,No Response,Decision deferred
A002358,D00378,R001,Email,2024-05-20,60,Neutral,Sent pricing deck
A002359,D00580,R001,Email,2024-04-05,90,Neutral,Decision deferred
A002360,D00891,R002,Demo,2024-09-22,45,Neutral,Budget approved
A002361,D00722,R003,Call,2023-04-11,15,Negative,Follow up scheduled
A002362,D00881,R002,Follow-up,2023-06-01,30,Neutral,Awaiting legal review
A002363,D01122,R001,Proposal Sent,2023-06-04,45,Neutral,Follow up scheduled
A002364,D00605,R002,Follow-up,2024-08-06,90,Positive,Follow up scheduled
A002365,D00022,R004,Follow-up,2023-05-24,45,Neutral,Champion confirmed
A002366,D01196,R002,Follow-up,2023-06-19,15,Negative,Budget approved
A002367,D00383,R005,Email,2024-12-04,120,Negative,Champion confirmed
A002368,D00134,R003,Meeting,2023-09-03,30,Positive,Follow up scheduled
A002369,D01049,R001,Demo,2024-09-07,15,Positive,Sent pricing deck
A002370,D00503,R001,Proposal Sent,2024-11-26,15,Positive,Decision deferred
A002371,D01109,R003,Meeting,2023-06-09,90,Positive,Follow up scheduled
A002372,D00144,R005,Email,2024-02-02,45,No Response,
A002373,D00224,R004,Demo,2023-12-05,15,Positive,Champion confirmed
A002374,D00220,R005,Call,2023-12-26,45,Positive,Follow up scheduled
A002375,D00179,R004,Proposal Sent,2024-09-06,90,Positive,Sent pricing deck
A002376,D00433,R002,Demo,2023-03-16,120,No Response,Champion confirmed
A002377,D00265,R002,Proposal Sent,2024-12-09,120,Positive,Sent pricing deck
A002378,D00954,R001,Call,2024-11-12,90,Negative,Awaiting legal review
A002379,D00429,R003,Call,2024-04-07,60,Neutral,Awaiting legal review
A002380,D00416,R001,Call,2024-10-31,60,Positive,Decision deferred
A002381,D00727,R003,Email,2024-12-26,30,Positive,Decision deferred
A002382,D00197,R005,Email,2023-10-05,120,Negative,Sent pricing deck
A002383,D01077,R005,Email,2023-04-20,15,Positive,Budget approved
A002384,D00480,R003,Email,2023-08-01,30,Neutral,Follow up scheduled
A002385,D00890,R005,Proposal Sent,2023-09-04,120,Neutral,Sent pricing deck
A002386,D00925,R001,Meeting,2023-06-17,120,Neutral,Stakeholder meeting set
A002387,D00123,R004,Call,2024-05-12,15,Negative,Sent pricing deck
A002388,D00778,R005,Proposal Sent,2023-06-27,90,Positive,Decision deferred
A002389,D00348,R003,Follow-up,2024-07-27,30,Positive,Awaiting legal review
A002390,D00029,R004,Follow-up,2023-03-23,120,Positive,
A002391,D00975,R004,Call,2023-06-26,60,No Response,Awaiting legal review
A002392,D00035,R001,Email,2024-06-11,45,No Response,Sent pricing deck
A002393,D00623,R003,Meeting,2023-06-14,15,Positive,Champion confirmed
A002394,D00589,R004,Proposal Sent,2024-12-30,90,Positive,Sent pricing deck
A002395,D01171,R005,Proposal Sent,2023-07-17,60,Positive,Stakeholder meeting set
A002396,D01091,R002,Email,2024-04-10,15,Positive,Champion confirmed
A002397,D00904,R001,Call,2023-11-25,15,Negative,Champion confirmed
A002398,D00520,R004,Demo,2024-04-23,90,Positive,Follow up scheduled
A002399,D00122,R004,Email,2023-11-10,45,No Response,
A002400,D00340,R003,Meeting,2024-01-31,45,Positive,
A002401,D00175,R005,Demo,2023-09-22,120,Positive,
A002402,D00597,R003,Call,2023-10-01,15,Negative,Champion confirmed
A002403,D00451,R001,Meeting,2023-12-15,15,Negative,
A002404,D00557,R003,Proposal Sent,2024-09-08,120,Positive,Follow up scheduled
A002405,D01160,R001,Follow-up,2024-07-10,60,No Response,Follow up scheduled
A002406,D01040,R005,Proposal Sent,2023-12-23,90,Positive,Champion confirmed
A002407,D00009,R002,Meeting,2023-10-08,60,No Response,Follow up scheduled
A002408,D00334,R002,Demo,2024-03-13,90,Neutral,Awaiting legal review
A002409,D01017,R001,Proposal Sent,2024-03-29,60,Positive,Champion confirmed
A002410,D00327,R005,Follow-up,2024-02-08,30,No Response,Champion confirmed
A002411,D00015,R004,Follow-up,2024-12-05,60,Positive,
A002412,D00839,R005,Follow-up,2023-08-29,120,Positive,Follow up scheduled
A002413,D00226,R005,Email,2023-08-11,90,Neutral,Sent pricing deck
A002414,D00113,R003,Follow-up,2024-05-23,15,Neutral,Champion confirmed
A002415,D00001,R003,Call,2023-04-19,30,Positive,Follow up scheduled
A002416,D00266,R002,Meeting,2024-06-11,45,No Response,
A002417,D00952,R003,Demo,2023-07-31,120,Neutral,Champion confirmed
A002418,D00306,R003,Follow-up,2024-01-12,30,Positive,Stakeholder meeting set
A002419,D00012,R004,Follow-up,2024-09-25,15,Negative,
A002420,D00937,R005,Call,2024-03-24,90,No Response,Stakeholder meeting set
A002421,D00420,R005,Proposal Sent,2023-10-24,120,Positive,Stakeholder meeting set
A002422,D00889,R003,Demo,2024-05-04,120,Positive,Stakeholder meeting set
A002423,D00171,R002,Email,2023-04-29,30,Neutral,Sent pricing deck
A002424,D00134,R003,Proposal Sent,2023-09-19,60,Negative,Champion confirmed
A002425,D00965,R001,Demo,2023-08-12,90,No Response,Champion confirmed
A002426,D01049,R001,Meeting,2024-08-19,90,Neutral,Champion confirmed
A002427,D01165,R004,Follow-up,2024-06-18,60,Positive,Champion confirmed
A002428,D00658,R005,Call,2024-11-05,90,Positive,Budget approved
A002429,D01116,R004,Call,2024-07-02,60,Positive,Stakeholder meeting set
A002430,D00179,R004,Demo,2024-10-31,60,Neutral,Budget approved
A002431,D01080,R004,Meeting,2024-10-27,120,Neutral,Budget approved
A002432,D01179,R005,Meeting,2024-09-15,30,Neutral,Sent pricing deck
A002433,D00111,R001,Email,2024-06-12,60,Positive,
A002434,D00137,R002,Demo,2023-02-12,30,Neutral,
A002435,D00232,R002,Email,2024-12-07,15,Positive,Budget approved
A002436,D00992,R001,Proposal Sent,2024-06-25,15,Positive,Budget approved
A002437,D00468,R004,Email,2023-06-05,45,Neutral,Sent pricing deck
A002438,D00732,R002,Demo,2024-12-15,120,Positive,Awaiting legal review
A002439,D00481,R002,Email,2023-09-24,15,Neutral,Awaiting legal review
A002440,D01092,R003,Email,2024-07-26,45,Positive,Follow up scheduled
A002441,D00814,R004,Call,2024-10-15,60,Positive,Decision deferred
A002442,D00994,R003,Follow-up,2024-10-08,120,Positive,Stakeholder meeting set
A002443,D00323,R004,Demo,2024-01-20,120,Neutral,Awaiting legal review
A002444,D00922,R002,Demo,2023-10-08,30,Negative,Champion confirmed
A002445,D00904,R001,Proposal Sent,2023-10-04,45,No Response,Champion confirmed
A002446,D00606,R003,Meeting,2023-11-24,15,No Response,Follow up scheduled
A002447,D00429,R003,Demo,2024-02-04,120,Positive,Stakeholder meeting set
A002448,D00148,R003,Demo,2023-04-04,90,Positive,Awaiting legal review
A002449,D01142,R004,Meeting,2023-04-17,15,Positive,Follow up scheduled
A002450,D00850,R003,Email,2023-12-09,15,Neutral,Awaiting legal review
A002451,D00367,R004,Call,2024-11-27,30,Neutral,Decision deferred
A002452,D00850,R003,Proposal Sent,2023-09-20,60,Negative,
A002453,D01090,R002,Follow-up,2024-12-15,30,Neutral,
A002454,D00813,R001,Meeting,2024-12-11,90,Positive,Stakeholder meeting set
A002455,D00175,R005,Email,2023-10-18,90,Positive,
A002456,D00588,R004,Proposal Sent,2024-06-15,30,Positive,Sent pricing deck
A002457,D00495,R004,Follow-up,2024-06-13,45,Positive,Sent pricing deck
A002458,D00973,R005,Call,2023-09-25,60,Negative,Budget approved
A002459,D01138,R005,Email,2024-05-13,30,Positive,Budget approved
A002460,D01135,R003,Demo,2023-04-12,30,No Response,
A002461,D01171,R005,Meeting,2023-07-08,15,Positive,Awaiting legal review
A002462,D00035,R001,Meeting,2024-05-02,90,Positive,Stakeholder meeting set
A002463,D00999,R002,Email,2024-12-30,45,Negative,Stakeholder meeting set
A002464,D00538,R005,Demo,2023-04-12,90,Negative,Awaiting legal review
A002465,D00750,R002,Demo,2023-06-12,45,Positive,Sent pricing deck
A002466,D01038,R002,Follow-up,2024-12-09,120,No Response,Awaiting legal review
A002467,D00374,R005,Meeting,2023-11-01,45,Positive,Follow up scheduled
A002468,D00557,R003,Email,2024-06-19,60,No Response,Sent pricing deck
A002469,D00233,R001,Meeting,2023-12-07,30,Positive,
A002470,D00705,R005,Follow-up,2024-05-01,45,Neutral,Stakeholder meeting set
A002471,D00563,R002,Call,2024-07-02,30,Positive,Sent pricing deck
A002472,D00939,R002,Meeting,2024-12-17,120,Positive,Champion confirmed
A002473,D00887,R003,Meeting,2024-10-08,45,No Response,
A002474,D00726,R001,Email,2024-06-28,120,No Response,Follow up scheduled
A002475,D00076,R002,Email,2024-10-31,60,Positive,Sent pricing deck
A002476,D00439,R001,Follow-up,2023-11-03,120,Neutral,Stakeholder meeting set
A002477,D00699,R005,Meeting,2024-10-06,15,Negative,Champion confirmed
A002478,D00915,R003,Demo,2023-06-18,90,Positive,Budget approved
A002479,D00891,R002,Follow-up,2024-09-22,45,Positive,Champion confirmed
A002480,D00692,R004,Follow-up,2023-04-25,45,Negative,Champion confirmed
A002481,D00253,R001,Call,2023-12-10,60,Positive,
A002482,D01150,R005,Demo,2024-03-26,60,Neutral,Sent pricing deck
A002483,D01061,R001,Call,2024-12-09,15,No Response,Awaiting legal review
A002484,D00410,R001,Meeting,2024-12-22,45,Neutral,
A002485,D00127,R004,Email,2023-03-23,45,Neutral,Decision deferred
A002486,D01192,R001,Follow-up,2023-07-24,120,No Response,
A002487,D00592,R001,Follow-up,2023-12-06,90,Negative,Budget approved
A002488,D00294,R001,Follow-up,2024-07-28,15,Neutral,Sent pricing deck
A002489,D01020,R001,Meeting,2023-01-15,15,Positive,Awaiting legal review
A002490,D00310,R002,Demo,2023-05-24,60,Negative,Sent pricing deck
A002491,D00662,R001,Proposal Sent,2024-12-09,90,Positive,
A002492,D00528,R002,Demo,2024-04-01,30,Negative,Budget approved
A002493,D00540,R003,Meeting,2023-10-15,30,No Response,Stakeholder meeting set
A002494,D00419,R004,Call,2024-11-03,30,Neutral,
A002495,D00444,R005,Proposal Sent,2024-07-09,120,Negative,
A002496,D00685,R002,Email,2023-03-02,15,Neutral,Sent pricing deck
A002497,D00840,R002,Demo,2024-12-26,30,Positive,Sent pricing deck
A002498,D00236,R005,Email,2023-03-28,120,Negative,Follow up scheduled
A002499,D00214,R005,Call,2024-12-09,30,Neutral,Follow up scheduled
A002500,D00085,R005,Meeting,2023-12-28,120,Neutral,Follow up scheduled
A002501,D00794,R002,Proposal Sent,2023-12-03,60,Positive,Champion confirmed
A002502,D00085,R005,Call,2023-12-20,90,Neutral,Stakeholder meeting set
A002503,D00065,R003,Email,2024-06-17,60,Positive,Decision deferred
A002504,D00663,R004,Follow-up,2023-10-16,15,Negative,Champion confirmed
A002505,D00627,R005,Follow-up,2023-06-23,60,Positive,Follow up scheduled
A002506,D00064,R001,Email,2024-12-29,30,Neutral,Follow up scheduled
A002507,D00939,R002,Follow-up,2024-11-10,90,Negative,Awaiting legal review
A002508,D00919,R004,Follow-up,2024-08-07,120,Negative,Champion confirmed
A002509,D01182,R002,Email,2024-11-09,60,Negative,Follow up scheduled
A002510,D00491,R005,Proposal Sent,2023-09-28,30,Positive,Budget approved
A002511,D00313,R002,Call,2023-10-13,120,Neutral,Awaiting legal review
A002512,D00615,R005,Follow-up,2023-07-12,45,Neutral,Awaiting legal review
A002513,D00919,R004,Follow-up,2024-08-09,30,Neutral,Stakeholder meeting set
A002514,D00813,R001,Meeting,2024-12-01,45,Neutral,Budget approved
A002515,D00940,R003,Meeting,2024-12-22,45,Neutral,Awaiting legal review
A002516,D01112,R001,Meeting,2023-06-18,45,Neutral,Sent pricing deck
A002517,D00680,R005,Proposal Sent,2024-12-28,30,Neutral,
A002518,D00435,R004,Demo,2023-07-05,60,Neutral,Stakeholder meeting set
A002519,D00682,R004,Email,2023-12-09,30,Positive,Decision deferred
A002520,D01159,R003,Call,2023-11-28,15,Positive,Decision deferred
A002521,D01074,R004,Proposal Sent,2023-08-02,30,Positive,Decision deferred
A002522,D00340,R003,Follow-up,2024-02-10,60,Neutral,Budget approved
A002523,D00347,R005,Call,2024-11-13,45,No Response,Champion confirmed
A002524,D00646,R004,Email,2024-12-29,90,No Response,Follow up scheduled
A002525,D00649,R004,Demo,2023-03-31,15,Negative,Champion confirmed
A002526,D00245,R005,Email,2024-04-16,60,Neutral,Decision deferred
A002527,D00109,R005,Call,2023-07-29,45,Neutral,
A002528,D00533,R003,Email,2024-10-08,30,Positive,Champion confirmed
A002529,D01114,R001,Follow-up,2024-08-03,90,Neutral,Follow up scheduled
A002530,D00296,R001,Follow-up,2024-10-08,45,Negative,Champion confirmed
A002531,D00112,R004,Follow-up,2023-07-30,60,Neutral,Champion confirmed
A002532,D00343,R005,Call,2023-06-01,60,Neutral,Champion confirmed
A002533,D00101,R003,Call,2024-06-07,30,Neutral,Stakeholder meeting set
A002534,D00629,R002,Meeting,2024-10-19,30,Negative,Champion confirmed
A002535,D00028,R001,Call,2023-05-08,30,Neutral,Decision deferred
A002536,D00937,R005,Demo,2024-03-24,90,Positive,Follow up scheduled
A002537,D00058,R001,Call,2024-06-02,120,Neutral,Follow up scheduled
A002538,D00297,R003,Proposal Sent,2023-02-18,120,Neutral,Decision deferred
A002539,D00134,R003,Call,2023-08-19,45,No Response,Follow up scheduled
A002540,D00249,R005,Follow-up,2024-01-03,60,Positive,Champion confirmed
A002541,D01021,R004,Call,2023-05-09,30,Neutral,Champion confirmed
A002542,D00550,R002,Demo,2023-06-26,45,Positive,Sent pricing deck
A002543,D00902,R005,Demo,2024-10-02,120,Neutral,Follow up scheduled
A002544,D01099,R004,Meeting,2023-10-23,30,Neutral,Stakeholder meeting set
A002545,D00834,R002,Follow-up,2024-04-03,120,Positive,Awaiting legal review
A002546,D01192,R001,Follow-up,2023-06-14,60,Neutral,Awaiting legal review
A002547,D00771,R002,Demo,2023-03-30,120,Positive,Budget approved
A002548,D00146,R005,Follow-up,2024-04-09,30,Positive,
A002549,D00893,R001,Follow-up,2024-10-31,90,Negative,
A002550,D00344,R001,Follow-up,2024-11-30,30,Neutral,Follow up scheduled
A002551,D01059,R003,Call,2023-09-28,120,Positive,
A002552,D00702,R001,Follow-up,2024-03-24,90,Neutral,Stakeholder meeting set
A002553,D00001,R003,Call,2023-06-05,45,Negative,Decision deferred
A002554,D00153,R004,Proposal Sent,2023-06-11,30,Neutral,Follow up scheduled
A002555,D00429,R003,Proposal Sent,2024-02-07,60,Neutral,
A002556,D00508,R004,Follow-up,2024-04-28,120,Neutral,Champion confirmed
A002557,D01150,R005,Call,2024-03-21,15,Neutral,Follow up scheduled
A002558,D00491,R005,Call,2023-08-16,15,Neutral,Stakeholder meeting set
A002559,D00345,R001,Proposal Sent,2024-01-28,120,Neutral,Stakeholder meeting set
A002560,D00221,R002,Demo,2024-08-29,15,Neutral,Follow up scheduled
A002561,D00723,R001,Demo,2023-04-07,15,Positive,Awaiting legal review
A002562,D01049,R001,Follow-up,2024-10-16,120,Neutral,Follow up scheduled
A002563,D00528,R002,Follow-up,2024-04-06,60,Positive,Budget approved
A002564,D00841,R004,Meeting,2024-12-28,60,Positive,Budget approved
A002565,D01066,R005,Proposal Sent,2024-02-15,90,Neutral,Awaiting legal review
A002566,D00481,R002,Call,2023-07-03,90,Neutral,Sent pricing deck
A002567,D00930,R003,Follow-up,2023-06-14,15,Positive,Stakeholder meeting set
A002568,D00872,R004,Demo,2023-10-29,30,No Response,Awaiting legal review
A002569,D00345,R001,Call,2023-11-14,15,Positive,Awaiting legal review
A002570,D00045,R001,Follow-up,2023-05-14,60,Positive,Awaiting legal review
A002571,D00021,R005,Proposal Sent,2024-11-25,90,Positive,Stakeholder meeting set
A002572,D01094,R004,Proposal Sent,2023-12-29,45,Positive,Stakeholder meeting set
A002573,D00873,R004,Follow-up,2023-02-18,45,Neutral,Awaiting legal review
A002574,D00048,R005,Follow-up,2024-12-31,120,Positive,Sent pricing deck
A002575,D00551,R001,Email,2024-12-06,90,Neutral,Follow up scheduled
A002576,D00287,R005,Call,2024-07-12,120,No Response,Follow up scheduled
A002577,D01002,R005,Call,2023-09-08,120,Negative,
A002578,D01034,R004,Call,2024-03-30,60,Neutral,Champion confirmed
A002579,D00542,R004,Follow-up,2024-12-08,30,Positive,Awaiting legal review
A002580,D00756,R002,Meeting,2023-07-05,30,Negative,Decision deferred
A002581,D00274,R002,Follow-up,2023-03-17,30,Positive,
A002582,D00956,R003,Proposal Sent,2023-12-24,30,Neutral,Sent pricing deck
A002583,D00600,R003,Follow-up,2024-08-20,60,Positive,Sent pricing deck
A002584,D00381,R001,Email,2024-07-03,15,Neutral,Budget approved
A002585,D00479,R005,Proposal Sent,2024-07-03,60,Positive,Follow up scheduled
A002586,D00015,R004,Call,2024-12-20,120,Positive,Budget approved
A002587,D00516,R001,Meeting,2024-10-30,90,No Response,Champion confirmed
A002588,D00191,R005,Meeting,2024-12-30,90,Positive,Stakeholder meeting set
A002589,D01192,R001,Demo,2023-06-21,15,Neutral,Awaiting legal review
A002590,D00621,R003,Email,2024-01-08,90,Neutral,Champion confirmed
A002591,D01161,R003,Email,2023-12-10,60,Positive,Stakeholder meeting set
A002592,D00154,R002,Proposal Sent,2023-04-25,15,Positive,Stakeholder meeting set
A002593,D00272,R001,Meeting,2024-11-22,30,Negative,Awaiting legal review
A002594,D00143,R005,Proposal Sent,2023-12-29,45,Positive,
A002595,D01093,R003,Call,2024-07-16,120,No Response,Champion confirmed
A002596,D00247,R005,Meeting,2024-10-09,90,No Response,Stakeholder meeting set
A002597,D00788,R003,Proposal Sent,2023-01-25,90,Positive,Stakeholder meeting set
A002598,D00079,R002,Meeting,2023-11-06,45,No Response,Sent pricing deck
A002599,D00623,R003,Call,2023-04-29,60,Neutral,Budget approved
A002600,D00525,R001,Meeting,2024-03-20,60,Positive,Champion confirmed
A002601,D00772,R002,Demo,2023-07-09,30,Negative,Stakeholder meeting set
A002602,D00938,R001,Proposal Sent,2024-04-15,60,Neutral,Champion confirmed
A002603,D01119,R002,Email,2024-02-26,60,Positive,Stakeholder meeting set
A002604,D00617,R004,Call,2023-10-04,30,Positive,Awaiting legal review
A002605,D01032,R003,Meeting,2024-04-30,90,No Response,Decision deferred
A002606,D00067,R005,Call,2024-12-20,45,Negative,Champion confirmed
A002607,D00191,R005,Demo,2024-12-20,90,Neutral,Stakeholder meeting set
A002608,D00768,R003,Email,2024-11-12,30,Negative,Stakeholder meeting set
A002609,D00521,R005,Email,2023-06-24,30,Neutral,Sent pricing deck
A002610,D00990,R002,Proposal Sent,2023-08-20,90,Positive,Stakeholder meeting set
A002611,D01141,R004,Demo,2023-08-13,60,Neutral,Awaiting legal review
A002612,D00267,R005,Email,2024-12-31,45,Neutral,Follow up scheduled
A002613,D00485,R003,Meeting,2024-11-27,60,Positive,Budget approved
A002614,D01188,R004,Meeting,2023-05-10,120,No Response,Sent pricing deck
A002615,D00376,R005,Follow-up,2023-06-28,15,Neutral,Decision deferred
A002616,D00653,R004,Email,2024-02-15,45,Positive,Champion confirmed
A002617,D00549,R002,Proposal Sent,2023-04-30,120,Neutral,Stakeholder meeting set
A002618,D01098,R004,Proposal Sent,2024-04-08,60,Negative,Sent pricing deck
A002619,D00073,R002,Proposal Sent,2024-12-25,120,Positive,Budget approved
A002620,D00308,R001,Demo,2024-11-22,90,Neutral,Champion confirmed
A002621,D00199,R002,Demo,2023-08-10,30,Negative,Awaiting legal review
A002622,D01154,R004,Follow-up,2024-04-24,120,Neutral,Sent pricing deck
A002623,D00572,R005,Call,2024-03-26,90,Positive,Follow up scheduled
A002624,D00791,R003,Email,2024-12-20,30,Neutral,
A002625,D01175,R001,Proposal Sent,2024-11-21,15,Positive,Follow up scheduled
A002626,D00179,R004,Call,2024-09-03,45,Negative,
A002627,D00197,R005,Proposal Sent,2023-07-30,15,No Response,Follow up scheduled
A002628,D00735,R004,Follow-up,2024-09-24,120,Negative,Budget approved
A002629,D00089,R004,Proposal Sent,2023-07-24,90,Positive,Awaiting legal review
A002630,D00799,R004,Follow-up,2023-04-19,45,Positive,Stakeholder meeting set
A002631,D00788,R003,Email,2023-02-21,90,Positive,Champion confirmed
A002632,D00748,R002,Proposal Sent,2023-09-03,60,Neutral,Sent pricing deck
A002633,D00209,R004,Meeting,2023-03-29,120,Neutral,
A002634,D00493,R001,Proposal Sent,2023-05-29,15,Neutral,Decision deferred
A002635,D01154,R004,Call,2024-04-09,120,Positive,Stakeholder meeting set
A002636,D00665,R002,Meeting,2023-10-18,120,Positive,Awaiting legal review
A002637,D01037,R002,Call,2023-04-14,90,Positive,Decision deferred
A002638,D00871,R001,Call,2024-09-01,45,Neutral,Decision deferred
A002639,D00732,R002,Call,2024-12-31,15,Neutral,Budget approved
A002640,D01130,R001,Follow-up,2023-07-22,15,No Response,Champion confirmed
A002641,D00698,R001,Follow-up,2023-03-07,15,No Response,
A002642,D01123,R001,Demo,2024-10-03,90,Neutral,Awaiting legal review
A002643,D00594,R001,Follow-up,2024-12-08,60,Positive,Follow up scheduled
A002644,D00886,R003,Meeting,2023-12-15,15,Positive,Decision deferred
A002645,D00852,R002,Meeting,2024-06-09,120,Positive,Follow up scheduled
A002646,D00325,R004,Call,2024-04-04,15,No Response,Stakeholder meeting set
A002647,D00979,R003,Email,2023-11-18,60,Positive,Sent pricing deck
A002648,D00956,R003,Email,2023-12-11,15,Neutral,Follow up scheduled
A002649,D00894,R004,Follow-up,2023-05-31,15,Neutral,Sent pricing deck
A002650,D00144,R005,Follow-up,2024-01-28,30,No Response,Champion confirmed
A002651,D00384,R003,Follow-up,2024-05-11,90,Negative,Champion confirmed
A002652,D00216,R001,Email,2024-09-19,30,Positive,
A002653,D00324,R005,Follow-up,2023-07-16,30,Positive,Decision deferred
A002654,D01039,R005,Email,2023-10-08,45,Negative,Stakeholder meeting set
A002655,D00217,R004,Meeting,2024-09-22,90,Neutral,Sent pricing deck
A002656,D00951,R005,Email,2024-03-08,90,Negative,Sent pricing deck
A002657,D00183,R004,Meeting,2023-11-14,90,Positive,Budget approved
A002658,D00270,R004,Email,2023-11-27,45,Positive,Sent pricing deck
A002659,D00945,R002,Email,2023-01-20,30,Negative,Follow up scheduled
A002660,D00870,R005,Email,2024-12-19,60,Negative,Sent pricing deck
A002661,D00467,R005,Follow-up,2024-01-02,90,Negative,Budget approved
A002662,D00305,R004,Follow-up,2023-03-15,60,Negative,Sent pricing deck
A002663,D01168,R002,Proposal Sent,2023-11-25,60,No Response,Budget approved
A002664,D00111,R001,Proposal Sent,2024-05-31,30,Positive,Stakeholder meeting set
A002665,D01014,R004,Demo,2023-03-15,90,No Response,Follow up scheduled
A002666,D00232,R002,Email,2024-12-07,90,Neutral,Stakeholder meeting set
A002667,D00595,R001,Proposal Sent,2024-04-10,15,Neutral,Decision deferred
A002668,D00173,R003,Meeting,2023-10-23,45,Positive,Awaiting legal review
A002669,D00973,R005,Proposal Sent,2023-12-02,30,Neutral,Stakeholder meeting set
A002670,D01031,R002,Follow-up,2023-07-20,15,Neutral,Decision deferred
A002671,D01179,R005,Demo,2024-11-19,15,Positive,Follow up scheduled
A002672,D00546,R002,Proposal Sent,2024-01-03,45,Neutral,
A002673,D00548,R001,Meeting,2023-07-04,30,Positive,Champion confirmed
A002674,D00518,R005,Demo,2024-12-28,60,Neutral,Awaiting legal review
A002675,D00914,R005,Email,2024-12-02,90,Negative,Champion confirmed
A002676,D00215,R004,Email,2023-04-11,60,No Response,Budget approved
A002677,D00134,R003,Call,2023-07-30,90,No Response,Awaiting legal review
A002678,D00285,R002,Meeting,2024-01-12,45,Neutral,Awaiting legal review
A002679,D01150,R005,Proposal Sent,2024-04-17,45,Neutral,Follow up scheduled
A002680,D00686,R001,Follow-up,2024-12-29,60,Positive,
A002681,D01176,R005,Email,2023-07-13,15,Negative,Awaiting legal review
A002682,D00331,R001,Follow-up,2024-12-17,90,Positive,Follow up scheduled
A002683,D01139,R004,Call,2024-08-28,45,Neutral,Decision deferred
A002684,D00894,R004,Meeting,2023-03-20,90,Neutral,Awaiting legal review
A002685,D00899,R001,Follow-up,2023-09-27,15,Positive,Stakeholder meeting set
A002686,D01099,R004,Call,2023-11-06,60,Negative,Budget approved
A002687,D01190,R004,Call,2024-09-13,15,No Response,
A002688,D00078,R003,Call,2023-05-24,15,Negative,Decision deferred
A002689,D00947,R005,Call,2024-09-27,45,Positive,Champion confirmed
A002690,D00688,R002,Call,2023-07-02,45,Negative,Awaiting legal review
A002691,D00021,R005,Email,2024-11-13,90,Positive,Budget approved
A002692,D00566,R001,Meeting,2024-08-05,15,Neutral,Sent pricing deck
A002693,D00827,R001,Email,2023-09-26,45,Negative,Follow up scheduled
A002694,D00179,R004,Demo,2024-11-14,120,No Response,Stakeholder meeting set
A002695,D01136,R005,Email,2023-02-07,30,Negative,Budget approved
A002696,D01083,R001,Meeting,2023-06-21,15,Positive,Champion confirmed
A002697,D00905,R002,Follow-up,2023-08-20,30,Positive,Decision deferred
A002698,D00669,R004,Follow-up,2023-09-13,120,Positive,Sent pricing deck
A002699,D00191,R005,Proposal Sent,2024-12-13,45,No Response,Champion confirmed
A002700,D00708,R005,Email,2024-06-21,45,No Response,Sent pricing deck
A002701,D01059,R003,Email,2023-09-22,90,No Response,
A002702,D00379,R002,Call,2023-09-30,45,Neutral,Champion confirmed
A002703,D00387,R001,Follow-up,2024-06-12,60,No Response,
A002704,D00237,R002,Proposal Sent,2024-12-23,30,Neutral,Budget approved
A002705,D00616,R003,Call,2024-04-04,15,No Response,Awaiting legal review
A002706,D00283,R001,Call,2024-12-21,30,Positive,
A002707,D00001,R003,Proposal Sent,2023-06-06,120,No Response,Sent pricing deck
A002708,D00464,R003,Email,2024-07-09,120,Positive,Follow up scheduled
A002709,D00967,R001,Follow-up,2024-05-14,90,Positive,Budget approved
A002710,D00172,R003,Meeting,2023-06-21,45,No Response,Awaiting legal review
A002711,D01111,R002,Call,2023-05-05,120,Positive,
A002712,D01147,R004,Demo,2024-12-14,45,No Response,Awaiting legal review
A002713,D00843,R002,Follow-up,2024-12-14,45,Neutral,Decision deferred
A002714,D00690,R001,Follow-up,2023-04-27,60,Negative,Decision deferred
A002715,D00575,R002,Demo,2024-10-30,45,Negative,Decision deferred
A002716,D00165,R003,Demo,2024-12-25,30,Positive,Sent pricing deck
A002717,D00383,R005,Proposal Sent,2024-12-15,120,Neutral,Decision deferred
A002718,D00209,R004,Email,2023-04-04,45,Positive,Champion confirmed
A002719,D00224,R004,Demo,2023-10-21,45,Positive,Decision deferred
A002720,D00003,R002,Meeting,2023-07-08,30,Positive,Budget approved
A002721,D00372,R005,Meeting,2024-05-24,60,Neutral,Awaiting legal review
A002722,D00611,R003,Email,2024-12-18,90,Positive,
A002723,D00116,R005,Demo,2024-03-27,120,Neutral,
A002724,D00447,R003,Follow-up,2024-12-30,120,Positive,
A002725,D00415,R004,Call,2023-07-17,15,Neutral,Champion confirmed
A002726,D01119,R002,Meeting,2024-03-24,90,Positive,Champion confirmed
A002727,D00892,R005,Demo,2024-11-01,120,Positive,Decision deferred
A002728,D01048,R001,Follow-up,2023-12-20,120,Positive,Budget approved
A002729,D00663,R004,Email,2024-01-02,45,Negative,Budget approved
A002730,D01074,R004,Email,2023-07-11,120,Negative,Follow up scheduled
A002731,D00718,R003,Email,2024-12-28,45,No Response,Stakeholder meeting set
A002732,D01103,R002,Proposal Sent,2023-01-27,90,Positive,Budget approved
A002733,D01051,R001,Follow-up,2024-07-24,60,Positive,Champion confirmed
A002734,D00271,R001,Email,2023-08-16,90,Negative,
A002735,D00562,R005,Email,2023-10-16,120,No Response,Champion confirmed
A002736,D00804,R002,Call,2023-04-20,45,Negative,
A002737,D00247,R005,Proposal Sent,2024-08-22,60,Negative,
A002738,D00387,R001,Email,2024-03-20,15,Negative,Champion confirmed
A002739,D00702,R001,Follow-up,2024-06-08,45,Positive,Budget approved
A002740,D00559,R001,Proposal Sent,2023-12-08,60,Positive,Stakeholder meeting set
A002741,D00973,R005,Proposal Sent,2023-12-30,120,Neutral,Sent pricing deck
A002742,D00984,R004,Proposal Sent,2024-06-23,90,Neutral,
A002743,D00352,R002,Meeting,2023-09-17,15,No Response,Decision deferred
A002744,D00753,R002,Demo,2023-04-04,90,Neutral,
A002745,D00781,R003,Demo,2023-05-26,30,Neutral,Champion confirmed
A002746,D01025,R001,Call,2023-04-07,60,No Response,Follow up scheduled
A002747,D00546,R002,Call,2024-03-23,30,Positive,Decision deferred
A002748,D00079,R002,Call,2023-10-11,90,Positive,Follow up scheduled
A002749,D00334,R002,Meeting,2024-07-08,15,Positive,Champion confirmed
A002750,D00889,R003,Email,2024-05-21,45,Negative,Champion confirmed
A002751,D01122,R001,Meeting,2023-06-09,90,Neutral,
A002752,D01106,R005,Follow-up,2024-04-26,60,Positive,
A002753,D00502,R005,Call,2024-12-01,60,Positive,Stakeholder meeting set
A002754,D00765,R005,Email,2023-07-12,15,Neutral,
A002755,D00921,R002,Follow-up,2023-11-29,30,Positive,Decision deferred
A002756,D00550,R002,Call,2023-05-04,120,Neutral,Decision deferred
A002757,D00014,R004,Proposal Sent,2024-02-01,30,No Response,Awaiting legal review
A002758,D00392,R002,Proposal Sent,2024-11-27,30,Neutral,Budget approved
A002759,D00310,R002,Meeting,2023-07-28,30,Neutral,Champion confirmed
A002760,D00386,R005,Call,2024-02-11,30,No Response,Budget approved
A002761,D00974,R005,Demo,2024-11-04,120,Neutral,Awaiting legal review
A002762,D01118,R005,Call,2024-12-25,120,Negative,Awaiting legal review
A002763,D01117,R005,Follow-up,2023-03-05,60,Positive,Budget approved
A002764,D00340,R003,Demo,2024-01-02,30,Positive,Champion confirmed
A002765,D00597,R003,Follow-up,2023-10-14,45,Positive,Stakeholder meeting set
A002766,D00757,R003,Follow-up,2024-08-26,45,Neutral,Sent pricing deck
A002767,D01046,R003,Proposal Sent,2023-05-09,120,Positive,Awaiting legal review
A002768,D00291,R001,Email,2024-02-19,30,No Response,Decision deferred
A002769,D00306,R003,Email,2023-11-09,60,Negative,
A002770,D00634,R003,Follow-up,2023-03-25,15,Neutral,Follow up scheduled
A002771,D01152,R004,Proposal Sent,2024-12-24,120,Negative,Champion confirmed
A002772,D00625,R001,Meeting,2023-08-04,45,Neutral,Sent pricing deck
A002773,D00939,R002,Follow-up,2024-09-14,60,Negative,Stakeholder meeting set
A002774,D00848,R004,Demo,2024-01-04,120,No Response,Stakeholder meeting set
A002775,D00442,R005,Demo,2024-10-06,30,Positive,Champion confirmed
A002776,D00503,R001,Proposal Sent,2024-10-15,30,No Response,Champion confirmed
A002777,D00130,R005,Meeting,2024-07-22,30,No Response,Awaiting legal review
A002778,D01156,R005,Proposal Sent,2023-05-14,60,Positive,Awaiting legal review
A002779,D00597,R003,Meeting,2023-11-10,90,Neutral,
A002780,D00862,R002,Proposal Sent,2024-05-01,30,Positive,Awaiting legal review
A002781,D00593,R001,Call,2023-05-03,45,Positive,Budget approved
A002782,D00999,R002,Email,2024-12-28,90,Positive,Follow up scheduled
A002783,D00325,R004,Follow-up,2024-03-22,90,Negative,Decision deferred
A002784,D01093,R003,Meeting,2024-05-31,30,Positive,Follow up scheduled
A002785,D00448,R005,Meeting,2023-07-27,60,Positive,Follow up scheduled
A002786,D00819,R001,Email,2024-12-10,15,Positive,Sent pricing deck
A002787,D01189,R001,Demo,2023-12-02,90,No Response,Budget approved
A002788,D00709,R002,Call,2023-10-21,120,Positive,Budget approved
A002789,D00265,R002,Proposal Sent,2024-12-16,30,Negative,Budget approved
A002790,D00612,R001,Proposal Sent,2023-06-18,15,Positive,Awaiting legal review
A002791,D00832,R002,Meeting,2024-10-29,45,Negative,Follow up scheduled
A002792,D00674,R002,Follow-up,2023-03-03,120,Neutral,Sent pricing deck
A002793,D00157,R002,Meeting,2023-08-06,30,Neutral,Follow up scheduled
A002794,D00251,R002,Meeting,2024-06-10,90,No Response,Awaiting legal review
A002795,D00878,R002,Follow-up,2024-06-24,30,Positive,Decision deferred
A002796,D00530,R004,Proposal Sent,2024-09-06,120,Positive,Follow up scheduled
A002797,D00327,R005,Call,2024-01-31,30,Neutral,Awaiting legal review
A002798,D00961,R001,Call,2023-11-15,120,Positive,Stakeholder meeting set
A002799,D00895,R002,Meeting,2023-12-25,90,Neutral,Decision deferred
A002800,D00097,R002,Demo,2024-02-16,45,Neutral,
A002801,D00513,R005,Follow-up,2023-02-05,120,Positive,
A002802,D00216,R001,Call,2024-11-12,30,Negative,
A002803,D01156,R005,Email,2023-05-30,15,Positive,Stakeholder meeting set
A002804,D00125,R001,Follow-up,2024-02-02,90,Positive,
A002805,D01106,R005,Meeting,2024-05-22,30,Neutral,Decision deferred
A002806,D00059,R004,Email,2024-11-23,90,Neutral,Stakeholder meeting set
A002807,D00161,R004,Proposal Sent,2024-05-30,90,Neutral,Awaiting legal review
A002808,D00284,R003,Email,2023-06-04,15,No Response,Stakeholder meeting set
A002809,D00106,R001,Proposal Sent,2024-12-22,60,Positive,Stakeholder meeting set
A002810,D01129,R002,Meeting,2023-08-29,60,No Response,Budget approved
A002811,D00228,R001,Call,2024-11-25,120,No Response,Awaiting legal review
A002812,D00318,R003,Demo,2023-09-24,60,Positive,Awaiting legal review
A002813,D00802,R002,Call,2024-04-17,60,Positive,
A002814,D00874,R004,Meeting,2024-02-02,45,Neutral,Budget approved
A002815,D00472,R005,Demo,2023-06-21,90,Neutral,Awaiting legal review
A002816,D01080,R004,Proposal Sent,2024-10-10,45,Negative,Budget approved
A002817,D00625,R001,Follow-up,2023-06-20,15,Positive,Champion confirmed
A002818,D00013,R005,Meeting,2023-07-04,45,No Response,Follow up scheduled
A002819,D01042,R004,Follow-up,2024-04-13,30,Positive,Stakeholder meeting set
A002820,D00694,R001,Meeting,2023-05-04,60,Positive,Follow up scheduled
A002821,D00973,R005,Follow-up,2023-11-27,45,Neutral,Awaiting legal review
A002822,D00113,R003,Call,2024-05-28,120,Neutral,Stakeholder meeting set
A002823,D00229,R001,Email,2024-06-19,30,Neutral,Stakeholder meeting set
A002824,D00171,R002,Proposal Sent,2023-02-12,15,Negative,
A002825,D00295,R004,Email,2024-11-14,45,Positive,Champion confirmed
A002826,D00189,R003,Follow-up,2023-07-18,90,Positive,Awaiting legal review
A002827,D00426,R004,Call,2023-09-14,30,Negative,Sent pricing deck
A002828,D00977,R002,Meeting,2023-05-25,90,Positive,Follow up scheduled
A002829,D01103,R002,Demo,2023-04-08,15,Neutral,
A002830,D00658,R005,Email,2024-11-13,45,Positive,Follow up scheduled
A002831,D00919,R004,Meeting,2024-07-13,30,Positive,Budget approved
A002832,D00499,R003,Email,2024-11-23,45,Positive,Decision deferred
A002833,D00762,R003,Demo,2023-10-22,90,Positive,
A002834,D00866,R003,Meeting,2024-12-31,30,Positive,Budget approved
A002835,D00826,R002,Meeting,2023-08-29,60,Positive,Awaiting legal review
A002836,D00071,R003,Follow-up,2023-12-14,60,No Response,Follow up scheduled
A002837,D00248,R002,Call,2023-12-30,30,No Response,Champion confirmed
A002838,D00146,R005,Proposal Sent,2024-04-21,90,Neutral,Sent pricing deck
A002839,D00582,R003,Proposal Sent,2023-12-18,30,Negative,Budget approved
A002840,D00470,R001,Email,2024-03-13,15,No Response,Follow up scheduled
A002841,D00193,R004,Follow-up,2024-01-03,60,Neutral,
A002842,D01092,R003,Proposal Sent,2024-10-21,15,Neutral,Stakeholder meeting set
A002843,D00494,R002,Meeting,2023-06-25,45,No Response,Budget approved
A002844,D00052,R002,Meeting,2024-11-02,60,Neutral,
A002845,D00882,R003,Proposal Sent,2024-01-19,30,No Response,Follow up scheduled
A002846,D00363,R002,Email,2023-09-06,45,Positive,Stakeholder meeting set
A002847,D00917,R001,Follow-up,2023-10-05,45,Positive,
A002848,D00474,R005,Proposal Sent,2023-10-03,30,No Response,Follow up scheduled
A002849,D00521,R005,Demo,2023-08-17,120,Negative,Decision deferred
A002850,D00691,R002,Email,2023-08-05,30,Negative,Follow up scheduled
A002851,D01152,R004,Meeting,2024-12-31,90,Neutral,Awaiting legal review
A002852,D00532,R004,Meeting,2023-12-23,15,Neutral,Sent pricing deck
A002853,D00840,R002,Proposal Sent,2024-12-26,30,Positive,Awaiting legal review
A002854,D01089,R005,Email,2024-09-18,30,Neutral,Decision deferred
A002855,D00241,R005,Meeting,2023-12-08,60,Positive,Budget approved
A002856,D00536,R001,Email,2024-06-27,120,Negative,Champion confirmed
A002857,D00083,R001,Call,2024-11-08,60,Neutral,
A002858,D00982,R002,Demo,2024-03-04,120,Neutral,Follow up scheduled
A002859,D00951,R005,Proposal Sent,2024-01-22,15,Negative,Awaiting legal review
A002860,D00611,R003,Demo,2024-12-10,15,No Response,Awaiting legal review
A002861,D00574,R005,Email,2024-09-13,60,Positive,
A002862,D00286,R003,Call,2024-01-02,90,Neutral,Budget approved
A002863,D00989,R001,Proposal Sent,2023-02-26,120,Positive,Champion confirmed
A002864,D00459,R002,Email,2023-10-25,30,Positive,Stakeholder meeting set
A002865,D00126,R001,Call,2024-11-02,60,No Response,Stakeholder meeting set
A002866,D00425,R001,Demo,2024-12-22,120,Neutral,Budget approved
A002867,D00554,R004,Demo,2023-05-15,90,Positive,Decision deferred
A002868,D00610,R004,Email,2024-05-18,90,Positive,Sent pricing deck
A002869,D01182,R002,Meeting,2024-12-24,90,No Response,Champion confirmed
A002870,D00112,R004,Follow-up,2023-09-18,60,Negative,Budget approved
A002871,D00402,R005,Follow-up,2024-11-28,15,Neutral,Stakeholder meeting set
A002872,D00122,R004,Proposal Sent,2023-12-12,90,Negative,Budget approved
A002873,D00273,R005,Email,2023-05-30,90,Neutral,Stakeholder meeting set
A002874,D00398,R002,Proposal Sent,2023-04-21,30,Positive,Decision deferred
A002875,D00471,R002,Email,2024-05-16,60,Neutral,Stakeholder meeting set
A002876,D00985,R002,Email,2024-07-22,120,Negative,Decision deferred
A002877,D01134,R004,Proposal Sent,2024-09-02,90,Negative,Sent pricing deck
A002878,D00569,R001,Demo,2024-12-15,30,Positive,Follow up scheduled
A002879,D01138,R005,Call,2024-05-19,90,No Response,Awaiting legal review
A002880,D00897,R005,Call,2024-05-06,30,Positive,Decision deferred
A002881,D00820,R002,Call,2024-07-25,45,Negative,Awaiting legal review
A002882,D00853,R002,Demo,2024-09-21,15,No Response,Follow up scheduled
A002883,D00710,R002,Proposal Sent,2024-01-17,120,Neutral,Stakeholder meeting set
A002884,D00321,R002,Email,2023-09-06,30,Neutral,Champion confirmed
A002885,D00179,R004,Call,2024-12-22,15,Positive,Stakeholder meeting set
A002886,D00897,R005,Email,2024-04-15,90,No Response,Stakeholder meeting set
A002887,D00219,R001,Email,2024-10-07,45,Positive,Sent pricing deck
A002888,D00789,R002,Proposal Sent,2023-09-15,30,Neutral,Awaiting legal review
A002889,D00492,R004,Proposal Sent,2023-07-23,30,Negative,Follow up scheduled
A002890,D00061,R003,Proposal Sent,2024-03-14,15,Negative,Follow up scheduled
A002891,D01078,R005,Call,2024-12-09,15,No Response,Stakeholder meeting set
A002892,D00538,R005,Proposal Sent,2023-04-18,45,Negative,Champion confirmed
A002893,D00848,R004,Proposal Sent,2024-01-03,45,Neutral,
A002894,D00988,R004,Meeting,2023-09-15,30,Neutral,Decision deferred
A002895,D00065,R003,Follow-up,2024-05-24,45,Neutral,Stakeholder meeting set
A002896,D00586,R005,Proposal Sent,2024-11-06,15,Positive,Sent pricing deck
A002897,D00171,R002,Call,2023-03-17,60,Positive,Champion confirmed
A002898,D00535,R003,Proposal Sent,2024-03-11,30,Neutral,Budget approved
A002899,D00693,R003,Call,2023-04-26,90,Positive,Sent pricing deck
A002900,D00108,R002,Demo,2024-11-12,30,No Response,Stakeholder meeting set
A002901,D01186,R003,Meeting,2024-07-01,120,Neutral,Sent pricing deck
A002902,D00814,R004,Demo,2024-08-09,90,Positive,Follow up scheduled
A002903,D01005,R005,Proposal Sent,2024-03-06,15,Neutral,Stakeholder meeting set
A002904,D00452,R001,Demo,2024-10-04,45,Negative,
A002905,D00590,R005,Email,2024-11-12,120,Negative,Follow up scheduled
A002906,D01040,R005,Follow-up,2024-03-13,45,Neutral,Budget approved
A002907,D00327,R005,Follow-up,2024-01-03,15,No Response,Stakeholder meeting set
A002908,D00608,R003,Email,2024-12-13,90,Neutral,Budget approved
A002909,D00659,R005,Meeting,2023-12-26,120,Positive,Champion confirmed
A002910,D00002,R001,Demo,2024-03-02,15,Neutral,Awaiting legal review
A002911,D01034,R004,Demo,2024-02-15,45,Negative,Champion confirmed
A002912,D00434,R001,Demo,2023-05-16,90,Neutral,Follow up scheduled
A002913,D00125,R001,Follow-up,2024-02-27,30,Neutral,
A002914,D01105,R005,Demo,2024-10-10,45,Neutral,
A002915,D00485,R003,Meeting,2024-12-24,60,Positive,Decision deferred
A002916,D00652,R002,Demo,2023-08-15,120,Positive,Champion confirmed
A002917,D01174,R002,Meeting,2024-06-05,30,No Response,Champion confirmed
A002918,D00800,R004,Proposal Sent,2024-12-22,60,Neutral,Follow up scheduled
A002919,D00873,R004,Email,2023-03-12,120,Positive,Stakeholder meeting set
A002920,D00129,R005,Demo,2023-12-04,90,No Response,Budget approved
A002921,D00438,R001,Follow-up,2024-12-08,120,Neutral,Budget approved
A002922,D00751,R002,Follow-up,2024-06-06,15,Neutral,Decision deferred
A002923,D00501,R001,Follow-up,2023-06-28,90,Positive,Awaiting legal review
A002924,D01082,R001,Meeting,2024-12-27,15,Positive,Stakeholder meeting set
A002925,D00211,R003,Call,2024-02-21,45,No Response,Decision deferred
A002926,D00902,R005,Meeting,2024-12-24,60,Neutral,Follow up scheduled
A002927,D00045,R001,Demo,2023-06-01,15,Negative,Decision deferred
A002928,D01121,R003,Call,2024-06-07,120,Neutral,Stakeholder meeting set
A002929,D00535,R003,Email,2023-12-30,45,Negative,Sent pricing deck
A002930,D00461,R001,Follow-up,2024-09-12,30,Positive,
A002931,D00391,R002,Follow-up,2023-08-09,15,Positive,Budget approved
A002932,D01068,R003,Demo,2024-11-27,90,Positive,Budget approved
A002933,D00027,R001,Demo,2023-08-29,90,No Response,Stakeholder meeting set
A002934,D00794,R002,Meeting,2024-03-12,30,No Response,Awaiting legal review
A002935,D01121,R003,Follow-up,2024-06-16,30,Positive,
A002936,D00975,R004,Meeting,2023-09-04,60,Neutral,Stakeholder meeting set
A002937,D00548,R001,Email,2023-06-15,45,No Response,Sent pricing deck
A002938,D00621,R003,Proposal Sent,2023-10-02,60,Negative,Follow up scheduled
A002939,D00567,R005,Call,2024-08-31,15,Neutral,Stakeholder meeting set
A002940,D00704,R001,Demo,2023-06-02,120,Neutral,Stakeholder meeting set
A002941,D00185,R003,Call,2024-12-13,15,Neutral,
A002942,D01093,R003,Call,2024-06-19,30,Positive,Awaiting legal review
A002943,D01154,R004,Email,2024-05-16,90,Neutral,Champion confirmed
A002944,D00848,R004,Email,2023-12-28,120,Neutral,Follow up scheduled
A002945,D00599,R001,Proposal Sent,2023-04-03,90,No Response,Stakeholder meeting set
A002946,D00806,R001,Follow-up,2024-03-07,15,No Response,Follow up scheduled
A002947,D01178,R003,Demo,2024-04-14,90,Positive,Sent pricing deck
A002948,D00079,R002,Email,2023-09-29,45,Negative,Decision deferred
A002949,D00579,R002,Call,2024-02-27,60,Positive,Follow up scheduled
A002950,D00413,R005,Follow-up,2023-05-24,30,Neutral,Champion confirmed
A002951,D00546,R002,Call,2024-02-25,90,Neutral,
A002952,D00169,R004,Email,2024-12-12,30,No Response,Champion confirmed
A002953,D00681,R005,Proposal Sent,2024-04-26,120,Neutral,Decision deferred
A002954,D00583,R003,Proposal Sent,2024-11-04,90,Neutral,Budget approved
A002955,D00515,R001,Meeting,2023-09-21,90,Positive,Awaiting legal review
A002956,D00032,R004,Meeting,2024-10-11,60,Neutral,Budget approved
A002957,D00287,R005,Call,2024-10-26,120,Positive,Champion confirmed
A002958,D00594,R001,Proposal Sent,2024-12-13,120,Positive,Budget approved
A002959,D01067,R003,Follow-up,2024-04-16,60,Neutral,
A002960,D00617,R004,Call,2023-11-01,120,Negative,Budget approved
A002961,D01025,R001,Email,2023-03-08,45,Neutral,Champion confirmed
A002962,D00270,R004,Follow-up,2024-01-19,30,Negative,Awaiting legal review
A002963,D00518,R005,Call,2024-12-20,60,Neutral,Stakeholder meeting set
A002964,D01127,R005,Email,2024-04-27,120,Neutral,
A002965,D01034,R004,Demo,2024-01-26,45,Neutral,Decision deferred
A002966,D00583,R003,Meeting,2024-12-05,90,Neutral,Sent pricing deck
A002967,D01114,R001,Demo,2024-07-12,60,Negative,Champion confirmed
A002968,D00226,R005,Proposal Sent,2023-08-12,90,Negative,Champion confirmed
A002969,D00670,R005,Demo,2024-03-30,45,Negative,Awaiting legal review
A002970,D00917,R001,Follow-up,2023-09-17,30,Positive,Budget approved
A002971,D00126,R001,Call,2024-09-05,120,Positive,Follow up scheduled
A002972,D00956,R003,Proposal Sent,2024-03-07,90,Negative,Budget approved
A002973,D01121,R003,Proposal Sent,2024-07-13,60,Positive,Sent pricing deck
A002974,D00074,R005,Email,2024-03-18,120,No Response,Decision deferred
A002975,D00056,R004,Call,2024-08-19,90,Negative,Decision deferred
A002976,D00720,R003,Follow-up,2023-11-02,120,Neutral,Decision deferred
A002977,D00553,R005,Meeting,2024-07-04,90,Neutral,Decision deferred
A002978,D00032,R004,Email,2024-10-28,30,Neutral,Champion confirmed
A002979,D00574,R005,Follow-up,2024-10-11,90,Negative,Follow up scheduled
A002980,D00667,R001,Follow-up,2024-03-01,120,Positive,Awaiting legal review
A002981,D00284,R003,Demo,2023-05-01,120,No Response,Stakeholder meeting set
A002982,D00187,R003,Proposal Sent,2023-09-02,30,Positive,Budget approved
A002983,D00498,R005,Demo,2024-07-02,45,Neutral,Stakeholder meeting set
A002984,D00130,R005,Meeting,2024-07-11,120,Positive,Stakeholder meeting set
A002985,D00639,R005,Meeting,2023-08-03,90,Positive,Follow up scheduled
A002986,D00114,R002,Demo,2024-10-23,45,Positive,Decision deferred
A002987,D00013,R005,Meeting,2023-09-24,120,Negative,Awaiting legal review
A002988,D00444,R005,Follow-up,2024-07-05,45,No Response,Budget approved
A002989,D00447,R003,Meeting,2024-12-30,30,Positive,Follow up scheduled
A002990,D00986,R002,Meeting,2023-09-24,15,Positive,Awaiting legal review
A002991,D00993,R001,Call,2024-04-05,45,Negative,Decision deferred
A002992,D00715,R001,Email,2024-05-25,45,Positive,Awaiting legal review
A002993,D00074,R005,Demo,2024-01-20,60,Negative,Stakeholder meeting set
A002994,D00537,R001,Email,2023-02-07,30,Positive,Sent pricing deck
A002995,D00101,R003,Proposal Sent,2024-07-17,45,Neutral,Follow up scheduled
A002996,D00176,R005,Demo,2024-01-18,60,Positive,Sent pricing deck
A002997,D00427,R005,Call,2023-09-14,45,No Response,Stakeholder meeting set
A002998,D01141,R004,Proposal Sent,2023-04-30,15,Neutral,Champion confirmed
A002999,D01190,R004,Call,2024-10-01,120,Neutral,
A003000,D00041,R003,Meeting,2024-12-31,60,Negative,Champion confirmed
A003001,D00429,R003,Meeting,2024-02-02,120,Neutral,Follow up scheduled
A003002,D00344,R001,Demo,2024-12-20,30,Positive,Sent pricing deck
A003003,D00366,R002,Meeting,2024-05-04,15,No Response,Sent pricing deck
A003004,D01144,R004,Meeting,2023-04-20,15,Positive,Decision deferred
A003005,D00609,R004,Proposal Sent,2023-06-30,15,Neutral,Stakeholder meeting set
A003006,D00657,R001,Follow-up,2024-10-23,45,Neutral,Awaiting legal review
A003007,D00728,R001,Proposal Sent,2023-04-06,90,Positive,Decision deferred
A003008,D00229,R001,Email,2024-04-28,120,Positive,Awaiting legal review
A003009,D00825,R002,Email,2023-03-21,45,Positive,Champion confirmed
A003010,D01154,R004,Demo,2024-01-29,15,Neutral,
A003011,D00889,R003,Follow-up,2024-05-27,120,Positive,Champion confirmed
A003012,D00984,R004,Meeting,2024-03-27,15,Positive,Decision deferred
A003013,D00836,R004,Call,2023-06-10,15,Neutral,
A003014,D00117,R005,Demo,2024-09-19,30,Negative,Sent pricing deck
A003015,D00818,R001,Meeting,2023-06-01,30,No Response,Decision deferred
A003016,D00368,R004,Demo,2024-06-04,30,Positive,Decision deferred
A003017,D01118,R005,Demo,2024-12-09,30,Negative,Decision deferred
A003018,D00168,R001,Meeting,2023-04-13,60,Positive,Follow up scheduled
A003019,D00954,R001,Call,2024-11-11,30,Neutral,Awaiting legal review
A003020,D00661,R003,Demo,2024-01-18,90,Positive,Decision deferred
A003021,D00695,R001,Meeting,2024-11-19,45,Positive,Decision deferred
A003022,D00925,R001,Meeting,2023-05-27,30,No Response,Champion confirmed
A003023,D00152,R001,Follow-up,2023-06-04,60,Negative,Decision deferred
A003024,D00586,R005,Follow-up,2024-12-04,45,Positive,Follow up scheduled
A003025,D00913,R002,Demo,2023-12-13,120,Negative,Awaiting legal review
A003026,D00274,R002,Meeting,2023-05-05,15,Neutral,Follow up scheduled
A003027,D00496,R001,Meeting,2023-06-08,15,Negative,Decision deferred
A003028,D00101,R003,Follow-up,2024-05-15,90,Positive,Awaiting legal review
A003029,D00557,R003,Follow-up,2024-08-15,90,Positive,Decision deferred
A003030,D01106,R005,Demo,2024-03-27,30,Neutral,Champion confirmed
A003031,D00073,R002,Follow-up,2024-12-29,30,Positive,Stakeholder meeting set
A003032,D01038,R002,Proposal Sent,2024-11-13,45,Negative,Stakeholder meeting set
A003033,D00157,R002,Meeting,2023-07-04,45,Neutral,Follow up scheduled
A003034,D00735,R004,Meeting,2024-11-28,90,Positive,Decision deferred
A003035,D00132,R005,Email,2023-05-28,120,Neutral,Follow up scheduled
A003036,D01019,R004,Demo,2023-09-18,30,Positive,Budget approved
A003037,D00559,R001,Follow-up,2023-11-14,90,Negative,Stakeholder meeting set
A003038,D00107,R002,Email,2024-01-25,90,Positive,Follow up scheduled
A003039,D00265,R002,Email,2024-12-10,120,No Response,Stakeholder meeting set
A003040,D01103,R002,Demo,2023-04-09,90,Neutral,Stakeholder meeting set
A003041,D00155,R003,Email,2024-11-19,90,Positive,Budget approved
A003042,D00988,R004,Demo,2023-08-20,120,Positive,Awaiting legal review
A003043,D00997,R005,Call,2024-03-30,15,Positive,Stakeholder meeting set
A003044,D00247,R005,Demo,2024-10-29,30,Neutral,Follow up scheduled
A003045,D00531,R003,Proposal Sent,2023-07-23,90,No Response,Sent pricing deck
A003046,D00858,R002,Demo,2024-10-18,30,Neutral,
A003047,D00538,R005,Follow-up,2023-03-15,120,Positive,
A003048,D00729,R003,Follow-up,2023-01-14,45,Neutral,Sent pricing deck
A003049,D01178,R003,Call,2024-06-10,45,Negative,Decision deferred
A003050,D00154,R002,Follow-up,2023-04-14,30,No Response,
A003051,D00092,R001,Meeting,2024-03-05,120,Negative,Stakeholder meeting set
A003052,D00338,R001,Proposal Sent,2024-05-03,15,Neutral,
A003053,D01155,R004,Email,2023-11-09,45,Neutral,
A003054,D00450,R002,Call,2024-11-25,120,Negative,Champion confirmed
A003055,D00810,R001,Follow-up,2024-11-15,15,No Response,Stakeholder meeting set
A003056,D00787,R002,Demo,2024-12-25,90,Positive,Awaiting legal review
A003057,D00273,R005,Proposal Sent,2023-07-12,30,Positive,Sent pricing deck
A003058,D00588,R004,Proposal Sent,2024-08-14,30,No Response,Awaiting legal review
A003059,D00177,R005,Follow-up,2023-08-26,60,Positive,Budget approved
A003060,D00831,R005,Demo,2024-03-28,15,Positive,Budget approved
A003061,D00643,R005,Demo,2023-06-30,30,No Response,Stakeholder meeting set
A003062,D01073,R003,Call,2024-02-14,45,Neutral,
A003063,D00567,R005,Meeting,2024-11-11,45,Positive,Budget approved
A003064,D00666,R005,Call,2024-10-17,15,Neutral,Stakeholder meeting set
A003065,D00868,R005,Call,2024-12-29,120,No Response,Decision deferred
A003066,D01070,R005,Email,2024-06-14,90,Neutral,Decision deferred
A003067,D00302,R005,Email,2024-09-29,30,No Response,Awaiting legal review
A003068,D00868,R005,Email,2024-12-18,90,Neutral,Follow up scheduled
A003069,D00912,R004,Email,2023-12-30,15,No Response,Champion confirmed
A003070,D00408,R005,Email,2024-08-02,90,Neutral,Budget approved
A003071,D00822,R001,Proposal Sent,2024-10-23,15,Neutral,Follow up scheduled
A003072,D01153,R003,Call,2024-05-11,30,Neutral,Awaiting legal review
A003073,D00561,R001,Proposal Sent,2024-11-15,15,Positive,
A003074,D01142,R004,Meeting,2023-03-07,60,Negative,Sent pricing deck
A003075,D00464,R003,Follow-up,2024-06-10,90,Neutral,Awaiting legal review
A003076,D00144,R005,Call,2024-01-07,15,Positive,Stakeholder meeting set
A003077,D00442,R005,Follow-up,2024-09-17,120,Negative,Awaiting legal review
A003078,D01181,R001,Meeting,2023-07-01,15,No Response,
A003079,D00487,R004,Follow-up,2024-11-16,45,No Response,Stakeholder meeting set
A003080,D00860,R002,Follow-up,2024-12-07,90,Neutral,Decision deferred
A003081,D01158,R005,Email,2023-08-14,45,No Response,Sent pricing deck
A003082,D00148,R003,Demo,2023-03-26,60,Positive,
A003083,D01095,R001,Demo,2023-07-25,120,Neutral,Decision deferred
A003084,D00811,R002,Email,2024-04-15,15,Neutral,Sent pricing deck
A003085,D00666,R005,Meeting,2024-10-21,120,Positive,Awaiting legal review
A003086,D00090,R002,Meeting,2023-09-16,30,Positive,Sent pricing deck
A003087,D00199,R002,Call,2023-09-22,120,Positive,
A003088,D01185,R003,Proposal Sent,2024-11-16,60,No Response,Budget approved
A003089,D00538,R005,Meeting,2023-05-13,90,Positive,Stakeholder meeting set
A003090,D01145,R001,Proposal Sent,2023-08-17,45,Positive,Champion confirmed
A003091,D00301,R001,Meeting,2023-07-11,90,Neutral,
A003092,D00724,R002,Email,2024-03-27,30,Positive,Follow up scheduled
A003093,D00963,R003,Email,2024-09-22,90,Positive,Awaiting legal review
A003094,D00068,R005,Demo,2023-09-12,60,Neutral,Sent pricing deck
A003095,D00459,R002,Meeting,2023-08-02,60,Positive,Sent pricing deck
A003096,D00398,R002,Meeting,2023-03-29,90,Neutral,Champion confirmed
A003097,D00620,R005,Call,2023-04-07,120,Positive,Sent pricing deck
A003098,D01164,R001,Proposal Sent,2023-02-19,60,Neutral,Follow up scheduled
A003099,D00730,R002,Follow-up,2023-03-15,60,Neutral,
A003100,D00556,R003,Call,2024-08-17,30,Positive,Stakeholder meeting set
A003101,D00781,R003,Meeting,2023-04-01,120,Positive,Decision deferred
A003102,D00894,R004,Follow-up,2023-05-01,45,Negative,
A003103,D00610,R004,Meeting,2024-04-15,90,Positive,Decision deferred
A003104,D00748,R002,Call,2023-07-30,60,Neutral,Champion confirmed
A003105,D00282,R001,Follow-up,2023-05-03,45,Positive,Champion confirmed
A003106,D00661,R003,Call,2024-02-15,30,Positive,Champion confirmed
A003107,D00924,R004,Meeting,2023-03-21,120,Neutral,Awaiting legal review
A003108,D00996,R004,Email,2024-04-06,30,Neutral,Budget approved
A003109,D00746,R002,Follow-up,2023-04-03,60,Positive,Follow up scheduled
A003110,D00087,R003,Demo,2023-09-23,60,Neutral,
A003111,D01103,R002,Meeting,2023-04-11,90,Positive,Budget approved
A003112,D00791,R003,Email,2024-11-14,30,Neutral,Champion confirmed
A003113,D00304,R005,Follow-up,2024-04-24,45,Positive,Champion confirmed
A003114,D00130,R005,Follow-up,2024-06-19,15,Positive,Stakeholder meeting set
A003115,D00596,R001,Demo,2023-10-23,15,No Response,Decision deferred
A003116,D00558,R005,Meeting,2024-05-12,30,Positive,Budget approved
A003117,D00899,R001,Email,2023-10-01,120,Negative,Awaiting legal review
A003118,D00078,R003,Follow-up,2023-07-22,45,Neutral,Stakeholder meeting set
A003119,D00784,R001,Call,2024-03-21,90,Positive,Champion confirmed
A003120,D00674,R002,Email,2023-04-06,60,Neutral,
A003121,D00238,R004,Proposal Sent,2023-08-14,90,Positive,Follow up scheduled
A003122,D01158,R005,Proposal Sent,2023-09-15,45,Positive,Budget approved
A003123,D00278,R002,Email,2023-06-27,15,Negative,Sent pricing deck
A003124,D01042,R004,Demo,2024-01-15,30,No Response,
A003125,D00524,R001,Proposal Sent,2024-12-03,30,Positive,Decision deferred
A003126,D00180,R004,Email,2024-09-29,15,No Response,Sent pricing deck
A003127,D00123,R004,Proposal Sent,2024-06-25,120,Neutral,Sent pricing deck
A003128,D01075,R002,Call,2024-11-11,120,Neutral,Stakeholder meeting set
A003129,D01095,R001,Demo,2023-06-10,30,Neutral,Sent pricing deck
A003130,D00480,R003,Email,2023-06-03,45,Negative,Follow up scheduled
A003131,D01043,R001,Call,2024-10-12,45,Neutral,Awaiting legal review
A003132,D00084,R004,Follow-up,2023-08-04,15,No Response,Awaiting legal review
A003133,D01179,R005,Follow-up,2024-10-09,30,Positive,Budget approved
A003134,D00565,R001,Demo,2024-01-06,45,Positive,Decision deferred
A003135,D00619,R004,Call,2023-12-17,15,Negative,Stakeholder meeting set
A003136,D00357,R003,Meeting,2024-11-28,90,Negative,Decision deferred
A003137,D00816,R003,Follow-up,2024-11-13,30,Neutral,Follow up scheduled
A003138,D00647,R005,Email,2024-12-27,60,Positive,Budget approved
A003139,D00443,R003,Demo,2024-08-22,60,Positive,Follow up scheduled
A003140,D01093,R003,Proposal Sent,2024-08-01,45,Negative,Budget approved
A003141,D00523,R001,Follow-up,2024-07-14,15,Negative,Follow up scheduled
A003142,D00143,R005,Email,2023-12-27,30,No Response,Sent pricing deck
A003143,D00192,R001,Meeting,2023-01-10,90,No Response,Stakeholder meeting set
A003144,D00378,R001,Meeting,2024-02-24,30,Positive,Sent pricing deck
A003145,D00581,R005,Follow-up,2023-05-10,120,Positive,Decision deferred
A003146,D00535,R003,Call,2023-12-05,30,Positive,Sent pricing deck
A003147,D01033,R003,Demo,2024-09-08,60,Positive,Follow up scheduled
A003148,D00093,R005,Proposal Sent,2024-05-19,45,Neutral,Sent pricing deck
A003149,D00529,R004,Follow-up,2023-09-11,45,Positive,Champion confirmed
A003150,D01178,R003,Follow-up,2024-03-25,30,Neutral,Stakeholder meeting set
A003151,D00405,R001,Email,2023-09-13,30,Neutral,Sent pricing deck
A003152,D00840,R002,Meeting,2024-12-29,120,Negative,Stakeholder meeting set
A003153,D01173,R005,Email,2023-12-20,60,Neutral,Sent pricing deck
A003154,D00889,R003,Demo,2024-05-19,120,Neutral,Decision deferred
A003155,D00422,R005,Email,2024-01-09,120,Positive,Budget approved
A003156,D00472,R005,Call,2023-06-02,30,Positive,Sent pricing deck
A003157,D00893,R001,Follow-up,2024-10-28,15,Neutral,Decision deferred
A003158,D00547,R005,Proposal Sent,2024-11-13,90,Positive,Sent pricing deck
A003159,D00631,R005,Email,2024-03-09,45,Positive,Sent pricing deck
A003160,D01038,R002,Proposal Sent,2024-11-06,45,Neutral,Awaiting legal review
A003161,D00778,R005,Proposal Sent,2023-07-26,90,Positive,Sent pricing deck
A003162,D00364,R001,Call,2023-10-21,60,Positive,Follow up scheduled
A003163,D00119,R003,Email,2024-02-25,30,Negative,Follow up scheduled
A003164,D00546,R002,Meeting,2023-12-10,45,No Response,Decision deferred
A003165,D01193,R004,Proposal Sent,2023-03-18,90,Neutral,Budget approved
A003166,D00522,R004,Proposal Sent,2024-09-14,90,Neutral,Awaiting legal review
A003167,D00634,R003,Demo,2023-03-05,90,Positive,Sent pricing deck
A003168,D00963,R003,Proposal Sent,2024-09-03,30,Neutral,Sent pricing deck
A003169,D00958,R003,Follow-up,2024-11-26,60,Neutral,Stakeholder meeting set
A003170,D00883,R002,Email,2024-05-28,60,Positive,Budget approved
A003171,D00780,R002,Follow-up,2023-07-30,90,Positive,Stakeholder meeting set
A003172,D00871,R001,Call,2024-09-16,120,Positive,Follow up scheduled
A003173,D00516,R001,Email,2024-10-04,30,Positive,Stakeholder meeting set
A003174,D00938,R001,Call,2024-07-31,30,Positive,Awaiting legal review
A003175,D00866,R003,Call,2024-12-30,30,Positive,Budget approved
A003176,D00106,R001,Email,2024-12-27,120,Positive,Budget approved
A003177,D01109,R003,Call,2023-06-14,60,Neutral,Sent pricing deck
A003178,D00214,R005,Call,2024-12-14,30,Positive,Decision deferred
A003179,D01145,R001,Call,2023-07-05,45,Positive,Awaiting legal review
A003180,D01156,R005,Email,2023-05-27,60,Neutral,Follow up scheduled
A003181,D00850,R003,Call,2023-10-01,90,No Response,Champion confirmed
A003182,D00197,R005,Follow-up,2023-10-09,120,Neutral,
A003183,D00019,R005,Follow-up,2023-08-12,60,Negative,
A003184,D00642,R005,Email,2024-09-23,90,Negative,
A003185,D01036,R002,Call,2024-12-26,15,Positive,Stakeholder meeting set
A003186,D01105,R005,Demo,2024-09-06,120,Positive,Champion confirmed
A003187,D00330,R004,Call,2024-01-23,120,Positive,Stakeholder meeting set
A003188,D00866,R003,Email,2024-12-15,120,Neutral,
A003189,D00774,R002,Call,2024-09-24,45,Negative,Decision deferred
A003190,D00392,R002,Demo,2024-09-22,30,Neutral,Budget approved
A003191,D00637,R003,Email,2024-01-16,60,Negative,Champion confirmed
A003192,D00307,R003,Call,2024-02-28,60,No Response,Awaiting legal review
A003193,D00895,R002,Follow-up,2024-01-25,120,Negative,Stakeholder meeting set
A003194,D00652,R002,Call,2023-09-26,30,Neutral,Sent pricing deck
A003195,D00841,R004,Proposal Sent,2024-12-31,30,Negative,Champion confirmed
A003196,D01026,R001,Meeting,2023-06-14,120,Positive,Decision deferred
A003197,D00520,R004,Meeting,2024-06-27,90,Neutral,Follow up scheduled
A003198,D00636,R001,Follow-up,2024-05-11,15,Positive,Champion confirmed
A003199,D00740,R002,Meeting,2024-01-23,120,Positive,Stakeholder meeting set
A003200,D00469,R002,Call,2024-06-11,15,Negative,Awaiting legal review
A003201,D00212,R001,Proposal Sent,2023-11-21,90,Positive,Sent pricing deck
A003202,D01136,R005,Call,2023-04-06,45,Positive,
A003203,D01032,R003,Email,2024-06-26,45,Positive,
A003204,D00804,R002,Follow-up,2023-07-09,15,Neutral,Stakeholder meeting set
A003205,D00477,R002,Follow-up,2024-04-02,90,Neutral,Budget approved
A003206,D00874,R004,Demo,2024-01-21,120,Neutral,Awaiting legal review
A003207,D00460,R001,Demo,2024-10-28,60,Positive,Awaiting legal review
A003208,D00253,R001,Meeting,2023-12-19,30,Negative,Champion confirmed
A003209,D00752,R002,Email,2023-03-19,45,No Response,Stakeholder meeting set
A003210,D00981,R002,Proposal Sent,2024-07-05,45,Neutral,Stakeholder meeting set
A003211,D00854,R003,Follow-up,2024-06-06,30,Positive,Stakeholder meeting set
A003212,D00236,R005,Demo,2023-05-21,45,Positive,Champion confirmed
A003213,D00478,R002,Email,2024-06-24,120,Positive,Sent pricing deck
A003214,D00679,R002,Demo,2024-06-27,15,Neutral,Champion confirmed
A003215,D01044,R004,Follow-up,2024-07-03,45,Positive,Sent pricing deck
A003216,D00216,R001,Proposal Sent,2024-08-28,60,Neutral,Stakeholder meeting set
A003217,D00855,R002,Follow-up,2024-10-16,30,No Response,Awaiting legal review
A003218,D00135,R004,Meeting,2023-09-12,45,Negative,Follow up scheduled
A003219,D00905,R002,Demo,2023-11-12,120,Positive,Sent pricing deck
A003220,D01153,R003,Call,2024-07-06,60,No Response,Decision deferred
A003221,D00410,R001,Call,2024-12-16,45,Positive,
A003222,D00086,R005,Proposal Sent,2024-01-16,60,No Response,Follow up scheduled
A003223,D00556,R003,Call,2024-09-29,120,Positive,Sent pricing deck
A003224,D00378,R001,Proposal Sent,2024-02-28,15,Neutral,Champion confirmed
A003225,D01075,R002,Demo,2024-11-29,120,Neutral,Stakeholder meeting set
A003226,D00242,R002,Call,2024-02-06,15,Positive,Decision deferred
A003227,D00920,R004,Follow-up,2024-11-11,45,No Response,Awaiting legal review
A003228,D00266,R002,Meeting,2024-04-01,30,Positive,Budget approved
A003229,D01144,R004,Call,2023-04-03,30,No Response,Sent pricing deck
A003230,D00712,R003,Proposal Sent,2024-12-22,90,Neutral,Champion confirmed
A003231,D00070,R003,Meeting,2024-09-06,120,Negative,Budget approved
A003232,D00057,R005,Email,2023-06-08,15,Positive,Sent pricing deck
A003233,D00039,R005,Email,2024-04-07,30,Negative,Budget approved
A003234,D00801,R004,Demo,2024-11-01,120,Positive,Follow up scheduled
A003235,D01042,R004,Email,2024-05-09,30,Positive,Decision deferred
A003236,D00732,R002,Email,2024-11-19,120,Positive,Sent pricing deck
A003237,D00825,R002,Email,2023-05-05,30,Neutral,Awaiting legal review
A003238,D00756,R002,Meeting,2023-04-20,120,Neutral,
A003239,D00352,R002,Follow-up,2023-10-04,30,Positive,Sent pricing deck
A003240,D00283,R001,Proposal Sent,2024-12-14,90,Neutral,Follow up scheduled
A003241,D00110,R002,Follow-up,2023-10-05,30,No Response,Budget approved
A003242,D01017,R001,Follow-up,2023-12-28,45,Neutral,Budget approved
A003243,D00544,R003,Follow-up,2023-05-12,30,Positive,Decision deferred
A003244,D00025,R002,Email,2023-01-14,60,Positive,Follow up scheduled
A003245,D00843,R002,Demo,2024-12-08,60,Positive,Follow up scheduled
A003246,D00791,R003,Demo,2024-12-11,15,Positive,Champion confirmed
A003247,D00738,R002,Demo,2024-11-30,45,No Response,
A003248,D00057,R005,Demo,2023-05-26,30,Positive,
A003249,D00180,R004,Call,2024-12-21,120,Neutral,Champion confirmed
A003250,D00232,R002,Demo,2024-12-20,60,Negative,
A003251,D00343,R005,Follow-up,2023-05-24,15,Neutral,Sent pricing deck
A003252,D00477,R002,Proposal Sent,2024-07-01,90,No Response,
A003253,D00576,R004,Proposal Sent,2023-09-03,60,Neutral,
A003254,D00455,R002,Meeting,2024-06-11,45,No Response,Champion confirmed
A003255,D00289,R004,Meeting,2023-04-16,60,Neutral,Decision deferred
A003256,D00258,R005,Call,2024-11-28,90,Neutral,Champion confirmed
A003257,D00530,R004,Meeting,2024-11-19,120,Neutral,Decision deferred
A003258,D00687,R002,Demo,2024-12-22,90,Neutral,Follow up scheduled
A003259,D00929,R004,Demo,2023-05-24,15,Neutral,Stakeholder meeting set
A003260,D00229,R001,Follow-up,2024-04-11,90,Neutral,Sent pricing deck
A003261,D00596,R001,Follow-up,2023-11-11,60,Negative,Champion confirmed
A003262,D00435,R004,Email,2023-05-26,90,Neutral,Follow up scheduled
A003263,D00882,R003,Proposal Sent,2024-02-26,120,Neutral,Budget approved
A003264,D01021,R004,Follow-up,2023-07-17,15,Positive,Sent pricing deck
A003265,D00402,R005,Meeting,2024-12-11,45,Neutral,Champion confirmed
A003266,D00622,R002,Proposal Sent,2024-09-23,15,Negative,Stakeholder meeting set
A003267,D00088,R002,Follow-up,2023-05-04,60,Negative,Follow up scheduled
A003268,D00584,R005,Demo,2024-04-17,45,Neutral,Champion confirmed
A003269,D00309,R003,Call,2024-08-22,60,Positive,Stakeholder meeting set
A003270,D00906,R002,Email,2023-08-20,60,Positive,Stakeholder meeting set
A003271,D00343,R005,Meeting,2023-08-24,60,Positive,Follow up scheduled
A003272,D00436,R002,Meeting,2024-04-13,120,Positive,Stakeholder meeting set
A003273,D00177,R005,Meeting,2023-08-15,90,Neutral,Decision deferred
A003274,D00139,R001,Follow-up,2024-11-19,45,Positive,Stakeholder meeting set
A003275,D00194,R005,Demo,2024-01-12,30,Neutral,Budget approved
A003276,D01188,R004,Email,2023-04-18,60,Negative,Awaiting legal review
A003277,D01185,R003,Meeting,2024-12-11,120,No Response,Decision deferred
A003278,D00943,R003,Follow-up,2024-01-14,120,Positive,Sent pricing deck
A003279,D00525,R001,Email,2024-03-23,120,Positive,Decision deferred
A003280,D01066,R005,Follow-up,2024-01-26,15,No Response,Follow up scheduled
A003281,D00915,R003,Proposal Sent,2023-09-19,45,Neutral,Sent pricing deck
A003282,D00210,R002,Call,2024-07-06,45,Neutral,
A003283,D00741,R001,Follow-up,2023-05-01,60,Neutral,Follow up scheduled
A003284,D00862,R002,Demo,2024-07-08,15,No Response,Follow up scheduled
A003285,D00954,R001,Follow-up,2024-12-30,45,Neutral,Awaiting legal review
A003286,D00833,R005,Email,2024-11-09,90,Neutral,Budget approved
A003287,D00140,R004,Meeting,2023-10-11,30,Negative,Budget approved
A003288,D00792,R005,Meeting,2024-09-22,15,Neutral,Awaiting legal review
A003289,D00546,R002,Email,2024-01-26,15,Negative,Sent pricing deck
A003290,D01017,R001,Meeting,2024-02-06,60,Negative,Champion confirmed
A003291,D00057,R005,Call,2023-04-14,45,Neutral,Follow up scheduled
A003292,D00112,R004,Demo,2023-09-05,120,Positive,Follow up scheduled
A003293,D00005,R005,Call,2024-12-26,30,Positive,Awaiting legal review
A003294,D01037,R002,Meeting,2023-06-27,90,Neutral,
A003295,D00090,R002,Demo,2023-09-19,90,Negative,Follow up scheduled
A003296,D00616,R003,Call,2024-07-04,120,Negative,Budget approved
A003297,D00891,R002,Call,2024-12-22,90,No Response,
A003298,D00698,R001,Proposal Sent,2023-03-02,90,No Response,Decision deferred
A003299,D00898,R005,Meeting,2023-03-30,90,Positive,
A003300,D00971,R001,Demo,2024-09-19,90,Positive,Champion confirmed
A003301,D01132,R002,Email,2023-03-06,90,Neutral,Budget approved
A003302,D00668,R003,Call,2024-08-21,30,Positive,Budget approved
A003303,D00594,R001,Follow-up,2024-12-15,60,Negative,Sent pricing deck
A003304,D00589,R004,Email,2024-12-07,30,Neutral,Sent pricing deck
A003305,D00485,R003,Email,2024-12-14,15,Positive,Champion confirmed
A003306,D00982,R002,Meeting,2024-06-26,45,Positive,Decision deferred
A003307,D00972,R002,Meeting,2023-08-21,120,Neutral,Follow up scheduled
A003308,D00639,R005,Follow-up,2023-08-02,45,Positive,Decision deferred
A003309,D00997,R005,Email,2024-04-14,120,Neutral,Champion confirmed
A003310,D00282,R001,Email,2023-04-11,45,Positive,Sent pricing deck
A003311,D00986,R002,Proposal Sent,2023-08-22,15,Neutral,Follow up scheduled
A003312,D01112,R001,Email,2023-06-06,60,Positive,Awaiting legal review
A003313,D00016,R003,Proposal Sent,2023-08-12,30,Positive,Follow up scheduled
A003314,D01175,R001,Call,2024-12-02,30,Positive,Budget approved
A003315,D00936,R005,Call,2024-05-16,120,No Response,
A003316,D00254,R005,Call,2024-06-27,120,Negative,Champion confirmed
A003317,D00329,R002,Demo,2023-08-21,120,Positive,Awaiting legal review
A003318,D00544,R003,Email,2023-04-30,60,Positive,Stakeholder meeting set
A003319,D00783,R005,Proposal Sent,2024-04-07,90,Negative,Budget approved
A003320,D00997,R005,Follow-up,2024-04-08,30,Neutral,Sent pricing deck
A003321,D00845,R005,Demo,2023-08-14,45,Positive,
A003322,D01193,R004,Demo,2023-06-17,90,No Response,Awaiting legal review
A003323,D00366,R002,Call,2024-07-10,120,Neutral,Stakeholder meeting set
A003324,D00655,R003,Proposal Sent,2023-07-20,15,Positive,Budget approved
A003325,D00760,R003,Call,2024-08-09,30,Positive,Stakeholder meeting set
A003326,D00639,R005,Demo,2023-06-30,90,Positive,Stakeholder meeting set
A003327,D01064,R001,Email,2024-09-10,120,Positive,Stakeholder meeting set
A003328,D00924,R004,Follow-up,2023-07-01,30,Neutral,Follow up scheduled
A003329,D00416,R001,Email,2024-12-02,60,Positive,
A003330,D00255,R001,Follow-up,2023-12-14,90,Positive,
A003331,D01167,R001,Call,2023-05-07,45,Positive,Budget approved
A003332,D00710,R002,Call,2024-03-17,45,Positive,
A003333,D00577,R005,Meeting,2023-05-08,60,Positive,Budget approved
A003334,D00900,R005,Meeting,2024-04-18,45,Negative,Champion confirmed
A003335,D00011,R004,Demo,2023-08-30,60,Positive,Follow up scheduled
A003336,D00026,R003,Meeting,2023-09-11,15,Positive,Decision deferred
A003337,D00957,R004,Demo,2024-12-09,90,Neutral,
A003338,D00421,R005,Demo,2024-03-24,30,Neutral,Champion confirmed
A003339,D00496,R001,Proposal Sent,2023-08-07,45,No Response,Budget approved
A003340,D00237,R002,Meeting,2024-12-25,15,Neutral,Decision deferred
A003341,D01009,R005,Email,2023-11-21,45,Positive,Decision deferred
A003342,D00219,R001,Demo,2024-11-22,45,Negative,Awaiting legal review
A003343,D00461,R001,Email,2024-06-21,60,Positive,Champion confirmed
A003344,D00663,R004,Follow-up,2023-10-21,120,Positive,Follow up scheduled
A003345,D00635,R005,Proposal Sent,2023-05-07,30,Positive,Decision deferred
A003346,D01168,R002,Follow-up,2023-10-14,15,Negative,Budget approved
A003347,D00990,R002,Email,2023-09-14,120,Positive,Follow up scheduled
A003348,D00189,R003,Call,2023-07-20,45,Positive,Champion confirmed
A003349,D00255,R001,Follow-up,2023-12-18,120,Negative,Budget approved
A003350,D00068,R005,Follow-up,2023-06-21,120,Neutral,Budget approved
A003351,D00616,R003,Call,2024-05-03,60,Neutral,Stakeholder meeting set
A003352,D00336,R001,Follow-up,2023-02-16,30,Neutral,
A003353,D00671,R004,Demo,2024-09-08,90,Neutral,Budget approved
A003354,D00821,R003,Demo,2024-04-04,90,Neutral,Stakeholder meeting set
A003355,D00874,R004,Proposal Sent,2024-02-09,45,Negative,Sent pricing deck
A003356,D00300,R002,Meeting,2024-07-17,120,Positive,Sent pricing deck
A003357,D00357,R003,Follow-up,2024-12-29,45,Neutral,Decision deferred
A003358,D00256,R001,Follow-up,2024-06-27,15,Neutral,Decision deferred
A003359,D01008,R004,Call,2024-01-26,120,Positive,Follow up scheduled
A003360,D00353,R004,Call,2024-03-09,90,No Response,Awaiting legal review
A003361,D00524,R001,Call,2024-12-29,60,Positive,
A003362,D00950,R002,Demo,2024-04-03,120,Positive,Budget approved
A003363,D00756,R002,Demo,2023-04-17,120,No Response,Stakeholder meeting set
A003364,D00284,R003,Demo,2023-05-23,15,Positive,Awaiting legal review
A003365,D00099,R005,Proposal Sent,2024-01-18,15,No Response,Follow up scheduled
A003366,D00197,R005,Email,2023-08-31,30,Negative,Decision deferred
A003367,D00482,R003,Follow-up,2024-04-19,90,Positive,
A003368,D00878,R002,Follow-up,2024-08-03,45,Neutral,Stakeholder meeting set
A003369,D00615,R005,Demo,2023-07-25,30,Negative,Decision deferred
A003370,D00618,R002,Meeting,2023-04-21,60,Neutral,Budget approved
A003371,D00368,R004,Call,2024-06-22,90,Positive,Budget approved
A003372,D00570,R004,Call,2024-08-09,120,No Response,
A003373,D00590,R005,Follow-up,2024-10-18,30,Negative,Champion confirmed
A003374,D01099,R004,Meeting,2023-12-05,120,Neutral,Sent pricing deck
A003375,D01066,R005,Demo,2024-02-14,15,Positive,Decision deferred
A003376,D00422,R005,Email,2023-12-16,60,Neutral,Decision deferred
A003377,D00836,R004,Demo,2023-02-24,30,No Response,Budget approved
A003378,D00545,R004,Proposal Sent,2024-01-18,60,No Response,Awaiting legal review
A003379,D00071,R003,Demo,2024-02-19,30,No Response,Sent pricing deck
A003380,D01129,R002,Demo,2023-08-11,60,Positive,Follow up scheduled
A003381,D01125,R001,Call,2024-11-25,15,Neutral,Champion confirmed
A003382,D00768,R003,Proposal Sent,2024-11-05,60,Positive,Stakeholder meeting set
A003383,D00307,R003,Meeting,2023-12-21,90,Positive,Champion confirmed
A003384,D00377,R001,Meeting,2023-08-12,30,Positive,Decision deferred
A003385,D00655,R003,Meeting,2023-09-29,30,No Response,Budget approved
A003386,D00678,R005,Email,2024-03-17,120,Positive,Stakeholder meeting set
A003387,D00399,R002,Call,2023-07-10,120,Neutral,Stakeholder meeting set
A003388,D00221,R002,Follow-up,2024-08-04,120,Positive,Decision deferred
A003389,D00182,R005,Proposal Sent,2023-11-09,120,Positive,Follow up scheduled
A003390,D00307,R003,Call,2024-02-13,30,Positive,
A003391,D00522,R004,Call,2024-07-31,15,Neutral,Budget approved
A003392,D01014,R004,Call,2023-03-26,30,Neutral,Stakeholder meeting set
A003393,D00004,R004,Meeting,2023-09-08,15,Positive,Champion confirmed
A003394,D00863,R004,Demo,2023-02-16,90,No Response,
A003395,D00848,R004,Email,2023-10-22,60,Positive,Follow up scheduled
A003396,D00804,R002,Call,2023-04-16,30,Positive,Follow up scheduled
A003397,D00215,R004,Meeting,2023-07-16,15,No Response,Budget approved
A003398,D00972,R002,Email,2023-11-04,60,Positive,Decision deferred
A003399,D00101,R003,Follow-up,2024-08-14,45,Positive,Champion confirmed
A003400,D00963,R003,Email,2024-10-04,15,Neutral,Awaiting legal review
A003401,D00573,R005,Follow-up,2023-11-08,45,Neutral,
A003402,D00658,R005,Demo,2024-11-28,120,Neutral,Follow up scheduled
A003403,D00939,R002,Demo,2024-11-18,90,Negative,Budget approved
A003404,D01087,R001,Email,2023-11-29,45,Neutral,
A003405,D00226,R005,Call,2023-05-25,60,Neutral,Budget approved
A003406,D00105,R003,Meeting,2023-10-04,30,Neutral,Awaiting legal review
A003407,D00772,R002,Email,2023-06-26,90,No Response,Budget approved
A003408,D00429,R003,Follow-up,2024-04-17,30,Positive,Champion confirmed
A003409,D00434,R001,Proposal Sent,2023-06-21,45,Negative,Stakeholder meeting set
A003410,D01052,R005,Email,2023-07-05,120,No Response,Budget approved
A003411,D00682,R004,Meeting,2024-04-03,30,Positive,Awaiting legal review
A003412,D00588,R004,Follow-up,2024-07-16,30,No Response,Champion confirmed
A003413,D01093,R003,Proposal Sent,2024-07-24,45,Positive,Awaiting legal review
A003414,D00866,R003,Demo,2024-12-27,15,Neutral,Awaiting legal review
A003415,D00746,R002,Proposal Sent,2023-03-19,120,Negative,Stakeholder meeting set
A003416,D01191,R001,Demo,2023-06-05,60,Positive,Sent pricing deck
A003417,D00864,R004,Email,2024-08-21,15,Positive,Awaiting legal review
A003418,D00368,R004,Follow-up,2024-07-27,30,No Response,Budget approved
A003419,D00251,R002,Proposal Sent,2024-05-04,60,Neutral,
A003420,D00859,R001,Proposal Sent,2024-07-10,45,Positive,
A003421,D00856,R003,Email,2023-03-21,30,Positive,Champion confirmed
A003422,D01194,R005,Email,2024-05-10,60,Negative,Stakeholder meeting set
A003423,D01114,R001,Follow-up,2024-08-28,90,Neutral,Decision deferred
A003424,D00561,R001,Call,2024-11-27,60,Neutral,Budget approved
A003425,D00294,R001,Email,2024-09-13,45,Positive,Champion confirmed
A003426,D00919,R004,Demo,2024-05-31,15,Negative,
A003427,D01174,R002,Meeting,2024-05-18,90,Positive,Awaiting legal review
A003428,D01156,R005,Follow-up,2023-07-25,90,Positive,Follow up scheduled
A003429,D00433,R002,Call,2023-06-04,120,No Response,Decision deferred
A003430,D00059,R004,Call,2024-12-01,45,Negative,Sent pricing deck
A003431,D00969,R004,Demo,2024-11-02,60,No Response,Decision deferred
A003432,D00836,R004,Call,2023-02-25,30,Positive,Stakeholder meeting set
A003433,D00199,R002,Follow-up,2023-09-10,90,No Response,Stakeholder meeting set
A003434,D00215,R004,Proposal Sent,2023-07-15,15,Positive,Decision deferred
A003435,D00898,R005,Demo,2023-05-26,30,Positive,Awaiting legal review
A003436,D00472,R005,Email,2023-05-06,15,Neutral,Follow up scheduled
A003437,D00247,R005,Demo,2024-11-21,60,Negative,Champion confirmed
A003438,D00382,R002,Follow-up,2023-02-22,90,Positive,Champion confirmed
A003439,D00991,R002,Call,2023-12-27,45,Positive,Champion confirmed
A003440,D00927,R004,Follow-up,2024-01-06,60,Positive,Champion confirmed
A003441,D01192,R001,Proposal Sent,2023-04-18,90,Positive,Budget approved
A003442,D00560,R001,Follow-up,2023-09-20,90,No Response,
A003443,D01075,R002,Email,2024-12-10,120,Neutral,Follow up scheduled
A003444,D00689,R005,Email,2024-11-10,15,Neutral,Awaiting legal review
A003445,D00380,R002,Demo,2023-08-08,30,Positive,
A003446,D00474,R005,Email,2023-08-01,45,Negative,Sent pricing deck
A003447,D01104,R005,Follow-up,2023-07-17,60,No Response,Budget approved
A003448,D00697,R002,Meeting,2023-03-11,90,Neutral,Awaiting legal review
A003449,D00911,R001,Proposal Sent,2024-11-23,120,Neutral,Decision deferred
A003450,D00960,R002,Email,2023-11-17,45,No Response,
A003451,D00478,R002,Demo,2024-07-06,15,Negative,Budget approved
A003452,D01004,R004,Proposal Sent,2023-11-18,60,Neutral,Decision deferred
A003453,D00926,R002,Proposal Sent,2023-12-03,120,Neutral,Sent pricing deck
A003454,D00707,R003,Call,2023-07-10,60,Neutral,Champion confirmed
A003455,D00854,R003,Email,2024-07-21,45,Positive,
A003456,D01138,R005,Meeting,2024-02-16,30,Negative,Decision deferred
A003457,D01017,R001,Follow-up,2023-12-14,30,Positive,Champion confirmed
A003458,D00754,R002,Proposal Sent,2023-03-16,90,No Response,Decision deferred
A003459,D00503,R001,Demo,2024-08-28,90,Negative,Follow up scheduled
A003460,D00817,R004,Follow-up,2023-11-21,15,Positive,Decision deferred
A003461,D00588,R004,Follow-up,2024-09-05,15,Positive,Budget approved
A003462,D00708,R005,Demo,2024-05-25,45,Neutral,
A003463,D01068,R003,Demo,2024-10-21,120,Positive,
A003464,D01108,R005,Follow-up,2024-01-03,60,Positive,Budget approved
A003465,D00207,R002,Meeting,2024-12-23,90,Neutral,Champion confirmed
A003466,D00151,R002,Email,2024-11-29,15,Neutral,Budget approved
A003467,D00668,R003,Meeting,2024-09-06,120,Neutral,
A003468,D00528,R002,Meeting,2024-05-21,45,Negative,Awaiting legal review
A003469,D00165,R003,Meeting,2024-12-17,45,Neutral,Awaiting legal review
A003470,D00917,R001,Proposal Sent,2023-08-14,45,Positive,Stakeholder meeting set
A003471,D01169,R005,Call,2024-12-31,90,Neutral,Stakeholder meeting set
A003472,D01010,R005,Call,2024-11-17,15,Neutral,Follow up scheduled
A003473,D00037,R004,Proposal Sent,2023-05-14,90,Neutral,
A003474,D00333,R004,Call,2024-05-27,90,Neutral,
A003475,D00403,R004,Meeting,2024-09-18,45,Positive,Budget approved
A003476,D00414,R004,Call,2024-07-26,15,Neutral,Stakeholder meeting set
A003477,D00045,R001,Email,2023-07-11,60,No Response,Decision deferred
A003478,D00206,R004,Proposal Sent,2024-01-12,60,Negative,Champion confirmed
A003479,D00062,R005,Proposal Sent,2024-08-26,60,Negative,Budget approved
A003480,D00420,R005,Email,2023-07-04,60,Negative,Decision deferred
A003481,D00868,R005,Meeting,2024-12-25,60,Positive,Follow up scheduled
A003482,D00820,R002,Call,2024-05-01,15,Positive,Follow up scheduled
A003483,D00019,R005,Email,2023-06-16,90,Neutral,Champion confirmed
A003484,D00365,R005,Email,2023-12-15,15,Positive,Sent pricing deck
A003485,D01031,R002,Proposal Sent,2023-08-18,45,Neutral,Awaiting legal review
A003486,D00428,R003,Demo,2023-05-30,90,Neutral,Stakeholder meeting set
A003487,D01141,R004,Meeting,2023-06-29,45,Positive,Budget approved
A003488,D00580,R001,Call,2024-01-30,90,Positive,Stakeholder meeting set
A003489,D00546,R002,Demo,2023-12-06,30,Neutral,
A003490,D00325,R004,Demo,2024-05-10,45,Neutral,Champion confirmed
A003491,D00055,R002,Email,2024-01-03,60,No Response,Champion confirmed
A003492,D00778,R005,Proposal Sent,2023-06-24,60,Negative,Sent pricing deck
A003493,D00992,R001,Call,2024-09-17,45,Positive,Awaiting legal review
A003494,D00042,R001,Proposal Sent,2023-09-15,60,No Response,Champion confirmed
A003495,D00231,R004,Call,2024-12-22,90,Negative,Stakeholder meeting set
A003496,D00453,R001,Follow-up,2024-01-16,90,Neutral,Budget approved
A003497,D00394,R001,Meeting,2024-06-19,120,Neutral,Decision deferred
A003498,D01152,R004,Follow-up,2024-12-25,60,No Response,Sent pricing deck
A003499,D00691,R002,Proposal Sent,2023-08-29,120,Neutral,Sent pricing deck
A003500,D00392,R002,Follow-up,2024-11-16,60,Positive,Awaiting legal review
A003501,D00604,R005,Proposal Sent,2023-05-29,45,Neutral,Awaiting legal review
A003502,D00881,R002,Call,2023-05-21,90,Positive,Budget approved
A003503,D01102,R001,Meeting,2023-02-25,90,No Response,Sent pricing deck
A003504,D00085,R005,Proposal Sent,2023-12-12,60,Positive,
A003505,D01054,R002,Follow-up,2023-07-17,90,No Response,Follow up scheduled
A003506,D00049,R003,Email,2024-05-12,30,Neutral,
A003507,D01169,R005,Proposal Sent,2024-11-24,15,Neutral,Stakeholder meeting set
A003508,D00069,R005,Follow-up,2024-09-30,120,Neutral,Decision deferred
A003509,D01082,R001,Call,2024-11-15,90,No Response,
A003510,D00697,R002,Email,2023-03-06,30,Positive,Stakeholder meeting set
A003511,D00479,R005,Email,2024-07-14,90,Positive,Budget approved
A003512,D00820,R002,Demo,2024-07-24,120,Negative,Decision deferred
A003513,D01195,R002,Demo,2024-01-05,120,Positive,Decision deferred
A003514,D00147,R001,Email,2023-09-25,15,Positive,Awaiting legal review
A003515,D01016,R001,Call,2023-10-06,120,Negative,Champion confirmed
A003516,D00609,R004,Demo,2023-09-08,15,Neutral,Budget approved
A003517,D00446,R003,Follow-up,2024-08-01,30,Positive,Stakeholder meeting set
A003518,D00221,R002,Follow-up,2024-06-18,90,Positive,Budget approved
A003519,D00095,R004,Call,2024-09-14,15,Neutral,Stakeholder meeting set
A003520,D00262,R001,Proposal Sent,2024-11-28,90,Negative,Sent pricing deck
A003521,D00897,R005,Demo,2024-06-13,30,Positive,Budget approved
A003522,D01095,R001,Demo,2023-06-20,30,Negative,Stakeholder meeting set
A003523,D00219,R001,Meeting,2024-10-13,45,Positive,Champion confirmed
A003524,D00092,R001,Call,2024-05-27,30,Neutral,
A003525,D00127,R004,Call,2023-03-14,45,Positive,Budget approved
A003526,D00080,R005,Call,2024-07-02,15,Positive,Follow up scheduled
A003527,D00983,R001,Meeting,2023-05-01,15,Neutral,Decision deferred
A003528,D00916,R002,Follow-up,2023-02-09,45,Negative,Champion confirmed
A003529,D00486,R001,Call,2023-06-11,60,Neutral,Champion confirmed
A003530,D00694,R001,Meeting,2023-06-05,45,Positive,
A003531,D00025,R002,Email,2023-02-20,60,Positive,Stakeholder meeting set
A003532,D00156,R001,Call,2023-04-10,45,Positive,Sent pricing deck
A003533,D00632,R002,Meeting,2023-03-11,15,Positive,Awaiting legal review
A003534,D01081,R003,Meeting,2024-07-22,15,Positive,Champion confirmed
A003535,D00019,R005,Call,2023-08-05,90,Negative,Decision deferred
A003536,D00237,R002,Demo,2024-12-24,30,Neutral,Follow up scheduled
A003537,D00277,R003,Call,2024-10-30,15,Positive,Sent pricing deck
A003538,D00745,R001,Demo,2024-09-03,30,Neutral,Follow up scheduled
A003539,D00552,R005,Call,2023-05-21,60,Neutral,Stakeholder meeting set
A003540,D01177,R003,Call,2024-12-13,45,Negative,
A003541,D00639,R005,Call,2023-05-14,120,No Response,Sent pricing deck
A003542,D00237,R002,Call,2024-12-31,90,No Response,Follow up scheduled
A003543,D00998,R003,Meeting,2024-01-22,15,Neutral,Sent pricing deck
A003544,D00055,R002,Meeting,2023-12-12,45,Neutral,Stakeholder meeting set
A003545,D00684,R003,Meeting,2024-02-26,120,No Response,Budget approved
A003546,D00109,R005,Call,2023-08-18,15,Negative,Sent pricing deck
A003547,D00373,R002,Follow-up,2024-12-06,30,No Response,Follow up scheduled
A003548,D00973,R005,Follow-up,2024-01-01,60,No Response,Stakeholder meeting set
A003549,D00201,R003,Email,2024-10-30,15,Negative,Budget approved
A003550,D00849,R004,Meeting,2024-12-07,45,No Response,Awaiting legal review
A003551,D00509,R002,Demo,2023-09-09,45,Positive,Decision deferred
A003552,D00275,R002,Proposal Sent,2023-05-27,60,Neutral,Budget approved
A003553,D00211,R003,Call,2023-12-26,120,Negative,Follow up scheduled
A003554,D00504,R002,Email,2023-04-08,60,Neutral,Decision deferred
A003555,D01142,R004,Meeting,2023-05-04,60,Negative,Champion confirmed
A003556,D00703,R002,Call,2024-06-09,60,Neutral,
A003557,D00042,R001,Proposal Sent,2023-11-17,45,Neutral,Sent pricing deck
A003558,D00315,R002,Proposal Sent,2023-06-01,30,Positive,Stakeholder meeting set
A003559,D00788,R003,Email,2023-02-05,15,Positive,Follow up scheduled
A003560,D00329,R002,Email,2023-10-04,120,Neutral,Decision deferred
A003561,D01041,R003,Proposal Sent,2023-07-06,120,No Response,
A003562,D00283,R001,Demo,2024-12-19,45,Neutral,Awaiting legal review
A003563,D00943,R003,Meeting,2023-11-08,30,Neutral,Budget approved
A003564,D00258,R005,Follow-up,2024-10-17,15,Positive,Budget approved
A003565,D00575,R002,Meeting,2024-12-31,120,Positive,Decision deferred
A003566,D00574,R005,Demo,2024-11-09,60,Positive,Awaiting legal review
A003567,D00612,R001,Proposal Sent,2023-07-23,45,No Response,Sent pricing deck
A003568,D01043,R001,Demo,2024-08-06,120,Neutral,Champion confirmed
A003569,D00837,R001,Email,2024-07-13,60,Positive,Champion confirmed
A003570,D00423,R005,Email,2024-09-21,90,Positive,
A003571,D00758,R003,Proposal Sent,2024-09-21,120,Positive,Stakeholder meeting set
A003572,D00763,R005,Proposal Sent,2024-05-15,60,Positive,Awaiting legal review
A003573,D01105,R005,Email,2024-08-16,120,No Response,Champion confirmed
A003574,D00424,R002,Call,2024-10-11,60,Negative,Decision deferred
A003575,D00429,R003,Proposal Sent,2024-02-02,60,Negative,Budget approved
A003576,D00204,R005,Call,2023-07-20,15,Positive,Decision deferred
A003577,D00196,R001,Call,2023-03-29,45,Positive,Budget approved
A003578,D00728,R001,Demo,2023-04-03,60,No Response,Stakeholder meeting set
A003579,D00285,R002,Follow-up,2024-04-13,30,Neutral,Decision deferred
A003580,D00196,R001,Meeting,2023-04-04,60,Neutral,Budget approved
A003581,D00307,R003,Demo,2023-12-23,30,No Response,Budget approved
A003582,D00014,R004,Email,2024-02-13,30,Neutral,
A003583,D01170,R005,Proposal Sent,2023-02-20,15,Positive,
A003584,D01081,R003,Call,2024-06-19,90,Neutral,Sent pricing deck
A003585,D00723,R001,Proposal Sent,2023-03-24,30,Positive,Decision deferred
A003586,D00780,R002,Follow-up,2023-06-11,30,Neutral,Decision deferred
A003587,D00529,R004,Follow-up,2023-09-21,45,Positive,Budget approved
A003588,D00798,R002,Meeting,2023-06-01,30,Neutral,Follow up scheduled
A003589,D00344,R001,Meeting,2024-11-09,120,Neutral,Stakeholder meeting set
A003590,D00209,R004,Proposal Sent,2023-02-18,15,No Response,
A003591,D00641,R005,Call,2024-08-15,120,No Response,Budget approved
A003592,D00252,R005,Meeting,2024-07-01,60,Neutral,Follow up scheduled
A003593,D00271,R001,Meeting,2023-07-26,90,Positive,Budget approved
A003594,D00920,R004,Meeting,2024-11-06,60,Positive,Budget approved
A003595,D00419,R004,Proposal Sent,2024-11-01,30,Neutral,Follow up scheduled
A003596,D00795,R002,Proposal Sent,2023-10-20,120,Positive,Awaiting legal review
A003597,D01100,R001,Call,2024-12-03,120,Negative,Follow up scheduled
A003598,D00725,R005,Demo,2024-02-19,45,Neutral,Stakeholder meeting set
A003599,D00433,R002,Follow-up,2023-05-29,60,Positive,
A003600,D00109,R005,Call,2023-08-17,60,Positive,Decision deferred
A003601,D00641,R005,Call,2024-07-04,45,Neutral,Decision deferred
A003602,D01071,R001,Call,2023-07-22,120,No Response,Awaiting legal review
A003603,D00379,R002,Proposal Sent,2023-11-21,120,Neutral,Decision deferred
A003604,D01120,R001,Email,2024-12-01,120,Neutral,
A003605,D00958,R003,Call,2024-11-22,120,Neutral,Budget approved
A003606,D00103,R002,Demo,2023-06-23,60,Neutral,Sent pricing deck
A003607,D00892,R005,Demo,2024-10-24,15,No Response,Budget approved
A003608,D00854,R003,Follow-up,2024-07-17,120,Positive,Follow up scheduled
A003609,D01170,R005,Proposal Sent,2023-04-04,60,Positive,Awaiting legal review
A003610,D01051,R001,Follow-up,2024-09-13,120,Neutral,
A003611,D00530,R004,Proposal Sent,2024-12-31,30,Positive,Budget approved
A003612,D00679,R002,Demo,2024-07-30,15,Negative,Stakeholder meeting set
A003613,D00989,R001,Proposal Sent,2023-01-11,60,Neutral,Stakeholder meeting set
A003614,D01106,R005,Email,2024-04-19,30,Neutral,Budget approved
A003615,D00428,R003,Proposal Sent,2023-04-21,90,Positive,Champion confirmed
A003616,D00822,R001,Proposal Sent,2024-11-04,30,Neutral,Sent pricing deck
A003617,D01186,R003,Proposal Sent,2024-05-30,120,Positive,
A003618,D00932,R001,Proposal Sent,2023-08-26,15,Negative,Champion confirmed
A003619,D01062,R001,Meeting,2023-04-23,90,No Response,Champion confirmed
A003620,D00511,R002,Proposal Sent,2024-07-24,90,Negative,Sent pricing deck
A003621,D00393,R004,Follow-up,2023-12-05,30,Positive,Follow up scheduled
A003622,D00713,R001,Meeting,2024-01-17,30,Positive,Stakeholder meeting set
A003623,D00494,R002,Email,2023-07-04,15,Neutral,Champion confirmed
A003624,D00547,R005,Email,2024-11-14,45,Positive,Sent pricing deck
A003625,D00594,R001,Call,2024-12-10,60,Neutral,Champion confirmed
A003626,D00389,R004,Email,2024-08-20,45,Negative,Decision deferred
A003627,D00158,R005,Call,2024-07-02,60,Positive,Champion confirmed
A003628,D01028,R004,Proposal Sent,2024-08-10,90,No Response,
A003629,D00167,R002,Email,2024-05-22,15,Positive,Stakeholder meeting set
A003630,D00960,R002,Email,2023-10-14,30,Positive,
A003631,D00409,R004,Follow-up,2024-12-04,45,Positive,Follow up scheduled
A003632,D00194,R005,Follow-up,2023-10-12,15,Neutral,Sent pricing deck
A003633,D00235,R002,Meeting,2023-12-16,45,Negative,Champion confirmed
A003634,D00718,R003,Demo,2024-12-24,45,Neutral,Budget approved
A003635,D01174,R002,Proposal Sent,2024-04-28,60,Positive,Sent pricing deck
A003636,D01183,R001,Demo,2023-07-12,120,Neutral,Awaiting legal review
A003637,D00816,R003,Email,2024-12-13,15,Neutral,Follow up scheduled
A003638,D00404,R002,Follow-up,2024-07-08,120,Neutral,Follow up scheduled
A003639,D00893,R001,Meeting,2024-08-24,30,Neutral,Decision deferred
A003640,D00678,R005,Email,2024-03-12,45,Positive,Champion confirmed
A003641,D00068,R005,Follow-up,2023-08-13,120,Neutral,Champion confirmed
A003642,D00088,R002,Follow-up,2023-05-10,120,Neutral,Sent pricing deck
A003643,D00217,R004,Call,2024-07-30,30,Positive,Follow up scheduled
A003644,D00001,R003,Demo,2023-03-22,90,No Response,Champion confirmed
A003645,D01159,R003,Demo,2023-09-15,120,Positive,Champion confirmed
A003646,D00140,R004,Follow-up,2023-10-09,120,Negative,Decision deferred
A003647,D00618,R002,Meeting,2023-05-26,60,Positive,Decision deferred
A003648,D00133,R001,Email,2023-08-29,30,Positive,Sent pricing deck
A003649,D00178,R005,Meeting,2024-07-26,60,Neutral,Budget approved
A003650,D00810,R001,Proposal Sent,2024-11-24,120,Positive,Awaiting legal review
A003651,D00380,R002,Follow-up,2023-09-28,15,Positive,Sent pricing deck
A003652,D00908,R005,Meeting,2024-12-22,90,Positive,Awaiting legal review
A003653,D00658,R005,Follow-up,2024-12-16,90,Neutral,Decision deferred
A003654,D00450,R002,Email,2024-11-07,30,Positive,Stakeholder meeting set
A003655,D00586,R005,Proposal Sent,2024-10-31,60,No Response,Decision deferred
A003656,D00463,R005,Meeting,2024-12-30,30,Negative,Decision deferred
A003657,D00990,R002,Email,2023-09-10,90,Neutral,Sent pricing deck
A003658,D01132,R002,Follow-up,2023-04-29,45,Positive,Follow up scheduled
A003659,D00122,R004,Follow-up,2023-10-14,15,Positive,Champion confirmed
A003660,D00017,R005,Proposal Sent,2024-12-01,90,Positive,Sent pricing deck
A003661,D00327,R005,Follow-up,2023-10-28,45,Positive,Stakeholder meeting set
A003662,D00318,R003,Demo,2023-11-29,15,Neutral,Stakeholder meeting set
A003663,D00809,R005,Proposal Sent,2023-05-22,45,Neutral,
A003664,D00503,R001,Email,2024-10-09,30,Negative,Budget approved
A003665,D00119,R003,Meeting,2023-12-27,90,Neutral,Follow up scheduled
A003666,D00710,R002,Follow-up,2024-02-01,120,Positive,Follow up scheduled
A003667,D00045,R001,Meeting,2023-07-06,60,Positive,Budget approved
A003668,D00314,R002,Email,2024-10-06,45,No Response,Champion confirmed
A003669,D00418,R001,Demo,2024-11-30,120,No Response,Sent pricing deck
A003670,D00556,R003,Call,2024-09-02,60,Positive,
A003671,D01102,R001,Follow-up,2023-03-11,30,Neutral,Follow up scheduled
A003672,D00326,R003,Follow-up,2024-09-25,90,No Response,Decision deferred
A003673,D00515,R001,Demo,2023-08-17,15,Positive,Decision deferred
A003674,D00214,R005,Call,2024-11-08,45,Positive,Champion confirmed
A003675,D00074,R005,Meeting,2024-03-12,90,Positive,Follow up scheduled
A003676,D00509,R002,Email,2023-09-21,30,Positive,Awaiting legal review
A003677,D00332,R001,Email,2024-02-20,15,Neutral,Budget approved
A003678,D01117,R005,Meeting,2023-05-02,15,Negative,
A003679,D00688,R002,Follow-up,2023-05-26,60,Positive,Stakeholder meeting set
A003680,D00657,R001,Meeting,2024-12-24,90,Neutral,Awaiting legal review
A003681,D01028,R004,Follow-up,2024-08-19,120,Positive,Budget approved
A003682,D01162,R001,Email,2023-10-04,60,Negative,Follow up scheduled
A003683,D00600,R003,Follow-up,2024-08-05,45,Neutral,Sent pricing deck
A003684,D01076,R005,Call,2023-08-25,90,No Response,Sent pricing deck
A003685,D00325,R004,Email,2024-03-25,15,Positive,Budget approved
A003686,D00992,R001,Demo,2024-10-08,120,Neutral,Awaiting legal review
A003687,D00717,R005,Meeting,2024-04-01,60,No Response,Stakeholder meeting set
A003688,D00723,R001,Demo,2023-04-07,90,Positive,Follow up scheduled
A003689,D00277,R003,Meeting,2024-07-28,15,Neutral,Sent pricing deck
A003690,D00536,R001,Meeting,2024-05-29,45,Positive,
A003691,D00152,R001,Meeting,2023-08-03,15,Positive,Decision deferred
A003692,D00955,R003,Call,2023-07-24,90,Positive,Stakeholder meeting set
A003693,D00259,R003,Demo,2024-01-30,60,Neutral,Decision deferred
A003694,D00324,R005,Meeting,2023-06-28,120,Positive,Champion confirmed
A003695,D01017,R001,Call,2024-03-06,15,Neutral,Stakeholder meeting set
A003696,D00869,R004,Proposal Sent,2024-02-22,120,Neutral,Budget approved
A003697,D01192,R001,Proposal Sent,2023-06-08,90,Neutral,Champion confirmed
A003698,D00688,R002,Follow-up,2023-07-05,90,Neutral,
A003699,D00310,R002,Proposal Sent,2023-05-13,90,No Response,Champion confirmed
A003700,D00803,R004,Follow-up,2024-09-27,120,Positive,
A003701,D01080,R004,Follow-up,2024-12-14,120,Positive,Budget approved
A003702,D00620,R005,Proposal Sent,2023-02-22,30,Neutral,Awaiting legal review
A003703,D00473,R002,Meeting,2024-02-22,30,Negative,Budget approved
A003704,D00461,R001,Meeting,2024-09-22,45,Neutral,Budget approved
A003705,D00814,R004,Follow-up,2024-07-14,60,Positive,Champion confirmed
A003706,D00846,R003,Follow-up,2024-03-30,60,Negative,Stakeholder meeting set
A003707,D01165,R004,Follow-up,2024-04-25,30,Neutral,Awaiting legal review
A003708,D00667,R001,Meeting,2024-04-05,60,Positive,Decision deferred
A003709,D00262,R001,Call,2024-12-08,45,No Response,Champion confirmed
A003710,D00355,R001,Demo,2024-11-18,15,No Response,Decision deferred
A003711,D00770,R001,Email,2024-11-23,60,Neutral,Champion confirmed
A003712,D00180,R004,Email,2024-10-19,15,Positive,Decision deferred
A003713,D00066,R003,Demo,2023-11-23,60,Neutral,Budget approved
A003714,D00820,R002,Follow-up,2024-07-21,45,Positive,Awaiting legal review
A003715,D00171,R002,Meeting,2023-02-04,30,Negative,Awaiting legal review
A003716,D00474,R005,Call,2023-08-20,30,Positive,Follow up scheduled
A003717,D00534,R004,Demo,2023-02-25,45,Positive,Sent pricing deck
A003718,D01131,R002,Follow-up,2023-05-26,45,Positive,Budget approved
A003719,D00439,R001,Call,2024-02-14,15,Positive,
A003720,D00835,R003,Demo,2023-03-20,90,Positive,Stakeholder meeting set
A003721,D00227,R002,Follow-up,2023-04-19,45,Positive,Sent pricing deck
A003722,D00442,R005,Proposal Sent,2024-10-13,90,Negative,Decision deferred
A003723,D00396,R005,Follow-up,2024-10-28,45,Positive,Sent pricing deck
A003724,D00728,R001,Demo,2023-06-14,15,Positive,Sent pricing deck
A003725,D00084,R004,Meeting,2023-08-13,45,Negative,Decision deferred
A003726,D01037,R002,Demo,2023-07-28,120,Positive,Decision deferred
A003727,D00693,R003,Proposal Sent,2023-03-23,90,No Response,Decision deferred
A003728,D00493,R001,Meeting,2023-06-30,120,Positive,Champion confirmed
A003729,D01144,R004,Proposal Sent,2023-04-09,90,Neutral,
A003730,D00970,R001,Follow-up,2024-10-19,90,Negative,Stakeholder meeting set
A003731,D00353,R004,Email,2024-03-19,15,Neutral,Sent pricing deck
A003732,D01081,R003,Demo,2024-07-03,120,Positive,Champion confirmed
A003733,D00040,R005,Demo,2024-09-03,60,No Response,Decision deferred
A003734,D00640,R003,Follow-up,2023-12-30,30,Positive,
A003735,D00173,R003,Proposal Sent,2023-11-08,30,Positive,Champion confirmed
A003736,D00259,R003,Email,2024-01-10,120,Neutral,Decision deferred
A003737,D00517,R004,Meeting,2024-02-14,45,No Response,Champion confirmed
A003738,D00730,R002,Meeting,2023-05-08,90,Neutral,Awaiting legal review
A003739,D00523,R001,Call,2024-09-12,45,Positive,Follow up scheduled
A003740,D00839,R005,Follow-up,2023-11-28,15,No Response,Awaiting legal review
A003741,D00117,R005,Meeting,2024-08-15,60,Negative,Awaiting legal review
A003742,D00184,R003,Follow-up,2024-07-16,15,Positive,Awaiting legal review
A003743,D01140,R003,Follow-up,2024-12-28,60,No Response,Sent pricing deck
A003744,D00162,R004,Call,2024-06-24,15,Neutral,
A003745,D00543,R005,Follow-up,2024-06-09,120,Positive,Stakeholder meeting set
A003746,D00839,R005,Meeting,2023-08-17,15,Negative,Budget approved
A003747,D01090,R002,Email,2024-12-21,45,Neutral,Sent pricing deck
A003748,D01094,R004,Call,2023-09-16,45,Positive,Champion confirmed
A003749,D00447,R003,Meeting,2024-12-30,15,Positive,Budget approved
A003750,D00416,R001,Call,2024-10-26,60,Positive,Awaiting legal review
A003751,D00532,R004,Proposal Sent,2023-12-28,30,Neutral,Sent pricing deck
A003752,D00441,R002,Call,2024-08-30,15,Neutral,Sent pricing deck
A003753,D00738,R002,Follow-up,2024-11-25,120,Neutral,Budget approved
A003754,D00464,R003,Demo,2024-05-24,15,No Response,Awaiting legal review
A003755,D00396,R005,Meeting,2024-10-16,90,Neutral,
A003756,D00711,R002,Demo,2024-09-09,30,Positive,Follow up scheduled
A003757,D00395,R003,Email,2023-11-13,45,Positive,Budget approved
A003758,D00326,R003,Demo,2024-09-27,60,Positive,
A003759,D01115,R003,Meeting,2024-07-06,30,Positive,Awaiting legal review
A003760,D00750,R002,Follow-up,2023-04-08,45,Neutral,Decision deferred
A003761,D01094,R004,Follow-up,2023-11-08,45,Negative,Budget approved
A003762,D01190,R004,Demo,2024-11-05,120,Neutral,Awaiting legal review
A003763,D00642,R005,Meeting,2024-09-12,120,Negative,Decision deferred
A003764,D00214,R005,Call,2024-12-11,15,Positive,
A003765,D00369,R003,Proposal Sent,2023-03-29,60,Neutral,Champion confirmed
A003766,D00049,R003,Meeting,2024-06-19,60,Positive,Budget approved
A003767,D01076,R005,Follow-up,2023-07-28,15,Positive,Champion confirmed
A003768,D00133,R001,Demo,2023-08-23,120,Neutral,Sent pricing deck
A003769,D00999,R002,Email,2024-12-24,45,Negative,Champion confirmed
A003770,D00786,R003,Email,2024-01-15,30,Positive,Awaiting legal review
A003771,D01190,R004,Email,2024-12-11,30,Neutral,Awaiting legal review
A003772,D00373,R002,Meeting,2024-12-02,120,Positive,Awaiting legal review
A003773,D00479,R005,Demo,2024-05-21,45,Neutral,Awaiting legal review
A003774,D00832,R002,Meeting,2024-10-19,45,Negative,Decision deferred
A003775,D00650,R002,Email,2024-06-24,15,Neutral,Decision deferred
A003776,D00682,R004,Call,2024-01-27,120,Positive,Budget approved
A003777,D00688,R002,Follow-up,2023-09-04,45,No Response,Follow up scheduled
A003778,D00082,R002,Call,2023-08-26,45,Positive,Budget approved
A003779,D00087,R003,Proposal Sent,2023-08-21,45,No Response,Champion confirmed
A003780,D00225,R005,Meeting,2023-08-25,45,Positive,Decision deferred
A003781,D00016,R003,Demo,2023-08-31,120,Positive,
A003782,D00822,R001,Email,2024-12-04,60,Negative,Awaiting legal review
A003783,D00163,R004,Follow-up,2023-09-27,45,Negative,Stakeholder meeting set
A003784,D00514,R001,Call,2024-02-13,60,No Response,Budget approved
A003785,D00350,R004,Follow-up,2024-12-24,120,Positive,Decision deferred
A003786,D00681,R005,Email,2024-03-30,30,Positive,Stakeholder meeting set
A003787,D01116,R004,Follow-up,2024-08-03,90,Negative,Awaiting legal review
A003788,D00181,R003,Proposal Sent,2024-01-01,120,Positive,
A003789,D00743,R001,Call,2024-11-14,30,No Response,Decision deferred
A003790,D00660,R001,Demo,2024-07-01,90,Neutral,Awaiting legal review
A003791,D00493,R001,Call,2023-07-09,30,Negative,Awaiting legal review
A003792,D00923,R001,Demo,2023-10-12,120,No Response,Follow up scheduled
A003793,D00128,R001,Email,2023-05-02,30,Neutral,Stakeholder meeting set
A003794,D00565,R001,Email,2023-10-26,60,Positive,Budget approved
A003795,D00550,R002,Email,2023-07-25,45,Neutral,Sent pricing deck
A003796,D00453,R001,Call,2024-02-15,45,Positive,Stakeholder meeting set
A003797,D00471,R002,Demo,2024-04-26,30,Negative,Stakeholder meeting set
A003798,D00988,R004,Follow-up,2023-07-09,30,Neutral,
A003799,D00738,R002,Follow-up,2024-12-03,30,Positive,Budget approved
A003800,D00224,R004,Email,2023-11-11,45,Positive,Awaiting legal review
A003801,D00154,R002,Call,2023-05-09,15,Positive,Stakeholder meeting set
A003802,D00560,R001,Email,2023-07-22,60,Negative,Champion confirmed
A003803,D00351,R001,Meeting,2024-06-29,15,Positive,
A003804,D01171,R005,Meeting,2023-06-01,30,Neutral,Decision deferred
A003805,D00349,R004,Meeting,2023-06-24,45,No Response,Champion confirmed
A003806,D00182,R005,Call,2023-12-11,120,Neutral,Budget approved
A003807,D00637,R003,Follow-up,2023-10-08,90,Positive,Sent pricing deck
A003808,D01018,R005,Meeting,2024-12-12,15,No Response,Champion confirmed
A003809,D00179,R004,Follow-up,2024-12-10,120,Positive,Stakeholder meeting set
A003810,D01063,R001,Demo,2024-08-04,15,Neutral,Budget approved
A003811,D00772,R002,Meeting,2023-06-14,120,Negative,Awaiting legal review
A003812,D00894,R004,Follow-up,2023-02-20,30,Neutral,Champion confirmed
A003813,D01027,R002,Call,2024-09-18,60,No Response,Follow up scheduled
A003814,D01016,R001,Call,2023-11-16,120,No Response,Follow up scheduled
A003815,D00064,R001,Call,2024-12-31,60,Neutral,Awaiting legal review
A003816,D00029,R004,Meeting,2023-03-15,60,Neutral,Awaiting legal review
A003817,D00372,R005,Meeting,2024-05-11,60,Positive,Stakeholder meeting set
A003818,D00097,R002,Demo,2023-12-02,90,No Response,Champion confirmed
A003819,D00993,R001,Proposal Sent,2024-03-23,15,Neutral,Budget approved
A003820,D00021,R005,Demo,2024-11-23,120,Negative,Sent pricing deck
A003821,D00735,R004,Email,2024-11-29,30,Positive,Champion confirmed
A003822,D01126,R005,Demo,2024-10-06,45,Positive,Follow up scheduled
A003823,D01070,R005,Proposal Sent,2024-06-25,120,Negative,Champion confirmed
A003824,D00066,R003,Call,2024-02-08,30,Neutral,Sent pricing deck
A003825,D00603,R001,Demo,2023-12-11,120,Negative,Sent pricing deck
A003826,D01188,R004,Follow-up,2023-04-21,90,Positive,Follow up scheduled
A003827,D01135,R003,Email,2023-03-31,30,Positive,Follow up scheduled
A003828,D00338,R001,Call,2024-05-10,60,Positive,
A003829,D00123,R004,Follow-up,2024-05-28,15,Positive,Sent pricing deck
A003830,D00447,R003,Demo,2024-12-31,90,Neutral,Decision deferred
A003831,D00611,R003,Meeting,2024-10-02,45,Neutral,Champion confirmed
A003832,D00671,R004,Demo,2024-09-27,120,Positive,
A003833,D00615,R005,Email,2023-06-11,30,Neutral,Follow up scheduled
A003834,D00897,R005,Proposal Sent,2024-05-13,45,Negative,Decision deferred
A003835,D00281,R001,Call,2023-02-25,120,Positive,Champion confirmed
A003836,D01067,R003,Demo,2024-06-26,90,Neutral,
A003837,D00596,R001,Email,2023-10-19,30,Positive,Decision deferred
A003838,D00703,R002,Demo,2024-07-07,90,No Response,Sent pricing deck
A003839,D01075,R002,Follow-up,2024-12-29,120,Neutral,Budget approved
A003840,D00210,R002,Proposal Sent,2024-10-05,45,No Response,Awaiting legal review
A003841,D00126,R001,Follow-up,2024-11-29,45,Neutral,Sent pricing deck
A003842,D00492,R004,Follow-up,2023-06-29,120,Neutral,Stakeholder meeting set
A003843,D00960,R002,Meeting,2023-11-13,120,No Response,Budget approved
A003844,D00970,R001,Demo,2024-10-27,45,Positive,Follow up scheduled
A003845,D00581,R005,Demo,2023-04-10,15,No Response,Decision deferred
A003846,D00777,R005,Call,2024-08-11,120,Neutral,
A003847,D00258,R005,Demo,2024-10-26,45,Positive,Follow up scheduled
A003848,D00230,R001,Email,2024-04-22,90,Neutral,
A003849,D00189,R003,Follow-up,2023-09-07,45,Negative,Sent pricing deck
A003850,D00010,R004,Follow-up,2023-04-26,45,Positive,Follow up scheduled
A003851,D01138,R005,Proposal Sent,2024-04-29,120,Negative,Awaiting legal review
A003852,D01100,R001,Call,2024-12-01,120,No Response,Follow up scheduled
A003853,D00676,R004,Call,2023-04-21,90,Neutral,Follow up scheduled
A003854,D00502,R005,Follow-up,2024-12-19,15,Neutral,Follow up scheduled
A003855,D00085,R005,Follow-up,2024-01-25,60,Positive,Awaiting legal review
A003856,D00049,R003,Follow-up,2024-05-06,30,Positive,Sent pricing deck
A003857,D00838,R004,Follow-up,2023-06-05,45,Positive,
A003858,D01008,R004,Proposal Sent,2023-12-24,30,Negative,Sent pricing deck
A003859,D00689,R005,Demo,2024-11-05,45,Neutral,Decision deferred
A003860,D00387,R001,Demo,2024-05-18,45,Neutral,Champion confirmed
A003861,D00970,R001,Call,2024-12-22,90,Negative,
A003862,D01006,R001,Proposal Sent,2024-10-24,45,No Response,Stakeholder meeting set
A003863,D00218,R002,Email,2023-06-20,60,No Response,Awaiting legal review
A003864,D01005,R005,Proposal Sent,2024-01-13,15,Positive,
A003865,D00255,R001,Follow-up,2023-09-28,45,Positive,Awaiting legal review
A003866,D00236,R005,Meeting,2023-06-02,15,No Response,Awaiting legal review
A003867,D01050,R002,Proposal Sent,2023-11-13,45,No Response,Champion confirmed
A003868,D00271,R001,Follow-up,2023-09-11,30,Positive,Awaiting legal review
A003869,D00123,R004,Email,2024-07-12,45,Neutral,Stakeholder meeting set
A003870,D00656,R002,Email,2024-08-29,120,Neutral,Sent pricing deck
A003871,D00259,R003,Call,2024-01-29,90,Positive,Champion confirmed
A003872,D00948,R001,Call,2024-02-11,45,No Response,Sent pricing deck
A003873,D00047,R003,Call,2024-12-16,45,Positive,Awaiting legal review
A003874,D00863,R004,Proposal Sent,2023-02-15,30,Positive,Decision deferred
A003875,D00525,R001,Follow-up,2024-03-08,60,No Response,
A003876,D00888,R005,Follow-up,2023-12-23,45,Neutral,Awaiting legal review
A003877,D00208,R004,Meeting,2023-05-31,90,Positive,
A003878,D00747,R003,Proposal Sent,2023-11-18,120,Neutral,Awaiting legal review
A003879,D00149,R001,Call,2024-03-11,15,Neutral,Champion confirmed
A003880,D00438,R001,Demo,2024-10-04,30,Neutral,Follow up scheduled
A003881,D00155,R003,Follow-up,2024-11-29,30,Positive,Decision deferred
A003882,D01114,R001,Demo,2024-06-26,90,Negative,Awaiting legal review
A003883,D00358,R001,Call,2023-11-20,30,Positive,Sent pricing deck
A003884,D01198,R002,Meeting,2023-11-30,45,Neutral,Follow up scheduled
A003885,D00456,R003,Meeting,2024-11-03,60,Positive,Sent pricing deck
A003886,D00776,R002,Proposal Sent,2024-06-30,15,Neutral,Awaiting legal review
A003887,D00629,R002,Meeting,2024-08-22,120,Neutral,Stakeholder meeting set
A003888,D00832,R002,Call,2024-11-30,60,Positive,Decision deferred
A003889,D00486,R001,Call,2023-03-05,15,Neutral,Stakeholder meeting set
A003890,D00533,R003,Meeting,2024-10-14,30,Neutral,Stakeholder meeting set
A003891,D00200,R001,Meeting,2023-10-22,45,Positive,Budget approved
A003892,D00371,R001,Proposal Sent,2024-04-30,90,Positive,Sent pricing deck
A003893,D01014,R004,Demo,2023-02-10,15,Negative,Follow up scheduled
A003894,D00853,R002,Follow-up,2024-09-03,30,Neutral,Follow up scheduled
A003895,D00248,R002,Call,2023-12-26,45,Negative,Decision deferred
A003896,D00788,R003,Meeting,2023-04-09,45,No Response,Awaiting legal review
A003897,D00264,R001,Follow-up,2023-07-08,45,Positive,Champion confirmed
A003898,D01082,R001,Meeting,2024-12-06,15,Positive,Decision deferred
A003899,D00031,R004,Call,2023-02-03,90,Positive,Awaiting legal review
A003900,D00605,R002,Follow-up,2024-09-19,120,Negative,Stakeholder meeting set
A003901,D00502,R005,Call,2024-12-26,120,Positive,Stakeholder meeting set
A003902,D01108,R005,Follow-up,2023-11-06,120,No Response,Sent pricing deck
A003903,D00886,R003,Follow-up,2023-11-08,30,Neutral,Sent pricing deck
A003904,D00549,R002,Meeting,2023-03-27,90,Positive,Champion confirmed
A003905,D00839,R005,Meeting,2023-11-05,60,Positive,Champion confirmed
A003906,D01117,R005,Follow-up,2023-03-04,120,No Response,Budget approved
A003907,D00848,R004,Call,2023-11-08,90,Positive,Champion confirmed
A003908,D00614,R001,Meeting,2023-05-11,45,Neutral,Budget approved
A003909,D00412,R002,Email,2023-03-11,30,Positive,
A003910,D00432,R005,Email,2024-10-30,120,Positive,Budget approved
A003911,D00678,R005,Call,2023-11-21,60,Positive,Stakeholder meeting set
A003912,D00159,R005,Follow-up,2023-12-14,30,Neutral,Sent pricing deck
A003913,D00014,R004,Call,2024-04-10,30,Negative,Stakeholder meeting set
A003914,D00373,R002,Follow-up,2024-10-30,60,No Response,Stakeholder meeting set
A003915,D00225,R005,Meeting,2023-09-06,15,Neutral,Stakeholder meeting set
A003916,D01097,R002,Follow-up,2024-04-18,30,Positive,Awaiting legal review
A003917,D00511,R002,Meeting,2024-07-08,90,Positive,Sent pricing deck
A003918,D00603,R001,Follow-up,2023-12-01,60,Positive,Budget approved
A003919,D00216,R001,Proposal Sent,2024-12-11,45,Negative,Sent pricing deck
A003920,D00988,R004,Demo,2023-09-03,30,Negative,Champion confirmed
A003921,D00840,R002,Email,2024-12-26,120,Positive,Sent pricing deck
A003922,D00727,R003,Proposal Sent,2024-12-28,60,Neutral,Awaiting legal review
A003923,D00554,R004,Proposal Sent,2023-02-26,15,Positive,Sent pricing deck
A003924,D01066,R005,Demo,2023-12-23,60,Neutral,Stakeholder meeting set
A003925,D00676,R004,Proposal Sent,2023-02-02,30,No Response,Awaiting legal review
A003926,D00873,R004,Proposal Sent,2023-01-21,120,Positive,Budget approved
A003927,D00283,R001,Proposal Sent,2024-12-27,120,Negative,Decision deferred
A003928,D01082,R001,Demo,2024-12-21,90,No Response,Budget approved
A003929,D00834,R002,Follow-up,2024-01-22,120,Negative,Stakeholder meeting set
A003930,D00537,R001,Meeting,2023-03-20,60,No Response,Sent pricing deck
A003931,D01097,R002,Call,2024-07-13,90,Neutral,Awaiting legal review
A003932,D00923,R001,Follow-up,2023-09-22,45,Positive,Follow up scheduled
A003933,D01153,R003,Proposal Sent,2024-08-03,15,Neutral,Stakeholder meeting set
A003934,D00842,R004,Meeting,2023-10-25,120,Neutral,Champion confirmed
A003935,D00948,R001,Call,2024-02-06,90,Neutral,Stakeholder meeting set
A003936,D00665,R002,Proposal Sent,2024-02-12,30,Positive,Follow up scheduled
A003937,D01149,R001,Proposal Sent,2024-12-01,45,Positive,
A003938,D00067,R005,Meeting,2024-12-12,60,Positive,Stakeholder meeting set
A003939,D00006,R001,Call,2024-12-30,60,Positive,
A003940,D00637,R003,Email,2023-12-02,60,Positive,Decision deferred
A003941,D00314,R002,Call,2024-06-25,120,Negative,Sent pricing deck
A003942,D00565,R001,Email,2024-01-20,30,Positive,Awaiting legal review
A003943,D00826,R002,Meeting,2023-06-22,60,No Response,
A003944,D00506,R002,Email,2024-11-23,30,Neutral,Champion confirmed
A003945,D01106,R005,Demo,2024-04-03,90,Positive,Awaiting legal review
A003946,D01026,R001,Meeting,2023-04-05,60,Positive,Sent pricing deck
A003947,D00204,R005,Follow-up,2023-07-13,120,Positive,Awaiting legal review
A003948,D00662,R001,Demo,2024-12-27,60,Negative,Champion confirmed
A003949,D00805,R001,Meeting,2024-10-23,60,Neutral,Stakeholder meeting set
A003950,D00404,R002,Meeting,2024-04-18,60,Positive,Champion confirmed
A003951,D01127,R005,Meeting,2024-03-01,45,Negative,Follow up scheduled
A003952,D00536,R001,Follow-up,2024-06-16,45,Positive,Awaiting legal review
A003953,D00577,R005,Proposal Sent,2023-06-28,120,Neutral,Champion confirmed
A003954,D00763,R005,Follow-up,2024-04-20,15,Negative,Awaiting legal review
A003955,D00117,R005,Email,2024-10-21,15,Negative,Stakeholder meeting set
A003956,D00628,R003,Email,2024-11-18,30,No Response,Decision deferred
A003957,D00749,R004,Meeting,2024-02-01,30,Positive,
A003958,D00105,R003,Proposal Sent,2023-10-17,15,Neutral,Stakeholder meeting set
A003959,D00495,R004,Email,2024-06-27,45,Positive,Sent pricing deck
A003960,D00046,R001,Demo,2024-07-01,60,Positive,Stakeholder meeting set
A003961,D00823,R004,Meeting,2024-09-18,120,Positive,Follow up scheduled
A003962,D00982,R002,Proposal Sent,2024-03-12,120,Positive,Follow up scheduled
A003963,D00960,R002,Call,2023-09-24,90,Neutral,Stakeholder meeting set
A003964,D00845,R005,Meeting,2023-07-09,60,No Response,Champion confirmed
A003965,D00449,R002,Demo,2023-03-28,120,Neutral,Champion confirmed
A003966,D00536,R001,Meeting,2024-07-19,90,Positive,Follow up scheduled
A003967,D00511,R002,Proposal Sent,2024-07-14,45,Positive,Sent pricing deck
A003968,D00540,R003,Proposal Sent,2023-09-07,45,No Response,Awaiting legal review
A003969,D00016,R003,Email,2023-07-23,90,Positive,Sent pricing deck
A003970,D00243,R005,Email,2024-10-15,45,Positive,Budget approved
A003971,D00912,R004,Follow-up,2023-12-19,30,Positive,Sent pricing deck
A003972,D00761,R004,Email,2024-08-05,90,Neutral,Champion confirmed
A003973,D00705,R005,Demo,2024-05-23,90,Positive,Follow up scheduled
A003974,D00115,R001,Demo,2024-01-03,30,Neutral,Budget approved
A003975,D00397,R004,Call,2024-05-12,45,Neutral,Follow up scheduled
A003976,D00394,R001,Follow-up,2024-09-12,30,Negative,Decision deferred
A003977,D01099,R004,Proposal Sent,2023-10-20,90,Negative,Awaiting legal review
A003978,D00978,R004,Meeting,2023-03-22,60,Positive,Awaiting legal review
A003979,D01127,R005,Call,2024-06-06,120,Neutral,Stakeholder meeting set
A003980,D00297,R003,Email,2023-06-12,30,Negative,Budget approved
A003981,D01002,R005,Follow-up,2023-06-18,30,Neutral,
A003982,D00178,R005,Call,2024-09-22,90,Neutral,Budget approved
A003983,D00967,R001,Follow-up,2024-04-27,120,Positive,Sent pricing deck
A003984,D00315,R002,Call,2023-07-29,60,Positive,Champion confirmed
A003985,D01063,R001,Proposal Sent,2024-09-17,120,Negative,Follow up scheduled
A003986,D00259,R003,Meeting,2024-01-24,60,Positive,Decision deferred
A003987,D00007,R001,Email,2024-09-13,60,Positive,Budget approved
A003988,D00049,R003,Email,2024-07-11,90,Positive,Champion confirmed
A003989,D00161,R004,Email,2024-05-06,15,Negative,Awaiting legal review
A003990,D00176,R005,Demo,2023-10-15,60,Negative,Awaiting legal review
A003991,D01026,R001,Meeting,2023-06-05,60,Positive,Decision deferred
A003992,D01001,R001,Follow-up,2023-08-20,90,Neutral,Decision deferred
A003993,D00455,R002,Email,2024-06-14,30,Positive,Decision deferred
A003994,D00276,R005,Meeting,2024-09-24,45,Negative,Budget approved
A003995,D00498,R005,Demo,2024-03-28,90,Neutral,Decision deferred
A003996,D00676,R004,Follow-up,2023-02-15,15,Positive,Follow up scheduled
A003997,D01052,R005,Meeting,2023-04-28,60,Neutral,Sent pricing deck
A003998,D01025,R001,Follow-up,2023-04-18,30,Positive,
A003999,D00056,R004,Call,2024-07-27,60,Positive,
A004000,D00547,R005,Call,2024-09-09,60,Positive,Awaiting legal review
A004001,D01136,R005,Demo,2023-03-15,120,Positive,Budget approved
A004002,D00036,R001,Call,2024-01-06,60,Positive,Decision deferred
A004003,D00439,R001,Meeting,2023-12-02,120,Positive,Budget approved
A004004,D00595,R001,Proposal Sent,2024-03-21,90,Positive,Stakeholder meeting set
A004005,D00307,R003,Follow-up,2024-01-01,60,Neutral,Follow up scheduled
A004006,D00619,R004,Email,2024-03-16,90,Positive,Sent pricing deck
A004007,D01133,R002,Email,2024-05-12,15,Positive,Awaiting legal review
A004008,D00357,R003,Call,2024-12-26,30,Neutral,Stakeholder meeting set
A004009,D00181,R003,Demo,2023-11-13,60,Neutral,Awaiting legal review
A004010,D00068,R005,Email,2023-07-23,120,Positive,Awaiting legal review
A004011,D00292,R001,Proposal Sent,2023-12-04,15,No Response,Champion confirmed
A004012,D00692,R004,Follow-up,2023-05-19,30,No Response,Champion confirmed
A004013,D00181,R003,Meeting,2023-12-07,45,Negative,Decision deferred
A004014,D00434,R001,Meeting,2023-07-05,45,Neutral,Awaiting legal review
A004015,D00914,R005,Call,2024-09-22,120,Positive,Stakeholder meeting set
A004016,D00066,R003,Call,2023-12-30,120,Positive,Champion confirmed
A004017,D01045,R002,Proposal Sent,2024-04-09,90,Positive,Budget approved
A004018,D00384,R003,Demo,2024-04-09,30,Positive,Stakeholder meeting set
A004019,D00039,R005,Email,2024-03-30,45,Positive,Stakeholder meeting set
A004020,D00822,R001,Proposal Sent,2024-12-22,120,Positive,Champion confirmed
A004021,D00602,R004,Proposal Sent,2024-07-31,15,Negative,Champion confirmed
A004022,D00785,R005,Call,2024-05-20,45,No Response,Decision deferred
A004023,D00671,R004,Email,2024-08-23,60,Positive,Awaiting legal review
A004024,D01097,R002,Call,2024-07-19,120,No Response,Awaiting legal review
A004025,D00479,R005,Meeting,2024-07-07,120,Positive,Awaiting legal review
A004026,D00561,R001,Call,2024-11-17,120,Neutral,Champion confirmed
A004027,D00101,R003,Proposal Sent,2024-07-31,45,Neutral,Budget approved
A004028,D00514,R001,Proposal Sent,2024-02-15,60,Negative,Decision deferred
A004029,D00176,R005,Proposal Sent,2023-11-29,15,Neutral,Champion confirmed
A004030,D00238,R004,Email,2023-12-09,90,Positive,Budget approved
A004031,D00910,R002,Follow-up,2024-08-16,30,No Response,Champion confirmed
A004032,D01083,R001,Proposal Sent,2023-05-22,120,Positive,Awaiting legal review
A004033,D01123,R001,Demo,2024-08-24,30,Neutral,Budget approved
A004034,D00871,R001,Follow-up,2024-12-12,15,No Response,Stakeholder meeting set
A004035,D00495,R004,Demo,2024-05-27,45,Positive,Decision deferred
A004036,D00947,R005,Proposal Sent,2024-09-26,90,No Response,Champion confirmed
A004037,D00755,R002,Demo,2024-12-31,15,Positive,Champion confirmed
A004038,D00211,R003,Meeting,2024-01-21,30,Positive,Decision deferred
A004039,D01147,R004,Call,2024-12-21,60,Neutral,Stakeholder meeting set
A004040,D00140,R004,Demo,2023-12-16,90,Positive,
A004041,D00541,R005,Proposal Sent,2024-01-14,60,Positive,Sent pricing deck
A004042,D00270,R004,Proposal Sent,2023-12-06,90,Negative,Decision deferred
A004043,D01036,R002,Call,2024-12-20,30,Negative,Stakeholder meeting set
A004044,D00506,R002,Proposal Sent,2024-11-16,60,Positive,Awaiting legal review
A004045,D01130,R001,Proposal Sent,2023-11-10,45,Positive,Champion confirmed
A004046,D00032,R004,Meeting,2024-08-12,60,Positive,Decision deferred
A004047,D01098,R004,Email,2024-03-21,90,Positive,Stakeholder meeting set
A004048,D01195,R002,Meeting,2023-11-30,30,Neutral,Budget approved
A004049,D01093,R003,Meeting,2024-05-26,120,Positive,Champion confirmed
A004050,D00813,R001,Meeting,2024-12-02,30,Positive,Budget approved
A004051,D00362,R001,Email,2023-09-28,15,Neutral,Awaiting legal review
A004052,D00929,R004,Call,2023-08-11,90,Negative,Champion confirmed
A004053,D00100,R004,Call,2023-07-31,120,No Response,Budget approved
A004054,D00009,R002,Email,2023-12-17,90,Negative,Budget approved
A004055,D00697,R002,Follow-up,2023-05-25,60,Positive,Sent pricing deck
A004056,D01053,R001,Email,2024-01-08,60,Negative,Champion confirmed
A004057,D01138,R005,Follow-up,2024-02-26,120,Positive,Follow up scheduled
A004058,D00462,R005,Email,2024-05-18,15,Negative,Sent pricing deck
A004059,D00921,R002,Meeting,2023-11-30,30,Negative,Awaiting legal review
A004060,D01167,R001,Call,2023-02-15,90,Positive,Stakeholder meeting set
A004061,D00390,R002,Email,2024-11-24,45,Negative,Stakeholder meeting set
A004062,D00632,R002,Proposal Sent,2023-04-02,60,Positive,Stakeholder meeting set
A004063,D00682,R004,Email,2023-12-18,120,Positive,Budget approved
A004064,D00157,R002,Meeting,2023-08-30,15,Positive,Awaiting legal review
A004065,D00335,R001,Email,2024-09-19,120,Neutral,Follow up scheduled
A004066,D00260,R005,Meeting,2023-02-14,15,Positive,Follow up scheduled
A004067,D00082,R002,Email,2023-07-26,60,Positive,Stakeholder meeting set
A004068,D00754,R002,Proposal Sent,2023-01-27,120,Neutral,Awaiting legal review
A004069,D01196,R002,Call,2023-09-19,45,Positive,Follow up scheduled
A004070,D00720,R003,Meeting,2023-11-24,120,Neutral,Budget approved
A004071,D00075,R003,Meeting,2024-11-24,30,Negative,Decision deferred
A004072,D00626,R004,Email,2024-02-13,60,Positive,Decision deferred
A004073,D00062,R005,Follow-up,2024-09-29,45,Positive,Champion confirmed
A004074,D00874,R004,Proposal Sent,2024-02-17,90,Positive,Budget approved
A004075,D00320,R005,Demo,2024-05-26,15,Neutral,Sent pricing deck
A004076,D00102,R005,Email,2024-09-17,120,Neutral,Decision deferred
A004077,D00874,R004,Proposal Sent,2024-01-27,45,Positive,Champion confirmed
A004078,D00954,R001,Follow-up,2024-12-12,15,No Response,Follow up scheduled
A004079,D00255,R001,Meeting,2023-12-30,60,Neutral,Budget approved
A004080,D00570,R004,Demo,2024-09-20,30,No Response,Champion confirmed
A004081,D00112,R004,Email,2023-09-16,60,Negative,Budget approved
A004082,D00985,R002,Proposal Sent,2024-07-25,45,Positive,Sent pricing deck
A004083,D00998,R003,Proposal Sent,2024-01-15,90,Neutral,Budget approved
A004084,D00461,R001,Proposal Sent,2024-09-20,30,Positive,Decision deferred
A004085,D00708,R005,Follow-up,2024-05-24,90,Positive,Decision deferred
A004086,D00887,R003,Proposal Sent,2024-09-24,90,No Response,Stakeholder meeting set
A004087,D01116,R004,Email,2024-04-22,60,No Response,Follow up scheduled
A004088,D01076,R005,Call,2023-05-12,60,Neutral,Decision deferred
A004089,D00520,R004,Email,2024-05-01,45,Negative,
A004090,D00812,R001,Call,2024-07-11,120,Positive,Sent pricing deck
A004091,D01122,R001,Proposal Sent,2023-03-28,45,Positive,Champion confirmed
A004092,D00236,R005,Follow-up,2023-06-20,30,Positive,Decision deferred
A004093,D00927,R004,Demo,2023-11-24,90,Positive,Decision deferred
A004094,D00557,R003,Call,2024-09-26,90,Positive,Budget approved
A004095,D00649,R004,Email,2023-03-09,120,Negative,
A004096,D00234,R001,Meeting,2024-07-05,45,Positive,Budget approved
A004097,D01056,R001,Follow-up,2023-05-03,90,Negative,Follow up scheduled
A004098,D00579,R002,Call,2024-03-17,15,Neutral,Budget approved
A004099,D00542,R004,Email,2024-12-26,45,Neutral,Champion confirmed
A004100,D00114,R002,Proposal Sent,2024-11-02,120,Positive,Stakeholder meeting set
A004101,D00204,R005,Email,2023-08-11,45,No Response,Budget approved
A004102,D01053,R001,Follow-up,2024-02-16,90,No Response,Sent pricing deck
A004103,D00643,R005,Proposal Sent,2023-04-15,15,Negative,Sent pricing deck
A004104,D00474,R005,Call,2023-10-07,30,Neutral,Decision deferred
A004105,D00697,R002,Email,2023-02-27,90,Positive,Budget approved
A004106,D00253,R001,Demo,2023-10-26,60,Neutral,Champion confirmed
A004107,D00905,R002,Email,2023-09-25,120,Positive,Sent pricing deck
A004108,D00386,R005,Demo,2024-01-28,120,Positive,Champion confirmed
A004109,D00062,R005,Demo,2024-09-03,45,Positive,Budget approved
A004110,D00515,R001,Proposal Sent,2023-12-11,60,Positive,
A004111,D00430,R004,Call,2024-10-30,60,Positive,Budget approved
A004112,D00580,R001,Meeting,2024-03-01,60,Positive,Follow up scheduled
A004113,D01165,R004,Call,2024-06-04,30,Positive,Follow up scheduled
A004114,D00743,R001,Meeting,2024-11-10,45,Positive,Follow up scheduled
A004115,D00675,R003,Email,2024-06-20,90,Positive,Awaiting legal review
A004116,D00311,R003,Proposal Sent,2024-02-10,30,Neutral,Decision deferred
A004117,D00471,R002,Call,2024-04-11,90,Neutral,Budget approved
A004118,D00809,R005,Demo,2023-05-02,30,Neutral,Stakeholder meeting set
A004119,D00172,R003,Meeting,2023-06-15,15,Positive,Stakeholder meeting set
A004120,D00576,R004,Meeting,2023-08-04,45,Positive,Awaiting legal review
A004121,D00031,R004,Proposal Sent,2023-03-27,45,No Response,Follow up scheduled
A004122,D00047,R003,Follow-up,2024-11-08,120,Positive,Champion confirmed
A004123,D00130,R005,Meeting,2024-06-06,90,Positive,Stakeholder meeting set
A004124,D00352,R002,Demo,2023-08-02,120,Neutral,Champion confirmed
A004125,D00978,R004,Call,2023-03-06,60,Positive,Budget approved
A004126,D00058,R001,Proposal Sent,2024-05-24,90,Positive,Champion confirmed
A004127,D01130,R001,Call,2023-07-18,90,Negative,Stakeholder meeting set
A004128,D00812,R001,Proposal Sent,2024-05-08,45,Positive,Awaiting legal review
A004129,D00768,R003,Proposal Sent,2024-11-03,120,Neutral,Stakeholder meeting set
A004130,D00683,R003,Call,2024-02-04,90,Negative,
A004131,D01186,R003,Call,2024-07-31,45,Negative,Follow up scheduled
A004132,D00997,R005,Email,2024-03-16,45,Neutral,
A004133,D00286,R003,Follow-up,2024-02-10,45,Neutral,Stakeholder meeting set
A004134,D01095,R001,Follow-up,2023-05-18,60,Positive,
A004135,D00886,R003,Meeting,2024-02-13,15,Positive,Follow up scheduled
A004136,D00397,R004,Meeting,2024-07-16,60,Neutral,Budget approved
A004137,D00026,R003,Meeting,2023-10-21,45,Neutral,
A004138,D00313,R002,Proposal Sent,2023-08-27,60,Positive,Follow up scheduled
A004139,D00126,R001,Call,2024-11-27,120,Positive,Stakeholder meeting set
A004140,D00811,R002,Call,2024-04-30,60,Neutral,Sent pricing deck
A004141,D00188,R003,Proposal Sent,2024-10-30,120,Positive,Sent pricing deck
A004142,D00698,R001,Follow-up,2023-04-05,60,No Response,Stakeholder meeting set
A004143,D00810,R001,Proposal Sent,2024-12-11,120,Positive,Champion confirmed
A004144,D00716,R005,Meeting,2023-04-19,120,No Response,Sent pricing deck
A004145,D00450,R002,Follow-up,2024-12-15,90,Neutral,
A004146,D00523,R001,Meeting,2024-08-07,15,Neutral,Awaiting legal review
A004147,D00986,R002,Proposal Sent,2023-12-04,90,Positive,Stakeholder meeting set
A004148,D00658,R005,Meeting,2024-12-21,30,Positive,Champion confirmed
A004149,D00597,R003,Email,2023-10-21,15,Positive,Stakeholder meeting set
A004150,D00100,R004,Proposal Sent,2023-05-28,120,Neutral,Sent pricing deck
A004151,D00616,R003,Call,2024-07-28,60,Positive,
A004152,D00948,R001,Call,2024-04-16,90,Negative,Decision deferred
A004153,D00556,R003,Proposal Sent,2024-10-16,15,Positive,
A004154,D00278,R002,Proposal Sent,2023-08-29,90,Neutral,Stakeholder meeting set
A004155,D00491,R005,Follow-up,2023-11-10,30,Positive,Sent pricing deck
A004156,D00255,R001,Meeting,2023-12-02,15,Neutral,Budget approved
A004157,D00381,R001,Follow-up,2024-05-02,120,Positive,Stakeholder meeting set
A004158,D00892,R005,Call,2024-12-05,60,Negative,Follow up scheduled
A004159,D00542,R004,Demo,2024-12-11,30,Neutral,Awaiting legal review
A004160,D00825,R002,Email,2023-04-04,90,Positive,Awaiting legal review
A004161,D00879,R005,Email,2024-05-14,60,Negative,Awaiting legal review
A004162,D01139,R004,Proposal Sent,2024-08-26,45,Positive,Sent pricing deck
A004163,D00281,R001,Follow-up,2023-02-15,45,Positive,Follow up scheduled
A004164,D00773,R001,Follow-up,2023-12-11,45,Positive,
A004165,D00843,R002,Meeting,2024-12-19,15,Positive,Sent pricing deck
A004166,D00719,R002,Follow-up,2024-10-17,60,Positive,Follow up scheduled
A004167,D00328,R004,Proposal Sent,2024-02-12,60,Positive,Awaiting legal review
A004168,D00211,R003,Follow-up,2024-02-13,30,Positive,Stakeholder meeting set
A004169,D00727,R003,Demo,2024-12-31,30,Neutral,Champion confirmed
A004170,D00923,R001,Demo,2023-11-13,45,No Response,
A004171,D00552,R005,Follow-up,2023-06-08,90,Positive,Stakeholder meeting set
A004172,D00026,R003,Follow-up,2023-09-19,90,Neutral,Champion confirmed
A004173,D00027,R001,Meeting,2023-10-26,60,Neutral,Stakeholder meeting set
A004174,D00702,R001,Meeting,2024-04-03,120,No Response,
A004175,D01107,R005,Follow-up,2024-12-13,120,No Response,Champion confirmed
A004176,D00682,R004,Meeting,2024-03-03,15,No Response,Stakeholder meeting set
A004177,D00413,R005,Proposal Sent,2023-03-31,120,Neutral,Stakeholder meeting set
A004178,D00167,R002,Follow-up,2024-07-20,90,Positive,Awaiting legal review
A004179,D00169,R004,Meeting,2024-12-19,60,Positive,Stakeholder meeting set
A004180,D00229,R001,Follow-up,2024-03-23,60,Positive,Sent pricing deck
A004181,D00367,R004,Demo,2024-11-05,30,Negative,Budget approved
A004182,D00528,R002,Call,2024-02-22,45,Positive,Follow up scheduled
A004183,D00791,R003,Demo,2024-11-03,15,Positive,Sent pricing deck
A004184,D00524,R001,Follow-up,2024-12-13,60,Negative,
A004185,D01096,R001,Call,2024-11-28,60,Negative,Follow up scheduled
A004186,D00106,R001,Email,2024-11-22,30,No Response,
A004187,D00732,R002,Meeting,2024-11-06,60,Positive,Stakeholder meeting set
A004188,D00965,R001,Meeting,2023-04-18,45,Positive,
A004189,D00133,R001,Proposal Sent,2023-06-27,120,Neutral,Follow up scheduled
A004190,D00534,R004,Demo,2023-04-18,30,Neutral,Sent pricing deck
A004191,D00975,R004,Follow-up,2023-08-08,60,Neutral,Decision deferred
A004192,D00269,R005,Meeting,2024-11-17,15,Positive,Stakeholder meeting set
A004193,D00673,R001,Call,2024-09-14,15,Positive,Champion confirmed
A004194,D00791,R003,Email,2024-12-07,45,Neutral,Awaiting legal review
A004195,D00018,R002,Meeting,2024-10-09,30,Positive,Follow up scheduled
A004196,D00117,R005,Demo,2024-11-27,60,Negative,Decision deferred
A004197,D00798,R002,Email,2023-06-12,120,Positive,Follow up scheduled
A004198,D01168,R002,Follow-up,2023-10-18,15,Positive,Stakeholder meeting set
A004199,D00551,R001,Follow-up,2024-10-11,30,Positive,Sent pricing deck
A004200,D00929,R004,Demo,2023-05-19,15,Negative,
A004201,D00753,R002,Email,2023-04-18,30,Positive,Follow up scheduled
A004202,D00422,R005,Follow-up,2024-02-10,60,Positive,Awaiting legal review
A004203,D00646,R004,Demo,2024-12-31,45,Neutral,Stakeholder meeting set
A004204,D00558,R005,Follow-up,2024-02-16,120,Positive,Decision deferred
A004205,D00050,R001,Follow-up,2023-04-15,15,Neutral,Awaiting legal review
A004206,D00678,R005,Demo,2024-01-29,30,Positive,Decision deferred
A004207,D00106,R001,Follow-up,2024-11-30,60,No Response,
A004208,D00658,R005,Follow-up,2024-12-27,15,Positive,Sent pricing deck
A004209,D01096,R001,Proposal Sent,2024-11-21,15,No Response,
A004210,D00988,R004,Call,2023-07-29,15,Positive,
A004211,D00842,R004,Proposal Sent,2023-11-11,120,Neutral,Budget approved
A004212,D00446,R003,Demo,2024-08-22,45,Positive,Sent pricing deck
A004213,D00070,R003,Email,2024-10-10,15,Neutral,Stakeholder meeting set
A004214,D00150,R004,Demo,2024-05-05,60,Positive,Decision deferred
A004215,D00774,R002,Demo,2024-08-17,15,Neutral,
A004216,D01123,R001,Demo,2024-11-22,45,Positive,Champion confirmed
A004217,D00944,R003,Follow-up,2024-12-12,90,Neutral,Awaiting legal review
A004218,D00455,R002,Call,2024-05-31,45,Neutral,Decision deferred
A004219,D01128,R003,Meeting,2023-09-16,30,Positive,Follow up scheduled
A004220,D00946,R003,Meeting,2024-04-02,120,Positive,Stakeholder meeting set
A004221,D00601,R004,Demo,2024-12-03,15,Neutral,
A004222,D00653,R004,Demo,2024-04-21,15,No Response,Champion confirmed
A004223,D00725,R005,Proposal Sent,2024-02-12,45,Neutral,Champion confirmed
A004224,D00233,R001,Call,2023-09-24,60,Negative,Budget approved
A004225,D00251,R002,Demo,2024-07-29,45,Neutral,Follow up scheduled
A004226,D00079,R002,Email,2023-12-12,90,No Response,Awaiting legal review
A004227,D01076,R005,Call,2023-07-24,15,Positive,Budget approved
A004228,D00898,R005,Email,2023-04-19,60,Positive,Awaiting legal review
A004229,D00921,R002,Demo,2023-10-21,30,No Response,Awaiting legal review
A004230,D00781,R003,Demo,2023-06-16,30,Positive,Decision deferred
A004231,D00226,R005,Follow-up,2023-05-19,45,No Response,
A004232,D01075,R002,Follow-up,2024-10-20,120,Neutral,Follow up scheduled
A004233,D01058,R004,Demo,2024-02-05,90,Neutral,Decision deferred
A004234,D00803,R004,Follow-up,2024-11-13,60,Positive,Budget approved
A004235,D00742,R004,Proposal Sent,2023-07-13,90,No Response,Budget approved
A004236,D00131,R005,Meeting,2024-09-22,45,Neutral,Sent pricing deck
A004237,D01023,R004,Call,2024-10-19,60,Neutral,
A004238,D00632,R002,Proposal Sent,2023-05-10,30,Positive,Follow up scheduled
A004239,D00838,R004,Email,2023-07-13,45,Neutral,Follow up scheduled
A004240,D00759,R002,Follow-up,2024-08-13,90,Positive,Sent pricing deck
A004241,D00704,R001,Email,2023-03-12,30,Positive,Follow up scheduled
A004242,D00497,R001,Email,2023-06-16,90,Negative,Sent pricing deck
A004243,D00323,R004,Follow-up,2024-03-05,15,Positive,Champion confirmed
A004244,D00615,R005,Follow-up,2023-06-23,90,Negative,Awaiting legal review
A004245,D00329,R002,Proposal Sent,2023-09-22,90,Positive,Decision deferred
A004246,D00133,R001,Call,2023-06-20,15,Positive,Awaiting legal review
A004247,D00835,R003,Demo,2023-04-18,60,Positive,Decision deferred
A004248,D00651,R002,Email,2023-09-10,30,No Response,Budget approved
A004249,D00121,R002,Meeting,2024-07-29,60,Negative,Budget approved
A004250,D00606,R003,Proposal Sent,2023-10-10,15,Positive,Stakeholder meeting set
A004251,D00965,R001,Proposal Sent,2023-06-28,30,Positive,Decision deferred
A004252,D00129,R005,Meeting,2023-08-18,45,Neutral,Budget approved
A004253,D01115,R003,Follow-up,2024-08-21,120,Positive,Sent pricing deck
A004254,D00029,R004,Call,2023-04-29,60,Positive,Decision deferred
A004255,D00722,R003,Call,2023-03-02,30,Positive,Budget approved
A004256,D00333,R004,Meeting,2024-06-24,45,Neutral,Stakeholder meeting set
A004257,D01154,R004,Follow-up,2024-03-27,15,Negative,Awaiting legal review
A004258,D01197,R001,Meeting,2023-06-04,90,Neutral,Champion confirmed
A004259,D00944,R003,Demo,2024-12-02,90,Neutral,Follow up scheduled
A004260,D01048,R001,Call,2024-01-15,90,Neutral,Awaiting legal review
A004261,D01123,R001,Follow-up,2024-09-07,15,Positive,Stakeholder meeting set
A004262,D00356,R002,Proposal Sent,2024-06-21,60,Positive,Stakeholder meeting set
A004263,D00139,R001,Call,2024-11-28,30,Negative,Follow up scheduled
A004264,D01198,R002,Call,2024-01-12,45,No Response,
A004265,D00029,R004,Demo,2023-03-01,15,No Response,Awaiting legal review
A004266,D00931,R004,Call,2023-06-19,120,No Response,Stakeholder meeting set
A004267,D00496,R001,Demo,2023-08-11,60,Positive,Awaiting legal review
A004268,D01014,R004,Proposal Sent,2023-02-25,120,Positive,Stakeholder meeting set
A004269,D00655,R003,Proposal Sent,2023-10-30,30,Neutral,Budget approved
A004270,D00828,R002,Email,2023-05-29,90,Positive,Budget approved
A004271,D00351,R001,Demo,2024-08-16,30,Neutral,
A004272,D00554,R004,Proposal Sent,2023-03-29,45,Neutral,Sent pricing deck
A004273,D00299,R002,Call,2024-09-27,15,Neutral,Awaiting legal review
A004274,D00064,R001,Meeting,2024-12-27,90,Positive,Stakeholder meeting set
A004275,D00755,R002,Call,2024-12-31,60,Neutral,Decision deferred
A004276,D00770,R001,Call,2024-11-28,60,Neutral,Sent pricing deck
A004277,D00834,R002,Call,2024-04-10,60,Positive,Budget approved
A004278,D00166,R001,Proposal Sent,2024-11-05,30,Neutral,Stakeholder meeting set
A004279,D00506,R002,Follow-up,2024-12-04,60,Negative,Follow up scheduled
A004280,D00793,R005,Call,2024-12-09,90,Positive,
A004281,D00833,R005,Email,2024-11-11,120,No Response,Awaiting legal review
A004282,D00858,R002,Proposal Sent,2024-09-13,45,Positive,Follow up scheduled
A004283,D00806,R001,Follow-up,2024-01-02,60,Neutral,Budget approved
A004284,D01173,R005,Meeting,2023-11-14,30,Negative,Champion confirmed
A004285,D00761,R004,Email,2024-08-27,120,Positive,Champion confirmed
A004286,D00833,R005,Email,2024-11-27,15,Negative,Decision deferred
A004287,D00283,R001,Follow-up,2024-12-12,120,Positive,Awaiting legal review
A004288,D00379,R002,Follow-up,2023-11-11,120,Neutral,
A004289,D00198,R004,Proposal Sent,2024-07-05,120,Positive,Awaiting legal review
A004290,D01015,R001,Follow-up,2024-09-03,60,No Response,Budget approved
A004291,D01024,R005,Meeting,2024-07-05,120,Neutral,Follow up scheduled
A004292,D00556,R003,Email,2024-09-30,15,Neutral,Follow up scheduled
A004293,D00356,R002,Email,2024-07-23,90,Positive,Budget approved
A004294,D01041,R003,Follow-up,2023-06-24,60,Negative,Decision deferred
A004295,D00639,R005,Email,2023-06-09,15,Neutral,
A004296,D00379,R002,Follow-up,2023-09-25,60,Negative,Stakeholder meeting set
A004297,D00680,R005,Call,2024-12-31,30,No Response,Budget approved
A004298,D00506,R002,Call,2024-11-22,45,Positive,Champion confirmed
A004299,D00899,R001,Proposal Sent,2023-11-25,30,Positive,Decision deferred
A004300,D00076,R002,Meeting,2024-12-10,60,Neutral,Decision deferred
A004301,D00231,R004,Meeting,2024-12-09,45,Positive,Stakeholder meeting set
A004302,D00962,R001,Call,2023-07-07,15,Neutral,Stakeholder meeting set
A004303,D00302,R005,Email,2024-08-31,15,No Response,Budget approved
A004304,D00726,R001,Demo,2024-06-04,60,No Response,Champion confirmed
A004305,D00215,R004,Meeting,2023-07-06,30,Neutral,Awaiting legal review
A004306,D01182,R002,Proposal Sent,2024-12-14,60,Neutral,Budget approved
A004307,D00069,R005,Email,2024-07-05,120,Negative,Budget approved
A004308,D00393,R004,Demo,2023-10-26,120,Neutral,Champion confirmed
A004309,D01109,R003,Follow-up,2023-06-11,90,Negative,Budget approved
A004310,D00267,R005,Meeting,2024-12-31,15,No Response,Champion confirmed
A004311,D01093,R003,Proposal Sent,2024-07-02,30,Neutral,Champion confirmed
A004312,D00611,R003,Follow-up,2024-10-05,120,Positive,Stakeholder meeting set
A004313,D01009,R005,Meeting,2023-12-15,15,No Response,
A004314,D00962,R001,Demo,2023-09-14,60,Negative,
A004315,D00728,R001,Meeting,2023-05-12,90,Neutral,Sent pricing deck
A004316,D00673,R001,Proposal Sent,2024-10-11,90,Negative,Champion confirmed
A004317,D00423,R005,Meeting,2024-11-11,120,No Response,Champion confirmed
A004318,D01198,R002,Proposal Sent,2024-03-03,45,Neutral,Budget approved
A004319,D00115,R001,Follow-up,2024-01-29,45,No Response,Decision deferred
A004320,D00220,R005,Email,2023-12-01,15,Negative,Stakeholder meeting set
A004321,D00031,R004,Meeting,2023-05-08,30,Positive,Stakeholder meeting set
A004322,D01154,R004,Email,2024-04-13,15,Neutral,
A004323,D00617,R004,Meeting,2023-10-24,60,Neutral,Decision deferred
A004324,D00539,R003,Follow-up,2024-09-30,30,Neutral,Awaiting legal review
A004325,D00739,R003,Demo,2023-12-10,45,Negative,
A004326,D01026,R001,Meeting,2023-05-15,90,Positive,
A004327,D00871,R001,Follow-up,2024-11-01,120,Positive,Decision deferred
A004328,D00101,R003,Email,2024-05-07,90,Negative,Sent pricing deck
A004329,D01082,R001,Email,2024-11-16,15,Negative,Decision deferred
A004330,D00692,R004,Meeting,2023-05-19,120,Neutral,Follow up scheduled
A004331,D00941,R001,Call,2024-07-09,45,Positive,
A004332,D00341,R005,Proposal Sent,2024-05-14,45,Positive,Follow up scheduled
A004333,D00861,R002,Follow-up,2024-12-14,60,Neutral,Follow up scheduled
A004334,D01044,R004,Proposal Sent,2024-07-03,15,Positive,Budget approved
A004335,D00038,R001,Demo,2024-08-21,90,Neutral,Decision deferred
A004336,D00660,R001,Call,2024-05-17,120,Positive,Budget approved
A004337,D00928,R001,Follow-up,2024-08-22,120,Neutral,Awaiting legal review
A004338,D01050,R002,Demo,2023-10-27,120,Neutral,Budget approved
A004339,D00454,R005,Call,2024-12-01,15,No Response,Stakeholder meeting set
A004340,D00737,R001,Meeting,2024-12-16,15,Neutral,Decision deferred
A004341,D00819,R001,Email,2024-12-19,30,Neutral,Budget approved
A004342,D00773,R001,Call,2023-10-03,45,Positive,Awaiting legal review
A004343,D00013,R005,Demo,2023-07-28,120,Neutral,
A004344,D00915,R003,Meeting,2023-08-15,30,Positive,Decision deferred
A004345,D00921,R002,Demo,2023-11-30,90,No Response,Stakeholder meeting set
A004346,D00825,R002,Call,2023-03-15,120,Positive,Budget approved
A004347,D00371,R001,Follow-up,2024-07-08,90,Neutral,Sent pricing deck
A004348,D00332,R001,Email,2024-02-12,60,No Response,Sent pricing deck
A004349,D00261,R001,Follow-up,2023-09-21,120,Positive,Follow up scheduled
A004350,D00697,R002,Meeting,2023-05-25,15,No Response,Follow up scheduled
A004351,D00687,R002,Demo,2024-12-29,60,Positive,Awaiting legal review
A004352,D00950,R002,Meeting,2024-04-28,120,Positive,Decision deferred
A004353,D00387,R001,Follow-up,2024-06-26,15,Neutral,Decision deferred
A004354,D00821,R003,Call,2024-03-29,45,Positive,Champion confirmed
A004355,D00468,R004,Follow-up,2023-08-12,15,Positive,Stakeholder meeting set
A004356,D00069,R005,Call,2024-09-17,60,No Response,Stakeholder meeting set
A004357,D01128,R003,Call,2023-08-27,45,Positive,
A004358,D01185,R003,Meeting,2024-12-01,30,Positive,Follow up scheduled
A004359,D00200,R001,Proposal Sent,2023-10-20,15,Negative,
A004360,D00216,R001,Proposal Sent,2024-09-16,120,Positive,Budget approved
A004361,D00212,R001,Meeting,2023-12-07,60,Positive,Awaiting legal review
A004362,D00508,R004,Follow-up,2024-04-07,15,Positive,Awaiting legal review
A004363,D00016,R003,Demo,2023-06-01,90,Neutral,Champion confirmed
A004364,D00884,R005,Meeting,2024-12-20,120,No Response,Sent pricing deck
A004365,D00332,R001,Proposal Sent,2024-04-18,60,Positive,
A004366,D00717,R005,Meeting,2024-03-15,120,Positive,Champion confirmed
A004367,D00551,R001,Email,2024-12-20,90,Positive,Stakeholder meeting set
A004368,D00942,R004,Meeting,2023-11-07,30,No Response,Follow up scheduled
A004369,D00256,R001,Meeting,2024-07-24,30,Positive,Sent pricing deck
A004370,D00992,R001,Email,2024-10-04,45,Neutral,Awaiting legal review
A004371,D00728,R001,Email,2023-03-24,60,Neutral,Follow up scheduled
A004372,D00880,R005,Proposal Sent,2024-12-04,15,Positive,Stakeholder meeting set
A004373,D00815,R003,Call,2024-10-21,120,Negative,Champion confirmed
A004374,D01196,R002,Meeting,2023-08-13,45,No Response,
A004375,D00649,R004,Follow-up,2023-05-29,30,Negative,Stakeholder meeting set
A004376,D01000,R005,Follow-up,2024-04-12,90,Positive,
A004377,D00471,R002,Follow-up,2024-04-26,15,Positive,Budget approved
A004378,D00690,R001,Proposal Sent,2023-06-07,90,Negative,Follow up scheduled
A004379,D00700,R002,Email,2024-10-03,30,Neutral,Awaiting legal review
A004380,D00507,R004,Proposal Sent,2023-04-05,15,Positive,Decision deferred
A004381,D00992,R001,Meeting,2024-10-08,15,Positive,Decision deferred
A004382,D01010,R005,Call,2024-12-19,30,Negative,Sent pricing deck
A004383,D00804,R002,Call,2023-04-18,60,Neutral,Champion confirmed
A004384,D00831,R005,Demo,2024-02-25,60,Positive,Sent pricing deck
A004385,D00214,R005,Meeting,2024-11-19,90,Negative,Budget approved
A004386,D00169,R004,Demo,2024-11-09,60,Neutral,Decision deferred
A004387,D00978,R004,Proposal Sent,2023-04-26,15,Neutral,Decision deferred
A004388,D00146,R005,Follow-up,2024-04-05,120,Positive,Stakeholder meeting set
A004389,D00516,R001,Email,2024-11-13,60,Neutral,Stakeholder meeting set
A004390,D01114,R001,Proposal Sent,2024-07-16,90,Positive,Champion confirmed
A004391,D00453,R001,Demo,2024-01-14,45,No Response,Stakeholder meeting set
A004392,D00060,R004,Meeting,2023-04-25,120,Positive,Awaiting legal review
A004393,D00528,R002,Email,2024-03-10,120,Positive,Decision deferred
A004394,D01024,R005,Follow-up,2024-07-15,30,Neutral,Champion confirmed
A004395,D00474,R005,Call,2023-11-07,45,No Response,
A004396,D00757,R003,Proposal Sent,2024-08-27,60,Positive,Champion confirmed
A004397,D00782,R002,Proposal Sent,2023-06-15,120,Neutral,
A004398,D01103,R002,Call,2023-05-09,60,Neutral,Budget approved
A004399,D00433,R002,Follow-up,2023-06-06,60,Positive,Budget approved
A004400,D01177,R003,Demo,2024-12-24,45,Positive,Decision deferred
A004401,D00401,R004,Proposal Sent,2023-08-10,30,Positive,Follow up scheduled
A004402,D00057,R005,Email,2023-07-10,90,No Response,Follow up scheduled
A004403,D01003,R001,Proposal Sent,2024-06-06,15,No Response,
A004404,D00186,R005,Meeting,2023-12-01,120,Positive,Stakeholder meeting set
A004405,D00398,R002,Email,2023-04-22,120,Neutral,Sent pricing deck
A004406,D00605,R002,Email,2024-08-24,45,Neutral,Sent pricing deck
A004407,D00788,R003,Proposal Sent,2023-01-09,120,Neutral,Awaiting legal review
A004408,D00158,R005,Proposal Sent,2024-08-23,60,Negative,Budget approved
A004409,D00589,R004,Meeting,2024-11-04,60,Positive,Champion confirmed
A004410,D00466,R003,Proposal Sent,2023-07-22,120,Neutral,Awaiting legal review
A004411,D00446,R003,Call,2024-08-25,60,Negative,Budget approved
A004412,D00801,R004,Demo,2024-10-11,30,No Response,Champion confirmed
A004413,D01097,R002,Meeting,2024-05-20,60,Positive,Awaiting legal review
A004414,D00929,R004,Call,2023-05-18,60,Neutral,Decision deferred
A004415,D00017,R005,Follow-up,2024-12-06,60,No Response,Decision deferred
A004416,D00731,R003,Email,2023-05-10,90,No Response,Stakeholder meeting set
A004417,D00326,R003,Call,2024-09-10,30,Neutral,Champion confirmed
A004418,D00995,R001,Follow-up,2024-12-05,60,Positive,Stakeholder meeting set
A004419,D00613,R005,Demo,2024-10-22,30,Positive,Budget approved
A004420,D00546,R002,Demo,2023-11-28,120,Positive,
A004421,D00596,R001,Meeting,2023-09-06,15,Neutral,Awaiting legal review
A004422,D00921,R002,Proposal Sent,2023-11-01,15,Positive,
A004423,D00842,R004,Call,2023-09-20,60,Positive,Stakeholder meeting set
A004424,D00344,R001,Email,2024-11-25,90,Neutral,
A004425,D00859,R001,Demo,2024-08-07,60,No Response,Champion confirmed
A004426,D00445,R002,Meeting,2024-07-07,45,Positive,
A004427,D00222,R004,Proposal Sent,2023-10-07,90,Positive,
A004428,D00592,R001,Demo,2024-03-14,90,Negative,Stakeholder meeting set
A004429,D01031,R002,Follow-up,2023-08-31,45,Neutral,Champion confirmed
A004430,D01018,R005,Follow-up,2024-09-15,90,Neutral,Budget approved
A004431,D00016,R003,Follow-up,2023-06-23,90,No Response,Sent pricing deck
A004432,D00524,R001,Call,2024-12-14,90,Positive,Stakeholder meeting set
A004433,D00803,R004,Demo,2024-10-31,60,Neutral,Budget approved
A004434,D00021,R005,Meeting,2024-11-26,120,Positive,Decision deferred
A004435,D00228,R001,Proposal Sent,2024-09-08,45,Neutral,
A004436,D01008,R004,Meeting,2023-11-26,15,Negative,Sent pricing deck
A004437,D00809,R005,Proposal Sent,2023-08-28,90,Negative,
A004438,D01158,R005,Demo,2023-09-06,60,Neutral,Champion confirmed
A004439,D00404,R002,Follow-up,2024-04-01,30,Negative,Follow up scheduled
A004440,D01090,R002,Email,2024-12-27,15,Positive,Follow up scheduled
A004441,D00437,R005,Demo,2023-05-20,45,Negative,
A004442,D00829,R002,Meeting,2024-07-13,45,Neutral,Budget approved
A004443,D00934,R002,Demo,2023-09-15,120,Neutral,Champion confirmed
A004444,D00259,R003,Demo,2024-02-05,30,Positive,Decision deferred
A004445,D00103,R002,Follow-up,2023-07-22,120,No Response,Sent pricing deck
A004446,D00993,R001,Call,2024-03-08,90,Positive,Follow up scheduled
A004447,D00769,R001,Meeting,2023-06-16,45,Positive,Stakeholder meeting set
A004448,D01125,R001,Follow-up,2024-11-04,45,Neutral,
A004449,D00813,R001,Proposal Sent,2024-12-18,120,Neutral,Awaiting legal review
A004450,D00226,R005,Call,2023-08-14,90,Positive,Sent pricing deck
A004451,D00943,R003,Meeting,2024-01-08,15,Neutral,
A004452,D00463,R005,Follow-up,2024-12-29,60,Neutral,Decision deferred
A004453,D00237,R002,Follow-up,2024-12-29,60,No Response,
A004454,D01050,R002,Meeting,2023-12-21,30,Positive,
A004455,D01145,R001,Call,2023-07-23,90,Neutral,Champion confirmed
A004456,D00506,R002,Meeting,2024-12-10,60,Positive,
A004457,D00814,R004,Proposal Sent,2024-09-19,60,Neutral,Stakeholder meeting set
A004458,D00767,R002,Demo,2023-09-15,15,Negative,Follow up scheduled
A004459,D00634,R003,Follow-up,2023-04-10,45,Positive,Stakeholder meeting set
A004460,D00991,R002,Email,2024-03-17,60,Negative,Awaiting legal review
A004461,D00618,R002,Proposal Sent,2023-03-16,120,No Response,Follow up scheduled
A004462,D00273,R005,Email,2023-07-22,15,No Response,Champion confirmed
A004463,D00232,R002,Call,2024-12-27,120,No Response,Awaiting legal review
A004464,D00768,R003,Call,2024-11-23,60,Neutral,Stakeholder meeting set
A004465,D00496,R001,Meeting,2023-06-05,30,Positive,Budget approved
A004466,D01048,R001,Email,2024-03-02,120,Positive,
A004467,D01133,R002,Email,2024-02-20,60,Neutral,Champion confirmed
A004468,D00502,R005,Call,2024-12-28,45,Negative,Stakeholder meeting set
A004469,D00025,R002,Email,2023-03-12,120,No Response,
A004470,D00288,R002,Email,2023-09-22,90,Neutral,Budget approved
A004471,D00338,R001,Meeting,2024-03-16,45,Negative,Champion confirmed
A004472,D01061,R001,Proposal Sent,2024-12-13,15,Positive,Awaiting legal review
A004473,D00137,R002,Proposal Sent,2023-02-13,120,Neutral,Awaiting legal review
A004474,D00508,R004,Call,2024-03-09,90,No Response,Follow up scheduled
A004475,D00227,R002,Meeting,2023-05-26,120,Neutral,Follow up scheduled
A004476,D00320,R005,Email,2024-04-05,30,No Response,Awaiting legal review
A004477,D00916,R002,Meeting,2023-03-28,60,Positive,Decision deferred
A004478,D00086,R005,Email,2023-12-08,45,Positive,Champion confirmed
A004479,D00926,R002,Meeting,2024-01-05,15,Negative,Decision deferred
A004480,D00053,R003,Proposal Sent,2023-07-17,45,Positive,Decision deferred
A004481,D00860,R002,Demo,2024-11-20,120,Neutral,Budget approved
A004482,D00867,R005,Call,2024-03-16,60,Positive,Champion confirmed
A004483,D00433,R002,Meeting,2023-02-18,120,Positive,Follow up scheduled
A004484,D00999,R002,Demo,2024-12-27,90,Positive,Awaiting legal review
A004485,D00100,R004,Demo,2023-06-12,120,No Response,Champion confirmed
A004486,D00990,R002,Meeting,2023-12-08,90,No Response,Awaiting legal review
A004487,D00599,R001,Call,2023-03-23,30,Neutral,Awaiting legal review
A004488,D00403,R004,Follow-up,2024-10-13,60,Positive,Awaiting legal review
A004489,D00396,R005,Meeting,2024-09-09,45,No Response,Stakeholder meeting set
A004490,D00415,R004,Demo,2023-08-18,60,Negative,Stakeholder meeting set
A004491,D00939,R002,Email,2024-10-11,15,Positive,
A004492,D00677,R005,Follow-up,2024-03-14,30,Positive,Follow up scheduled
A004493,D00463,R005,Email,2024-12-28,30,Positive,Sent pricing deck
A004494,D00541,R005,Follow-up,2023-11-04,90,No Response,Stakeholder meeting set
A004495,D01154,R004,Meeting,2024-03-31,30,Positive,
A004496,D00084,R004,Demo,2023-10-01,45,Negative,Decision deferred
A004497,D00271,R001,Proposal Sent,2023-07-25,15,Positive,Sent pricing deck
A004498,D00244,R005,Demo,2023-01-06,15,Positive,
A004499,D00388,R003,Demo,2023-07-18,90,Positive,Awaiting legal review
A004500,D00214,R005,Email,2024-11-28,90,Neutral,Awaiting legal review
A004501,D00818,R001,Follow-up,2023-08-02,15,Positive,Stakeholder meeting set
A004502,D01190,R004,Meeting,2024-11-27,60,Positive,Budget approved
A004503,D00059,R004,Follow-up,2024-10-04,45,Neutral,Stakeholder meeting set
A004504,D00883,R002,Email,2024-03-17,15,No Response,Budget approved
A004505,D00843,R002,Proposal Sent,2024-12-18,45,Positive,Decision deferred
A004506,D00924,R004,Follow-up,2023-03-27,60,Positive,Follow up scheduled
A004507,D00123,R004,Follow-up,2024-08-18,60,Positive,Budget approved
A004508,D01163,R002,Call,2023-04-04,45,Neutral,Stakeholder meeting set
A004509,D00439,R001,Follow-up,2024-01-20,120,Negative,Follow up scheduled
A004510,D01022,R003,Follow-up,2024-05-28,30,Negative,Awaiting legal review
A004511,D00562,R005,Proposal Sent,2023-10-31,30,Neutral,
A004512,D00118,R005,Call,2024-06-12,45,Positive,Sent pricing deck
A004513,D00905,R002,Email,2023-09-15,90,Negative,Champion confirmed
A004514,D00395,R003,Email,2023-10-06,45,No Response,Decision deferred
A004515,D00876,R001,Demo,2024-04-07,120,Neutral,Awaiting legal review
A004516,D00935,R001,Follow-up,2023-08-30,30,Neutral,Follow up scheduled
A004517,D01102,R001,Email,2023-05-17,120,Positive,Stakeholder meeting set
A004518,D00952,R003,Proposal Sent,2023-07-21,120,Neutral,Budget approved
A004519,D00075,R003,Proposal Sent,2024-12-24,120,Neutral,Decision deferred
A004520,D00295,R004,Demo,2024-12-24,15,Positive,Awaiting legal review
A004521,D00021,R005,Follow-up,2024-11-18,60,Positive,
A004522,D01195,R002,Email,2023-10-18,60,Negative,Sent pricing deck
A004523,D01039,R005,Meeting,2024-01-01,60,No Response,Sent pricing deck
A004524,D00560,R001,Email,2023-08-01,30,No Response,Budget approved
A004525,D01110,R005,Proposal Sent,2024-05-27,15,Neutral,Sent pricing deck
A004526,D01173,R005,Email,2023-11-26,15,Positive,Stakeholder meeting set
A004527,D00372,R005,Meeting,2024-05-01,60,No Response,Stakeholder meeting set
A004528,D00818,R001,Call,2023-06-21,15,Positive,Stakeholder meeting set
A004529,D01175,R001,Meeting,2024-11-23,15,Positive,Awaiting legal review
A004530,D01165,R004,Proposal Sent,2024-06-23,60,Positive,Decision deferred
A004531,D01093,R003,Proposal Sent,2024-07-15,45,No Response,Budget approved
A004532,D00846,R003,Demo,2024-04-21,45,Positive,Follow up scheduled
A004533,D00521,R005,Proposal Sent,2023-07-25,120,Neutral,
A004534,D00371,R001,Meeting,2024-04-24,30,Neutral,Sent pricing deck
A004535,D00101,R003,Demo,2024-08-10,60,Positive,Awaiting legal review
A004536,D00661,R003,Demo,2023-12-08,30,Positive,Sent pricing deck
A004537,D00968,R005,Demo,2024-06-08,60,Positive,Awaiting legal review
A004538,D00243,R005,Email,2024-11-01,45,Positive,Sent pricing deck
A004539,D00753,R002,Call,2023-05-07,60,Positive,Stakeholder meeting set
A004540,D00512,R005,Follow-up,2023-05-30,90,Negative,Decision deferred
A004541,D00849,R004,Meeting,2024-12-20,120,Neutral,Stakeholder meeting set
A004542,D00555,R005,Email,2023-03-05,120,Neutral,Sent pricing deck
A004543,D01119,R002,Call,2024-04-08,120,Negative,Follow up scheduled
A004544,D00226,R005,Proposal Sent,2023-06-04,90,Neutral,Awaiting legal review
A004545,D00214,R005,Email,2024-11-12,90,Positive,Champion confirmed
A004546,D00718,R003,Call,2024-12-29,90,Positive,Stakeholder meeting set
A004547,D00067,R005,Demo,2024-12-17,30,Negative,Awaiting legal review
A004548,D00396,R005,Follow-up,2024-07-11,60,Positive,Sent pricing deck
A004549,D00612,R001,Meeting,2023-05-14,45,Negative,Budget approved
A004550,D01036,R002,Call,2024-12-19,60,Neutral,Champion confirmed
A004551,D00770,R001,Call,2024-12-12,45,Positive,Stakeholder meeting set
A004552,D00407,R003,Meeting,2024-07-16,15,Neutral,Decision deferred
A004553,D00925,R001,Meeting,2023-07-17,120,Positive,Sent pricing deck
A004554,D00647,R005,Proposal Sent,2024-11-21,45,No Response,Stakeholder meeting set
A004555,D00222,R004,Email,2023-08-30,15,Neutral,Stakeholder meeting set
A004556,D01180,R004,Call,2023-07-05,120,Positive,Decision deferred
A004557,D00654,R005,Demo,2024-12-23,15,Positive,Follow up scheduled
A004558,D00428,R003,Demo,2023-06-19,120,No Response,Decision deferred
A004559,D01182,R002,Email,2024-12-13,60,Positive,Sent pricing deck
A004560,D00977,R002,Meeting,2023-05-13,30,Positive,Follow up scheduled
A004561,D01006,R001,Follow-up,2024-10-25,30,Neutral,Champion confirmed
A004562,D00371,R001,Proposal Sent,2024-06-10,15,Negative,Champion confirmed
A004563,D00850,R003,Meeting,2023-09-11,60,Positive,Champion confirmed
A004564,D00856,R003,Call,2023-04-15,60,Positive,
A004565,D00229,R001,Follow-up,2024-06-24,60,Neutral,Awaiting legal review
A004566,D00280,R003,Proposal Sent,2024-08-06,45,No Response,Sent pricing deck
A004567,D01071,R001,Follow-up,2023-08-03,45,Negative,
A004568,D00975,R004,Follow-up,2023-08-27,60,Negative,Decision deferred
A004569,D00758,R003,Demo,2024-10-14,45,Neutral,Champion confirmed
A004570,D01048,R001,Email,2024-03-17,30,Neutral,Stakeholder meeting set
A004571,D00321,R002,Meeting,2023-10-22,30,No Response,Awaiting legal review
A004572,D00274,R002,Proposal Sent,2023-04-17,45,Negative,Follow up scheduled
A004573,D00556,R003,Follow-up,2024-10-25,45,Positive,Awaiting legal review
A004574,D00844,R001,Follow-up,2024-11-09,90,Positive,Decision deferred
A004575,D00668,R003,Call,2024-07-25,15,Positive,Champion confirmed
A004576,D01000,R005,Email,2024-05-19,60,Neutral,Follow up scheduled
A004577,D00380,R002,Call,2023-09-08,45,Positive,Champion confirmed
A004578,D00711,R002,Follow-up,2024-09-15,90,Positive,Champion confirmed
A004579,D00746,R002,Follow-up,2023-01-19,45,Negative,Sent pricing deck
A004580,D00675,R003,Email,2024-06-14,15,Positive,Budget approved
A004581,D00116,R005,Email,2024-04-27,30,Positive,Decision deferred
A004582,D00605,R002,Email,2024-08-09,15,No Response,Champion confirmed
A004583,D01066,R005,Proposal Sent,2024-01-04,120,Negative,Stakeholder meeting set
A004584,D00379,R002,Email,2023-08-20,15,Positive,Champion confirmed
A004585,D00466,R003,Meeting,2023-08-06,90,No Response,Stakeholder meeting set
A004586,D00280,R003,Call,2024-06-17,45,Negative,Stakeholder meeting set
A004587,D00618,R002,Email,2023-05-09,15,Neutral,Awaiting legal review
A004588,D00118,R005,Proposal Sent,2024-05-27,60,Negative,Champion confirmed
A004589,D00309,R003,Meeting,2024-09-08,45,Positive,Awaiting legal review
A004590,D00100,R004,Call,2023-04-06,60,No Response,Decision deferred
A004591,D00261,R001,Call,2023-10-14,45,No Response,
A004592,D00993,R001,Follow-up,2024-04-30,90,Positive,Stakeholder meeting set
A004593,D00286,R003,Follow-up,2023-11-09,90,No Response,Decision deferred
A004594,D00328,R004,Meeting,2024-04-07,120,Positive,Champion confirmed
A004595,D01127,R005,Email,2024-04-04,60,Positive,Follow up scheduled
A004596,D00063,R003,Demo,2024-07-30,15,Positive,
A004597,D00687,R002,Proposal Sent,2024-12-31,60,No Response,Follow up scheduled
A004598,D00738,R002,Call,2024-12-04,120,Neutral,Sent pricing deck
A004599,D01031,R002,Proposal Sent,2023-05-12,90,Neutral,Stakeholder meeting set
A004600,D00639,R005,Meeting,2023-05-13,90,Positive,Stakeholder meeting set
A004601,D00936,R005,Proposal Sent,2024-04-19,30,Neutral,Sent pricing deck
A004602,D01116,R004,Meeting,2024-07-11,90,No Response,Decision deferred
A004603,D00476,R005,Demo,2023-12-21,15,Neutral,Champion confirmed
A004604,D00053,R003,Call,2023-07-16,15,Neutral,
A004605,D00754,R002,Demo,2023-01-12,30,Neutral,Champion confirmed
A004606,D00486,R001,Email,2023-05-01,90,No Response,Decision deferred
A004607,D01136,R005,Email,2023-01-16,45,Negative,Awaiting legal review
A004608,D00409,R004,Meeting,2024-10-25,15,Neutral,Decision deferred
A004609,D01031,R002,Demo,2023-07-30,60,Positive,Stakeholder meeting set
A004610,D00668,R003,Follow-up,2024-11-12,60,Neutral,Decision deferred
A004611,D00835,R003,Call,2023-02-13,30,Neutral,Sent pricing deck
A004612,D00876,R001,Demo,2024-06-26,30,Positive,Champion confirmed
A004613,D00367,R004,Call,2024-09-28,90,Neutral,Decision deferred
A004614,D01002,R005,Demo,2023-09-22,45,Positive,Budget approved
A004615,D00250,R001,Follow-up,2023-06-30,120,Positive,Budget approved
A004616,D00380,R002,Demo,2023-09-27,45,Positive,Sent pricing deck
A004617,D00872,R004,Proposal Sent,2023-12-09,60,Negative,Stakeholder meeting set
A004618,D00835,R003,Demo,2023-04-22,60,Neutral,Follow up scheduled
A004619,D00775,R004,Follow-up,2023-09-19,90,Positive,Budget approved
A004620,D00919,R004,Meeting,2024-07-17,30,Positive,Champion confirmed
A004621,D00455,R002,Demo,2024-05-09,45,No Response,Stakeholder meeting set
A004622,D00366,R002,Email,2024-07-25,45,Negative,Stakeholder meeting set
A004623,D00403,R004,Call,2024-11-08,90,Neutral,Follow up scheduled
A004624,D00058,R001,Follow-up,2024-05-05,60,Negative,Follow up scheduled
A004625,D00521,R005,Proposal Sent,2023-07-23,15,Negative,Sent pricing deck
A004626,D01139,R004,Call,2024-07-17,15,Neutral,Sent pricing deck
A004627,D00210,R002,Call,2024-09-30,45,No Response,Follow up scheduled
A004628,D01065,R002,Call,2024-12-03,30,Positive,Stakeholder meeting set
A004629,D00816,R003,Meeting,2024-12-17,90,Neutral,Follow up scheduled
A004630,D00173,R003,Email,2023-08-10,15,Positive,Follow up scheduled
A004631,D00234,R001,Proposal Sent,2024-04-25,120,Positive,Champion confirmed
A004632,D00793,R005,Call,2024-12-14,15,Negative,Awaiting legal review
A004633,D00793,R005,Call,2024-12-09,60,Positive,Champion confirmed
A004634,D01063,R001,Meeting,2024-07-07,120,Positive,Awaiting legal review
A004635,D00119,R003,Call,2023-12-23,30,Positive,Sent pricing deck
A004636,D00335,R001,Email,2024-07-23,90,No Response,Champion confirmed
A004637,D01098,R004,Email,2024-03-08,15,Neutral,
A004638,D00324,R005,Proposal Sent,2023-05-18,90,Positive,
A004639,D01011,R005,Follow-up,2023-08-15,45,Positive,Sent pricing deck
A004640,D01171,R005,Follow-up,2023-06-11,120,Neutral,Follow up scheduled
A004641,D00284,R003,Email,2023-05-09,90,No Response,Follow up scheduled
A004642,D00213,R005,Demo,2023-03-23,60,Negative,Champion confirmed
A004643,D00929,R004,Demo,2023-07-09,30,Negative,Champion confirmed
A004644,D00752,R002,Proposal Sent,2023-02-24,45,Positive,Awaiting legal review
A004645,D00339,R004,Demo,2024-04-09,30,Positive,Champion confirmed
A004646,D01046,R003,Email,2023-07-17,30,Negative,Awaiting legal review
A004647,D00105,R003,Email,2023-09-09,15,Positive,Stakeholder meeting set
A004648,D00770,R001,Email,2024-12-17,30,Positive,Decision deferred
A004649,D00716,R005,Demo,2023-05-09,60,Neutral,Budget approved
A004650,D00763,R005,Follow-up,2024-01-30,45,Neutral,Stakeholder meeting set
A004651,D00379,R002,Email,2023-09-25,60,Positive,Decision deferred
A004652,D00713,R001,Follow-up,2024-01-24,60,No Response,
A004653,D00225,R005,Follow-up,2023-10-11,45,Positive,Sent pricing deck
A004654,D00738,R002,Proposal Sent,2024-11-29,60,No Response,Sent pricing deck
A004655,D00236,R005,Follow-up,2023-04-28,90,No Response,Sent pricing deck
A004656,D00183,R004,Email,2023-11-02,45,No Response,Sent pricing deck
A004657,D00712,R003,Email,2024-12-23,45,Positive,Budget approved
A004658,D00444,R005,Call,2024-06-16,45,Negative,Budget approved
A004659,D00623,R003,Demo,2023-04-05,60,Neutral,Sent pricing deck
A004660,D01030,R004,Follow-up,2024-08-29,30,Neutral,
A004661,D01151,R001,Follow-up,2024-03-17,45,Positive,Follow up scheduled
A004662,D01128,R003,Meeting,2023-08-23,60,Neutral,Budget approved
A004663,D00749,R004,Demo,2024-04-02,120,Positive,Stakeholder meeting set
A004664,D00155,R003,Follow-up,2024-12-13,15,Positive,Follow up scheduled
A004665,D00257,R001,Email,2024-09-07,120,No Response,Sent pricing deck
A004666,D00235,R002,Meeting,2024-02-14,60,No Response,Sent pricing deck
A004667,D00500,R002,Email,2024-06-09,60,Positive,Follow up scheduled
A004668,D00289,R004,Email,2023-02-25,120,Positive,Champion confirmed
A004669,D00510,R001,Call,2023-08-01,15,Neutral,Sent pricing deck
A004670,D00709,R002,Call,2023-11-12,15,No Response,Stakeholder meeting set
A004671,D00785,R005,Proposal Sent,2024-04-08,60,Positive,Awaiting legal review
A004672,D00894,R004,Email,2023-03-19,15,Positive,Sent pricing deck
A004673,D00776,R002,Follow-up,2024-06-19,120,No Response,Budget approved
A004674,D00298,R005,Call,2024-10-12,60,Negative,
A004675,D00137,R002,Call,2023-03-12,45,Positive,Awaiting legal review
A004676,D00376,R005,Demo,2023-07-25,30,Positive,Decision deferred
A004677,D00087,R003,Follow-up,2023-09-21,120,No Response,Sent pricing deck
A004678,D00437,R005,Email,2023-07-26,45,No Response,
A004679,D00764,R002,Demo,2024-07-15,120,Positive,Awaiting legal review
A004680,D00702,R001,Demo,2024-03-17,90,Positive,Champion confirmed
A004681,D00942,R004,Email,2024-01-03,120,Neutral,Budget approved
A004682,D00152,R001,Follow-up,2023-04-30,15,Negative,Awaiting legal review
A004683,D01032,R003,Proposal Sent,2024-07-21,45,Neutral,Champion confirmed
A004684,D00807,R003,Proposal Sent,2024-10-17,45,Positive,Stakeholder meeting set
A004685,D00235,R002,Call,2024-01-04,30,Positive,Awaiting legal review
A004686,D00675,R003,Demo,2024-05-30,30,Positive,
A004687,D00561,R001,Meeting,2024-11-30,45,Positive,Champion confirmed
A004688,D00038,R001,Meeting,2024-06-14,45,Neutral,Stakeholder meeting set
A004689,D01160,R001,Meeting,2024-06-01,15,Negative,Budget approved
A004690,D00822,R001,Email,2024-11-05,120,No Response,
A004691,D00421,R005,Follow-up,2024-06-04,15,No Response,Budget approved
A004692,D00348,R003,Meeting,2024-10-09,120,No Response,Champion confirmed
A004693,D01103,R002,Email,2023-03-30,120,Positive,
A004694,D00748,R002,Proposal Sent,2023-07-28,120,Positive,
A004695,D00273,R005,Meeting,2023-07-03,90,Negative,Stakeholder meeting set
A004696,D01185,R003,Follow-up,2024-12-10,60,Positive,Champion confirmed
A004697,D00308,R001,Demo,2024-11-15,15,Neutral,Stakeholder meeting set
A004698,D00976,R005,Demo,2024-01-01,120,Positive,Budget approved
A004699,D00733,R005,Meeting,2024-04-19,30,Positive,Champion confirmed
A004700,D01033,R003,Follow-up,2024-08-24,120,No Response,
A004701,D00444,R005,Meeting,2024-07-03,90,Neutral,Sent pricing deck
A004702,D01137,R002,Meeting,2023-05-01,90,Negative,Decision deferred
A004703,D00405,R001,Demo,2023-09-27,30,Positive,
A004704,D00853,R002,Demo,2024-11-17,15,Positive,Follow up scheduled
A004705,D00778,R005,Proposal Sent,2023-07-12,30,Neutral,Sent pricing deck
A004706,D00115,R001,Follow-up,2024-02-15,15,Neutral,Awaiting legal review
A004707,D01145,R001,Proposal Sent,2023-08-05,120,Neutral,Follow up scheduled
A004708,D00065,R003,Proposal Sent,2024-07-23,45,Positive,Follow up scheduled
A004709,D00825,R002,Follow-up,2023-04-19,120,No Response,Follow up scheduled
A004710,D00239,R004,Demo,2024-04-14,60,No Response,Decision deferred
A004711,D00302,R005,Email,2024-10-11,90,Positive,Decision deferred
A004712,D00969,R004,Meeting,2024-12-03,90,Positive,Champion confirmed
A004713,D00369,R003,Proposal Sent,2023-05-01,90,Neutral,Decision deferred
A004714,D00233,R001,Email,2023-10-22,60,No Response,Sent pricing deck
A004715,D00195,R002,Proposal Sent,2024-07-23,45,No Response,Follow up scheduled
A004716,D00907,R001,Follow-up,2023-05-03,120,Negative,Awaiting legal review
A004717,D01036,R002,Follow-up,2024-12-21,60,Neutral,Follow up scheduled
A004718,D00921,R002,Proposal Sent,2023-12-16,120,Negative,Follow up scheduled
A004719,D00689,R005,Proposal Sent,2024-11-06,30,Positive,Sent pricing deck
A004720,D00177,R005,Follow-up,2023-08-09,15,Neutral,Stakeholder meeting set
A004721,D00217,R004,Call,2024-09-23,90,Positive,Decision deferred
A004722,D01035,R004,Call,2023-04-20,15,Positive,Awaiting legal review
A004723,D00630,R004,Meeting,2024-02-29,30,Positive,Champion confirmed
A004724,D00164,R002,Demo,2023-06-26,60,Positive,Decision deferred
A004725,D00053,R003,Meeting,2023-08-13,120,Positive,Budget approved
A004726,D00218,R002,Call,2023-04-05,45,Negative,
A004727,D00999,R002,Follow-up,2024-12-29,60,Positive,Champion confirmed
A004728,D00824,R001,Follow-up,2023-03-19,60,Positive,
A004729,D00385,R005,Demo,2024-02-18,30,No Response,Sent pricing deck
A004730,D00056,R004,Demo,2024-07-29,120,Positive,Budget approved
A004731,D00118,R005,Email,2024-06-18,60,Neutral,
A004732,D00900,R005,Email,2024-03-10,45,Neutral,
A004733,D00798,R002,Proposal Sent,2023-03-29,120,Neutral,Decision deferred
A004734,D00780,R002,Email,2023-06-15,120,Positive,Decision deferred
A004735,D01016,R001,Demo,2023-11-07,30,No Response,Follow up scheduled
A004736,D00803,R004,Proposal Sent,2024-12-19,45,Positive,
A004737,D00845,R005,Proposal Sent,2023-08-09,120,Neutral,Awaiting legal review
A004738,D00855,R002,Follow-up,2024-11-09,30,Neutral,
A004739,D00708,R005,Demo,2024-06-03,60,Positive,Sent pricing deck
A004740,D01104,R005,Follow-up,2023-06-08,15,Positive,Decision deferred
A004741,D00022,R004,Call,2023-05-10,45,Positive,Sent pricing deck
A004742,D00843,R002,Follow-up,2024-12-15,30,Positive,Follow up scheduled
A004743,D01117,R005,Demo,2023-03-14,30,Positive,Follow up scheduled
A004744,D00192,R001,Demo,2023-01-26,60,No Response,Budget approved
A004745,D01019,R004,Demo,2023-11-06,120,Negative,Sent pricing deck
A004746,D01127,R005,Call,2024-03-13,30,Negative,Decision deferred
A004747,D00396,R005,Call,2024-08-03,30,No Response,
A004748,D01031,R002,Call,2023-08-16,90,Negative,
A004749,D00640,R003,Follow-up,2023-09-11,90,Positive,Sent pricing deck
A004750,D01019,R004,Meeting,2023-10-01,15,No Response,Stakeholder meeting set
A004751,D00567,R005,Meeting,2024-10-04,90,Positive,Decision deferred
A004752,D00231,R004,Call,2024-11-17,15,Neutral,Decision deferred
A004753,D00874,R004,Meeting,2023-11-27,120,Positive,Follow up scheduled
A004754,D00574,R005,Proposal Sent,2024-10-28,30,Neutral,Stakeholder meeting set
A004755,D00240,R001,Proposal Sent,2023-10-15,30,Positive,
A004756,D00090,R002,Proposal Sent,2023-10-12,45,Positive,Champion confirmed
A004757,D00232,R002,Email,2024-12-16,30,Neutral,Budget approved
A004758,D00457,R005,Meeting,2024-12-31,120,Negative,Sent pricing deck
A004759,D00233,R001,Call,2023-09-28,30,Neutral,Budget approved
A004760,D00354,R005,Demo,2024-07-11,60,Positive,Stakeholder meeting set
A004761,D01005,R005,Demo,2023-12-18,15,Neutral,
A004762,D00439,R001,Email,2024-02-07,15,Positive,Champion confirmed
A004763,D00345,R001,Demo,2024-02-18,45,Neutral,Decision deferred
A004764,D00664,R003,Call,2024-02-20,45,Neutral,Sent pricing deck
A004765,D00657,R001,Email,2024-11-19,90,Positive,Decision deferred
A004766,D00130,R005,Follow-up,2024-06-27,120,Positive,Stakeholder meeting set
A004767,D00141,R005,Call,2023-06-16,120,No Response,Budget approved
A004768,D00415,R004,Meeting,2023-08-08,90,No Response,Decision deferred
A004769,D01117,R005,Proposal Sent,2023-02-25,60,Negative,Champion confirmed
A004770,D00626,R004,Email,2023-12-18,45,Neutral,Budget approved
A004771,D00284,R003,Demo,2023-03-12,30,Positive,Follow up scheduled
A004772,D00223,R004,Email,2024-10-11,60,Neutral,
A004773,D00744,R002,Follow-up,2023-11-19,120,Neutral,Champion confirmed
A004774,D00463,R005,Email,2024-12-27,15,Neutral,Sent pricing deck
A004775,D01164,R001,Meeting,2023-04-20,120,Positive,Sent pricing deck
A004776,D00357,R003,Demo,2024-12-08,120,Positive,Champion confirmed
A004777,D01047,R005,Call,2024-06-16,120,Positive,Champion confirmed
A004778,D00859,R001,Follow-up,2024-06-04,15,Positive,
A004779,D00665,R002,Email,2024-01-03,60,Positive,Champion confirmed
A004780,D01015,R001,Proposal Sent,2024-09-11,120,Neutral,Follow up scheduled
A004781,D00085,R005,Email,2023-12-03,90,Neutral,Follow up scheduled
A004782,D00621,R003,Email,2024-01-21,45,No Response,Stakeholder meeting set
A004783,D01055,R002,Call,2024-02-06,15,Neutral,Sent pricing deck
A004784,D00240,R001,Call,2023-11-21,45,Neutral,Budget approved
A004785,D00363,R002,Demo,2023-07-30,60,Neutral,
A004786,D00822,R001,Call,2024-11-23,45,No Response,Stakeholder meeting set
A004787,D00668,R003,Meeting,2024-07-28,45,Negative,Follow up scheduled
A004788,D00099,R005,Follow-up,2024-01-31,30,Positive,
A004789,D00047,R003,Follow-up,2024-12-30,15,Positive,
A004790,D00839,R005,Follow-up,2023-09-05,120,Positive,Stakeholder meeting set
A004791,D00422,R005,Proposal Sent,2023-12-29,120,No Response,Follow up scheduled
A004792,D00062,R005,Call,2024-09-21,45,Neutral,Stakeholder meeting set
A004793,D01133,R002,Proposal Sent,2024-02-06,15,Neutral,Awaiting legal review
A004794,D01143,R002,Follow-up,2023-10-27,45,Positive,Awaiting legal review
A004795,D01010,R005,Follow-up,2024-11-17,60,No Response,Sent pricing deck
A004796,D00598,R005,Follow-up,2024-01-07,60,Positive,Decision deferred
A004797,D00392,R002,Demo,2024-08-13,45,Positive,Stakeholder meeting set
A004798,D00977,R002,Email,2023-08-17,45,No Response,Stakeholder meeting set
A004799,D01076,R005,Meeting,2023-06-19,45,Positive,Decision deferred
A004800,D00603,R001,Email,2023-11-21,120,Positive,
